{"type":"FeatureCollection", "features": [
{"type":"Feature","geometry":{"type":"Polygon","coordinates":[[[179.9992,-16.1686],[180,-16.1529],[179.5518,-16.2499],[179.3592,-16.3799],[179.0914,-16.4375],[178.8657,-16.54],[178.8051,-16.6314],[178.5836,-16.6219],[178.4975,-16.7879],[178.6037,-16.8006],[178.7066,-16.9762],[178.8837,-16.886],[179.0068,-16.9002],[179.2023,-16.7127],[179.3233,-16.7181],[179.4193,-16.8065],[179.7147,-16.7436],[179.9279,-16.7444],[179.841,-16.5375],[179.5682,-16.7475],[179.6191,-16.5277],[179.7481,-16.4463],[179.8482,-16.3017],[179.9992,-16.1686]]]},"properties":{"scalerank":0,"featurecla":"Land","min_zoom":1.5}},
{"type":"Feature","geometry":{"type":"Polygon","coordinates":[[[177.2342,-17.1471],[177.2758,-17.1049],[177.2874,-17.0486],[177.2102,-17.0843],[177.2342,-17.1471]]]},"properties":{"scalerank":0,"featurecla":"Land","min_zoom":4}},
{"type":"Feature","geometry":{"type":"Polygon","coordinates":[[[127.3727,0.7913],[127.3198,0.862],[127.2864,0.8119],[127.3727,0.7913]]]},"properties":{"scalerank":0,"featurecla":"Land","min_zoom":4}},
{"type":"Feature","geometry":{"type":"Polygon","coordinates":[[[-81.3348,24.6505],[-81.3223,24.6851],[-81.4217,24.7326],[-81.3648,24.6299],[-81.3348,24.6505]]]},"properties":{"scalerank":0,"featurecla":"Land","min_zoom":3}},
{"type":"Feature","geometry":{"type":"Polygon","coordinates":[[[-80.8294,24.8037],[-80.7868,24.821],[-80.7994,24.8463],[-80.8389,24.8179],[-80.8294,24.8037]]]},"properties":{"scalerank":0,"featurecla":"Land","min_zoom":4}},
{"type":"Feature","geometry":{"type":"Polygon","coordinates":[[[-80.6383,24.9032],[-80.6146,24.9379],[-80.6257,24.9411],[-80.6651,24.8984],[-80.6383,24.9032]]]},"properties":{"scalerank":0,"featurecla":"Land","min_zoom":4}},
{"type":"Feature","geometry":{"type":"Polygon","coordinates":[[[143.1789,-11.9545],[142.9885,-11.919],[142.8726,-11.8214],[142.8368,-11.3069],[142.723,-11.0104],[142.5527,-10.8744],[142.6051,-10.7482],[142.4564,-10.7073],[142.3265,-10.8842],[142.1684,-10.9466],[142.139,-11.2732],[141.9516,-11.8962],[141.8058,-12.0801],[141.6886,-12.3511],[141.6777,-12.4914],[141.8521,-12.5787],[141.9298,-12.7398],[141.7822,-12.7787],[141.6136,-12.9435],[141.6454,-13.2591],[141.5342,-13.5538],[141.4726,-13.7976],[141.4807,-13.9268],[141.5943,-14.1528],[141.5229,-14.4701],[141.6255,-15.0566],[141.4516,-15.6053],[141.3932,-15.9047],[141.4119,-16.0695],[141.2191,-16.6462],[140.966,-17.0146],[140.8305,-17.4145],[140.5111,-17.6245],[140.2097,-17.7044],[140.0358,-17.7026],[139.8945,-17.6113],[139.6896,-17.5407],[139.4405,-17.3806],[139.2484,-17.3286],[139.1104,-17.0141],[139.0099,-16.8993],[138.6257,-16.7778],[138.5057,-16.7896],[138.245,-16.7184],[137.9129,-16.4766],[137.7037,-16.233],[137.2993,-16.0663],[137.0021,-15.8783],[136.7847,-15.8942],[136.6981,-15.835],[136.7049,-15.6853],[136.5836,-15.7065],[136.2914,-15.5701],[136.2054,-15.4034],[135.8326,-15.1602],[135.5308,-15.0004],[135.4533,-14.9231],[135.4052,-14.7582],[135.7445,-14.2866],[135.8834,-14.1531],[135.9896,-13.8102],[135.9292,-13.6216],[135.9273,-13.3043],[136.2941,-13.138],[136.461,-13.2252],[136.5943,-13.0038],[136.537,-12.7843],[136.9475,-12.3499],[136.8975,-12.2436],[136.7194,-12.2265],[136.6098,-12.1336],[136.5402,-11.9576],[136.4434,-11.9515],[136.2701,-12.1316],[136.3285,-12.3056],[136.2606,-12.4338],[136.0818,-12.4225],[136.0085,-12.1914],[135.9378,-12.1521],[135.7439,-12.2417],[135.7025,-12.1516],[135.8895,-11.9928],[135.7885,-11.907],[135.5487,-12.0606],[135.3523,-12.1292],[135.218,-12.2217],[135.0297,-12.1937],[134.8547,-12.1025],[134.7303,-11.9844],[134.5381,-12.0608],[134.2371,-12.0077],[133.9042,-11.832],[133.5332,-11.8162],[133.3562,-11.7282],[133.1853,-11.7057],[133.0249,-11.4528],[132.8571,-11.3911],[132.6828,-11.5056],[132.5573,-11.3669],[132.2627,-11.204],[132.1978,-11.305],[131.9615,-11.1809],[131.8118,-11.2714],[132.1336,-11.5007],[132.2779,-11.4677],[132.4752,-11.4915],[132.6742,-11.649],[132.6299,-11.8358],[132.6305,-12.0352],[132.5838,-12.1103],[132.3721,-12.2392],[132.2532,-12.186],[132.0641,-12.2808],[131.888,-12.2319],[131.7263,-12.2781],[131.4383,-12.277],[131.2199,-12.1779],[131.0457,-12.1896],[131.0234,-12.3429],[130.8738,-12.3672],[130.8674,-12.5578],[130.6724,-12.4069],[130.6096,-12.4913],[130.6175,-12.6469],[130.3999,-12.6879],[130.318,-12.8829],[130.1682,-12.9574],[130.135,-13.1455],[130.2598,-13.3022],[130.1359,-13.4483],[129.9379,-13.5017],[129.8389,-13.5729],[129.7099,-13.98],[129.4592,-14.2135],[129.3787,-14.3925],[129.6079,-14.5597],[129.6047,-14.6471],[129.7535,-14.7896],[129.6371,-14.851],[129.5671,-15.0474],[129.459,-14.9332],[129.2676,-14.8715],[129.2379,-15.0802],[129.0582,-14.8844],[128.6355,-14.781],[128.4774,-14.788],[128.175,-15.0432],[128.1994,-14.7518],[127.8876,-14.4852],[127.6729,-14.1951],[127.2931,-13.9348],[127.0992,-13.8674],[126.9032,-13.7441],[126.7756,-13.7885],[126.7807,-13.9552],[126.5697,-14.1609],[126.4031,-14.0189],[126.2585,-14.1636],[126.1113,-14.1141],[126.0166,-14.3713],[126.0207,-14.4945],[125.8501,-14.5973],[125.8195,-14.4691],[125.6813,-14.388],[125.4359,-14.5568],[125.3354,-14.5579],[125.1787,-14.7147],[125.2433,-14.9445],[125.3838,-15.0156],[125.3557,-15.1198],[125.1887,-15.0454],[125.024,-15.0244],[124.8391,-15.1607],[124.9092,-15.3101],[125.0729,-15.3067],[125.063,-15.4423],[124.7505,-15.2853],[124.5616,-15.4963],[124.4396,-15.4936],[124.3816,-15.7582],[124.5769,-16.1137],[124.4346,-16.1038],[124.3883,-16.203],[124.4545,-16.3353],[124.3004,-16.3883],[124.1298,-16.2788],[123.9613,-16.2869],[123.8592,-16.3823],[123.7289,-16.1925],[123.607,-16.224],[123.6465,-16.3431],[123.5813,-16.4709],[123.4904,-16.4907],[123.7781,-16.8678],[123.8744,-16.9187],[123.799,-17.1271],[123.6641,-17.0232],[123.5863,-17.0827],[123.6079,-17.2199],[123.5252,-17.4857],[123.3832,-17.2928],[123.2659,-17.0368],[123.1421,-16.8631],[122.9707,-16.4368],[122.9168,-16.4326],[122.7204,-16.7877],[122.432,-16.9704],[122.2609,-17.1357],[122.1603,-17.3137],[122.1475,-17.549],[122.2374,-17.9686],[122.3609,-18.0369],[122.0063,-18.3937],[121.8338,-18.4771],[121.6307,-18.8166],[121.4936,-19.1064],[121.3377,-19.3199],[121.1798,-19.4779],[120.8784,-19.665],[120.4337,-19.842],[120.1963,-19.9095],[119.7678,-19.9584],[119.5859,-20.0383],[119.1045,-19.9953],[118.7515,-20.2619],[118.1992,-20.3752],[117.6839,-20.6428],[117.4063,-20.7212],[117.1391,-20.6409],[116.7067,-20.6538],[116.0109,-21.0304],[115.4562,-21.4917],[115.1617,-21.6306],[114.8591,-21.7359],[114.6028,-21.9422],[114.3777,-22.3415],[114.3035,-22.4254],[114.1416,-22.4831],[114.1639,-22.3233],[114.0928,-22.1813],[114.1426,-21.9098],[113.9584,-21.9392],[113.6828,-22.6378],[113.7679,-22.8129],[113.7949,-23.0236],[113.757,-23.4182],[113.5529,-23.7328],[113.4213,-24.1323],[113.4177,-24.4356],[113.5692,-24.693],[113.6708,-24.9771],[113.9928,-25.5448],[114.2143,-25.8516],[114.2157,-26.2895],[114.0903,-26.3937],[113.9424,-26.2587],[113.8799,-26.0276],[113.7658,-26.1598],[113.6917,-26.0917],[113.7131,-25.8308],[113.5395,-25.6252],[113.3953,-25.7133],[113.5134,-25.8983],[113.5891,-26.0986],[113.8528,-26.3321],[113.8364,-26.5006],[113.7337,-26.5951],[113.5816,-26.5581],[113.389,-26.1056],[113.2311,-26.2414],[113.333,-26.4174],[113.7094,-26.8478],[114.0281,-27.3473],[114.0984,-27.5442],[114.1335,-27.9765],[114.1651,-28.0807],[114.5374,-28.5429],[114.6284,-28.8718],[114.8568,-29.143],[114.959,-29.4336],[114.9421,-29.7216],[114.9945,-30.2162],[115.0779,-30.5604],[115.1769,-30.808],[115.2943,-30.9618],[115.4546,-31.3025],[115.6984,-31.6945],[115.7381,-31.8879],[115.7079,-32.568],[115.6186,-32.667],[115.683,-33.1929],[115.5153,-33.5313],[115.3588,-33.6399],[115.1816,-33.6435],[114.9938,-33.5153],[114.9734,-34.0512],[115.0088,-34.2559],[115.1279,-34.3418],[115.2776,-34.3039],[115.7263,-34.5261],[115.9867,-34.795],[116.5172,-34.9879],[117.1439,-35.0337],[117.5819,-35.0978],[118.1355,-34.9866],[118.8953,-34.4799],[119.2477,-34.4564],[119.4506,-34.3683],[119.6352,-34.1012],[119.8541,-33.9747],[120.2094,-33.9354],[120.4184,-33.9631],[120.8146,-33.8713],[121.4051,-33.8268],[122.0611,-33.8744],[122.151,-33.9918],[122.7775,-33.8908],[123.0676,-33.9006],[123.2076,-33.9883],[123.3654,-33.9054],[123.5068,-33.9162],[123.6504,-33.8363],[123.8684,-33.5964],[124.1261,-33.1294],[124.3732,-32.9584],[124.7588,-32.8827],[125.2666,-32.6145],[125.4637,-32.5565],[125.9172,-32.297],[126.1365,-32.2568],[126.7793,-32.3109],[127.3198,-32.2641],[127.678,-32.1513],[128.0677,-32.0665],[128.5461,-31.8877],[128.9462,-31.7026],[129.1877,-31.66],[130.1298,-31.5791],[130.783,-31.604],[131.1437,-31.4957],[131.3932,-31.5485],[131.7212,-31.6963],[132.2146,-32.0071],[132.3236,-32.02],[132.6486,-31.9493],[132.7574,-31.9562],[133.2121,-32.1838],[133.5514,-32.1829],[133.7867,-32.2688],[133.9302,-32.4117],[134.2342,-32.5485],[134.2271,-32.7306],[134.1004,-32.7486],[134.1735,-32.9791],[134.3013,-33.165],[134.6077,-33.1901],[134.791,-33.3283],[134.8888,-33.6264],[135.1854,-33.9067],[135.45,-34.5811],[135.2307,-34.5798],[135.4809,-34.7582],[135.6476,-34.9396],[135.7924,-34.8633],[135.9985,-34.9437],[135.891,-34.6609],[136.1211,-34.4287],[136.4307,-34.03],[136.6355,-33.8966],[137.2373,-33.6295],[137.3542,-33.4302],[137.4423,-33.1936],[137.6802,-32.978],[137.7909,-32.8232],[137.9132,-32.7707],[137.9926,-33.0942],[137.8523,-33.2008],[137.9318,-33.5791],[137.6504,-33.8591],[137.4938,-34.1611],[137.459,-34.3789],[137.493,-34.5978],[137.391,-34.9133],[137.0143,-34.9158],[136.8836,-35.2397],[137.1444,-35.2364],[137.4596,-35.1313],[137.6917,-35.143],[137.8741,-34.7274],[137.9192,-34.4561],[138.0893,-34.1698],[138.4899,-34.7636],[138.5111,-35.0244],[138.3998,-35.3258],[138.1844,-35.6127],[138.5219,-35.6424],[138.9152,-35.4889],[139.1928,-35.3473],[139.3251,-35.4267],[139.178,-35.523],[139.0377,-35.6893],[139.2449,-35.8273],[139.5487,-36.0967],[139.729,-36.3714],[139.8573,-36.6621],[139.7385,-37.0596],[139.7843,-37.2458],[140.2121,-37.6422],[140.3904,-37.8967],[140.6272,-38.0284],[141.0109,-38.077],[141.2139,-38.172],[141.4242,-38.3635],[141.5939,-38.3878],[141.725,-38.2714],[141.9247,-38.2838],[142.1877,-38.3994],[142.3445,-38.3722],[142.6121,-38.4517],[142.8402,-38.5809],[143.0826,-38.6459],[143.2265,-38.7432],[143.539,-38.8209],[143.8117,-38.6988],[144.1016,-38.4623],[144.6652,-38.21],[144.5385,-38.0771],[144.8913,-37.8998],[145.1199,-38.0913],[144.9114,-38.344],[144.9596,-38.5008],[145.1912,-38.3836],[145.2928,-38.2376],[145.4758,-38.2437],[145.5422,-38.3938],[145.3973,-38.5354],[145.6063,-38.6568],[145.7908,-38.667],[145.9354,-38.9018],[146.1584,-38.8657],[146.4,-39.1455],[146.4838,-39.065],[146.4666,-38.8403],[146.3366,-38.8942],[146.2162,-38.7827],[146.4357,-38.7118],[146.8568,-38.6635],[147.3956,-38.2191],[147.6314,-38.0557],[147.8768,-37.9342],[148.2625,-37.8307],[148.9439,-37.7885],[149.2984,-37.8021],[149.5654,-37.73],[149.8094,-37.5479],[149.9327,-37.5285],[149.9863,-37.2584],[149.9603,-36.8455],[150.0628,-36.5504],[150.1953,-35.8336],[150.3741,-35.5842],[150.5675,-35.2143],[150.6903,-35.1777],[150.6974,-35.0419],[150.7811,-34.8922],[150.8713,-34.4991],[150.9604,-34.2971],[151.2315,-34.0297],[151.3228,-33.6993],[151.2921,-33.581],[151.432,-33.5216],[151.4838,-33.3475],[151.8129,-32.9011],[152.1643,-32.7574],[152.2475,-32.6087],[152.4704,-32.4391],[152.5453,-32.2431],[152.5593,-32.0457],[152.7858,-31.7863],[152.9439,-31.4349],[153.0479,-30.9071],[153.0306,-30.5634],[153.2724,-29.8925],[153.347,-29.4966],[153.348,-29.2904],[153.4622,-29.0502],[153.6046,-28.8545],[153.6169,-28.673],[153.5691,-28.5334],[153.5757,-28.2405],[153.4549,-28.0483],[153.3857,-27.7686],[153.1979,-27.4047],[153.1168,-27.1944],[153.1621,-26.9827],[153.0842,-26.3038],[153.1649,-25.9642],[153.0282,-25.8703],[152.9205,-25.6886],[152.9135,-25.4321],[152.7892,-25.2741],[152.6543,-25.202],[152.5021,-24.964],[152.4563,-24.8024],[152.1299,-24.5976],[151.9027,-24.201],[151.6909,-24.0384],[151.5008,-24.0124],[151.2363,-23.825],[150.8432,-23.458],[150.783,-23.1766],[150.7639,-22.5762],[150.6725,-22.4182],[150.5686,-22.384],[150.5413,-22.5591],[150.2349,-22.3729],[150.0762,-22.1645],[149.9419,-22.3081],[149.7039,-22.4405],[149.5957,-22.2576],[149.4601,-21.7654],[149.4541,-21.5787],[149.3293,-21.4761],[149.2049,-21.1251],[149.0605,-20.9611],[148.7895,-20.7356],[148.6837,-20.5802],[148.73,-20.4678],[148.8848,-20.4809],[148.7594,-20.2896],[148.6005,-20.1452],[148.3669,-20.0875],[148.0811,-19.8986],[147.9156,-19.8692],[147.7424,-19.7701],[147.586,-19.6228],[147.4186,-19.3781],[147.1388,-19.3932],[147.0026,-19.2561],[146.829,-19.2357],[146.4812,-19.0787],[146.2969,-18.8412],[146.3332,-18.5537],[146.223,-18.5099],[146.0322,-18.2729],[146.1259,-17.6353],[146.0498,-17.3811],[145.902,-17.0702],[145.9121,-16.9125],[145.7548,-16.8795],[145.5499,-16.6251],[145.4261,-16.4062],[145.458,-16.0564],[145.3754,-15.8811],[145.2716,-15.4767],[145.2931,-15.3272],[145.2517,-15.0975],[145.2877,-14.9432],[144.648,-14.4925],[144.473,-14.2318],[144.2099,-14.302],[143.9618,-14.4629],[143.7563,-14.3488],[143.6434,-13.9637],[143.5484,-13.741],[143.5866,-13.4437],[143.5295,-13.3038],[143.512,-13.0945],[143.4016,-12.6399],[143.2541,-12.3977],[143.1103,-12.3035],[143.1047,-12.1696],[143.1789,-11.9545]]]},"properties":{"scalerank":0,"featurecla":"Land","min_zoom":0}},
{"type":"Feature","geometry":{"type":"Polygon","coordinates":[[[178.2802,-17.372],[178.1876,-17.313],[177.9402,-17.3951],[177.818,-17.3885],[177.618,-17.461],[177.4007,-17.6316],[177.4232,-17.7373],[177.264,-17.8635],[177.3214,-18.0775],[177.4573,-18.1482],[177.8471,-18.2549],[178.1602,-18.2502],[178.3315,-18.1353],[178.6677,-18.0809],[178.5749,-17.7493],[178.5916,-17.6515],[178.4109,-17.523],[178.2802,-17.372]]]},"properties":{"scalerank":0,"featurecla":"Land","min_zoom":0.5}},
{"type":"Feature","geometry":{"type":"Polygon","coordinates":[[[164.2023,-20.2461],[164.1697,-20.4802],[164.4547,-20.8291],[164.6557,-20.9921],[164.9274,-21.2898],[165.242,-21.5255],[165.7438,-21.7773],[165.8234,-21.8538],[166.0961,-21.9566],[166.1767,-22.0892],[166.7741,-22.3762],[166.9703,-22.3229],[166.9424,-22.0901],[166.6896,-21.953],[166.3033,-21.6372],[165.6628,-21.2672],[165.4472,-21.0806],[165.3806,-20.9358],[165.1918,-20.7688],[164.9757,-20.6811],[164.4359,-20.2822],[164.3151,-20.3089],[164.2023,-20.2461]]]},"properties":{"scalerank":0,"featurecla":"Land","min_zoom":1}},
{"type":"Feature","geometry":{"type":"Polygon","coordinates":[[[127.7327,0.8481],[127.6528,1.0139],[127.8854,1.1628],[128.0117,1.3317],[128.0109,1.7012],[127.8868,1.833],[127.9067,1.9457],[128.0313,2.1199],[127.8999,2.1374],[127.6317,1.8437],[127.5347,1.5721],[127.5371,1.4675],[127.4203,1.252],[127.4285,1.14],[127.5204,0.924],[127.608,0.8482],[127.5418,0.6807],[127.5554,0.4896],[127.7087,0.2881],[127.6854,0.149],[127.6916,-0.2419],[127.889,-0.4235],[128.0464,-0.7061],[128.2535,-0.7316],[128.0895,-0.4853],[127.9778,-0.2483],[127.889,0.0495],[127.8874,0.2983],[127.9831,0.4719],[128.4465,0.3916],[128.5404,0.3379],[128.6916,0.3604],[128.6112,0.55],[128.2606,0.7338],[128.2988,0.8768],[128.5146,0.9792],[128.7026,1.1064],[128.7169,1.3673],[128.6884,1.5726],[128.4241,1.5175],[128.2225,1.4006],[128.1574,1.3166],[128.1607,1.1578],[127.9673,1.0426],[127.8811,0.8321],[127.7327,0.8481]]]},"properties":{"scalerank":0,"featurecla":"Land","min_zoom":1}},
{"type":"Feature","geometry":{"type":"Polygon","coordinates":[[[69.1849,-49.1096],[69.0327,-49.0176],[69.1361,-48.861],[69.0572,-48.6564],[68.832,-48.8487],[68.7695,-49.0659],[68.8721,-49.4443],[68.7828,-49.6513],[68.993,-49.705],[69.1531,-49.5297],[69.6129,-49.651],[69.856,-49.544],[69.7492,-49.4476],[69.9156,-49.3485],[70.1658,-49.343],[70.2977,-49.4248],[70.4851,-49.3276],[70.5555,-49.2015],[70.4843,-49.0839],[70.3202,-49.0586],[69.8544,-49.2216],[69.5424,-49.2557],[69.535,-48.9743],[69.3143,-49.1062],[69.1849,-49.1096]]]},"properties":{"scalerank":0,"featurecla":"Land","min_zoom":0.5}},
{"type":"Feature","geometry":{"type":"Polygon","coordinates":[[[63.3738,80.7001],[64.5483,80.7554],[65.4374,80.9307],[65.382,81.0567],[64.8021,81.1973],[64.3102,81.1752],[64.0957,80.9983],[63.1158,80.9668],[62.5203,80.8219],[63.3738,80.7001]]]},"properties":{"scalerank":0,"featurecla":"Land","min_zoom":1.5}},
{"type":"Feature","geometry":{"type":"Polygon","coordinates":[[[57.9563,80.1232],[58.3979,80.3188],[58.4805,80.4647],[57.075,80.4939],[57.3923,80.1392],[57.9563,80.1232]]]},"properties":{"scalerank":0,"featurecla":"Land","min_zoom":2}},
{"type":"Feature","geometry":{"type":"Polygon","coordinates":[[[-25.4323,70.9213],[-25.8189,71.0437],[-26.3375,70.9192],[-26.9756,70.8627],[-27.7089,70.8971],[-27.7142,70.7128],[-28.0368,70.5144],[-27.898,70.454],[-26.6047,70.5534],[-26.2179,70.4541],[-25.9113,70.573],[-25.4022,70.6527],[-25.4323,70.9213]]]},"properties":{"scalerank":0,"featurecla":"Land","min_zoom":0}},
{"type":"Feature","geometry":{"type":"Polygon","coordinates":[[[159.7504,-9.2727],[159.6074,-9.3538],[159.6219,-9.5321],[159.7555,-9.7261],[159.8537,-9.7915],[160.3211,-9.8213],[160.6492,-9.9286],[160.8189,-9.8628],[160.7943,-9.7674],[160.6255,-9.5889],[160.3546,-9.4216],[159.9706,-9.4333],[159.7504,-9.2727]]]},"properties":{"scalerank":0,"featurecla":"Land","min_zoom":1}},
{"type":"Feature","geometry":{"type":"Polygon","coordinates":[[[117.3111,8.4396],[117.5166,8.5383],[117.5722,8.642],[117.6799,8.6778],[117.9896,8.8771],[118.1341,9.1014],[118.435,9.256],[118.5696,9.4228],[118.7738,9.7668],[118.7821,9.9161],[119.1915,10.0611],[119.2848,10.2517],[119.4225,10.3544],[119.5952,10.4074],[119.6844,10.5517],[119.5267,10.9532],[119.5603,11.2668],[119.4653,11.2938],[119.2611,10.8452],[119.3127,10.6871],[119.287,10.574],[119.1431,10.4093],[119.0238,10.3536],[118.8451,10.1313],[118.7275,10.035],[118.5334,9.7937],[118.1148,9.3467],[117.8848,9.2407],[117.3499,8.7136],[117.2559,8.541],[117.3111,8.4396]]]},"properties":{"scalerank":0,"featurecla":"Land","min_zoom":1}},
{"type":"Feature","geometry":{"type":"Polygon","coordinates":[[[122.4962,11.6151],[122.2907,11.772],[121.9637,11.8974],[121.8912,11.7909],[122.067,11.7237],[122.1035,11.6429],[122.0509,11.0974],[121.9644,10.8717],[121.9884,10.4583],[122.1977,10.6229],[122.5221,10.6919],[122.7699,10.8238],[122.8029,10.99],[123.0165,11.1165],[123.1441,11.3636],[123.1583,11.5355],[122.9313,11.5293],[122.7263,11.6079],[122.6127,11.5642],[122.4962,11.6151]]]},"properties":{"scalerank":0,"featurecla":"Land","min_zoom":1}},
{"type":"Feature","geometry":{"type":"Polygon","coordinates":[[[123.1309,9.0641],[123.2287,9.1214],[123.3205,9.2729],[123.3084,9.357],[123.1498,9.6062],[123.162,9.8643],[123.2961,10.1245],[123.3436,10.3254],[123.4929,10.5823],[123.5676,10.7808],[123.5106,10.923],[123.2566,10.9939],[122.9833,10.8866],[122.9584,10.6983],[122.817,10.5038],[122.8665,10.284],[122.8556,10.0869],[122.713,9.9901],[122.4715,9.9615],[122.3995,9.823],[122.4109,9.6939],[122.5625,9.4828],[122.8666,9.3198],[122.9947,9.0588],[123.1309,9.0641]]]},"properties":{"scalerank":0,"featurecla":"Land","min_zoom":1}},
{"type":"Feature","geometry":{"type":"Polygon","coordinates":[[[124.5746,11.3431],[124.3307,11.5352],[124.4455,10.9236],[124.6627,10.962],[124.7867,10.7814],[124.7986,10.6822],[124.7377,10.4397],[124.7896,10.3275],[124.7808,10.1681],[125.0266,10.0331],[125.1054,10.2183],[125.2533,10.2638],[125.1877,10.5849],[125.0132,10.7857],[125.0397,10.9519],[125.0266,11.2117],[124.93,11.3729],[124.8211,11.4014],[124.7243,11.3221],[124.5746,11.3431]]]},"properties":{"scalerank":0,"featurecla":"Land","min_zoom":0}},
{"type":"Feature","geometry":{"type":"Polygon","coordinates":[[[125.2396,12.5279],[125.1502,12.5726],[124.5658,12.5262],[124.2947,12.5693],[124.3849,12.244],[124.5291,12.0792],[124.6768,12.0209],[124.8843,11.7755],[124.995,11.7649],[124.917,11.5584],[125.0343,11.3413],[125.1559,11.267],[125.2334,11.1451],[125.4318,11.1126],[125.6281,11.132],[125.609,11.323],[125.5058,11.5442],[125.4565,11.9525],[125.5356,12.1914],[125.3202,12.3218],[125.2396,12.5279]]]},"properties":{"scalerank":0,"featurecla":"Land","min_zoom":0}},
{"type":"Feature","geometry":{"type":"Polygon","coordinates":[[[120.7044,13.4795],[120.4013,13.517],[120.5083,13.2601],[120.6514,13.1691],[120.7637,12.9698],[120.796,12.748],[120.8994,12.6459],[120.9222,12.5116],[121.1076,12.3036],[121.2367,12.2188],[121.3943,12.3006],[121.4123,12.423],[121.5406,12.6382],[121.4797,12.8371],[121.5228,13.1312],[121.2027,13.4323],[121.1225,13.3813],[120.9153,13.5011],[120.7044,13.4795]]]},"properties":{"scalerank":0,"featurecla":"Land","min_zoom":1.5}},
{"type":"Feature","geometry":{"type":"Polygon","coordinates":[[[155.9576,-6.6868],[155.8226,-6.3805],[155.6385,-6.2208],[155.467,-6.1451],[155.3726,-5.9744],[155.2275,-5.8652],[155.0938,-5.6202],[154.9971,-5.5399],[154.7411,-5.5453],[154.709,-5.7471],[154.7819,-5.9707],[155.0102,-6.2098],[155.2021,-6.3076],[155.2086,-6.5269],[155.344,-6.7217],[155.5209,-6.8303],[155.7193,-6.8628],[155.9576,-6.6868]]]},"properties":{"scalerank":0,"featurecla":"Land","min_zoom":1}},
{"type":"Feature","geometry":{"type":"Polygon","coordinates":[[[152.9658,-4.7563],[153.0232,-4.6663],[153.0443,-4.4764],[153.1325,-4.3524],[153.1242,-4.2523],[153.0168,-4.1057],[152.1794,-3.4104],[152.0329,-3.2514],[151.8071,-3.1729],[151.4754,-2.9425],[151.2265,-2.8703],[151.1746,-2.7891],[150.8254,-2.5729],[150.8479,-2.7798],[150.9681,-2.7799],[151.5785,-3.1535],[151.7932,-3.3379],[151.9729,-3.4534],[152.1922,-3.5059],[152.3558,-3.6682],[152.5984,-3.9948],[152.6968,-4.282],[152.6807,-4.4984],[152.7399,-4.6358],[152.8917,-4.8324],[152.9658,-4.7563]]]},"properties":{"scalerank":0,"featurecla":"Land","min_zoom":1.5}},
{"type":"Feature","geometry":{"type":"Polygon","coordinates":[[[138.5354,-8.2736],[138.7859,-8.0591],[138.9891,-7.6961],[138.9626,-7.588],[138.7698,-7.3904],[138.5438,-7.3796],[138.2955,-7.4385],[138.0075,-7.6416],[137.8325,-7.9322],[137.6852,-8.2622],[137.6877,-8.4117],[137.8719,-8.3797],[138.2963,-8.4052],[138.5354,-8.2736]]]},"properties":{"scalerank":0,"featurecla":"Land","min_zoom":0.5}},
{"type":"Feature","geometry":{"type":"Polygon","coordinates":[[[129.7547,-2.8658],[129.543,-2.7903],[129.4273,-2.7907],[129.2796,-2.8891],[129.1163,-2.937],[129.0577,-2.8385],[128.5698,-2.8422],[128.1985,-2.8659],[128.1134,-2.9346],[127.8779,-3.2221],[127.97,-3.4443],[128.0821,-3.1841],[128.28,-3.2405],[128.4192,-3.416],[128.639,-3.4334],[128.8625,-3.235],[128.9675,-3.3261],[129.4677,-3.4532],[129.5117,-3.3285],[129.8441,-3.3271],[130.0195,-3.4747],[130.2697,-3.5793],[130.8051,-3.8577],[130.86,-3.5703],[130.7734,-3.4187],[130.6711,-3.3915],[130.5699,-3.1309],[130.3791,-2.9894],[129.9844,-2.9767],[129.7547,-2.8658]]]},"properties":{"scalerank":0,"featurecla":"Land","min_zoom":1}},
{"type":"Feature","geometry":{"type":"Polygon","coordinates":[[[126.8611,-3.0879],[126.5551,-3.0652],[126.2196,-3.1481],[126.0883,-3.1055],[126.0265,-3.1705],[126.0565,-3.421],[126.2146,-3.6052],[126.6863,-3.8236],[126.9409,-3.7646],[127.2296,-3.633],[127.2273,-3.391],[127.0255,-3.166],[126.8611,-3.0879]]]},"properties":{"scalerank":0,"featurecla":"Land","min_zoom":1.5}},
{"type":"Feature","geometry":{"type":"Polygon","coordinates":[[[122.7829,-8.6117],[122.8111,-8.4812],[123.006,-8.3291],[122.9783,-8.152],[122.8457,-8.0933],[122.7586,-8.1859],[122.8505,-8.3044],[122.6035,-8.4024],[122.4335,-8.6008],[122.2631,-8.6249],[121.9665,-8.4552],[121.6834,-8.5059],[121.4445,-8.5778],[121.2767,-8.4779],[120.8861,-8.3267],[120.7514,-8.3215],[120.6103,-8.2404],[120.2312,-8.2898],[119.9183,-8.4451],[119.8182,-8.5705],[119.8079,-8.6977],[119.9094,-8.8576],[120.1209,-8.777],[120.3195,-8.8203],[120.5505,-8.8019],[121.0353,-8.9354],[121.1908,-8.8955],[121.3283,-8.9169],[121.4146,-8.8148],[121.5846,-8.8206],[121.6514,-8.8987],[121.8387,-8.8604],[122.0941,-8.7447],[122.4702,-8.7255],[122.7829,-8.6117]]]},"properties":{"scalerank":0,"featurecla":"Land","min_zoom":1}},
{"type":"Feature","geometry":{"type":"Polygon","coordinates":[[[120.0125,-9.3747],[119.9421,-9.3015],[119.7951,-9.3805],[119.6147,-9.3524],[119.1856,-9.3845],[118.9588,-9.5193],[119.0854,-9.7069],[119.3626,-9.7718],[119.6011,-9.7735],[119.9307,-9.9665],[120.1448,-10.2001],[120.4392,-10.294],[120.698,-10.2066],[120.8326,-10.0375],[120.5037,-9.674],[120.2911,-9.6479],[120.2211,-9.5063],[120.0125,-9.3747]]]},"properties":{"scalerank":0,"featurecla":"Land","min_zoom":1.5}},
{"type":"Feature","geometry":{"type":"Polygon","coordinates":[[[118.2424,-8.3178],[118.1175,-8.1223],[117.921,-8.0891],[117.7553,-8.1495],[117.8148,-8.3421],[117.9791,-8.4589],[118.1005,-8.4752],[118.2349,-8.5919],[117.9695,-8.728],[117.8061,-8.7111],[117.5671,-8.4264],[117.3566,-8.4285],[117.1648,-8.3672],[116.9531,-8.5034],[116.8351,-8.5324],[116.7831,-8.6646],[116.7885,-9.0063],[117.0613,-9.099],[117.2103,-9.0341],[117.5079,-9.0075],[117.7316,-8.9199],[117.8612,-8.9314],[118.1899,-8.8405],[118.3789,-8.6746],[118.3979,-8.8134],[118.4786,-8.8564],[118.8181,-8.7908],[118.9033,-8.7027],[119.0063,-8.7496],[119.1297,-8.6682],[119.0421,-8.5609],[118.9878,-8.3377],[118.8457,-8.2931],[118.7483,-8.3312],[118.4906,-8.2715],[118.3379,-8.3535],[118.2424,-8.3178]]]},"properties":{"scalerank":0,"featurecla":"Land","min_zoom":1}},
{"type":"Feature","geometry":{"type":"Polygon","coordinates":[[[116.6408,-8.6139],[116.7341,-8.3869],[116.647,-8.2827],[116.4016,-8.2042],[116.2198,-8.2952],[116.0611,-8.4374],[116.0765,-8.7449],[115.8693,-8.7428],[115.8746,-8.8256],[116.3772,-8.929],[116.5143,-8.821],[116.6408,-8.6139]]]},"properties":{"scalerank":0,"featurecla":"Land","min_zoom":2}},
{"type":"Feature","geometry":{"type":"Polygon","coordinates":[[[115.4479,-8.1552],[115.154,-8.0657],[114.9981,-8.1744],[114.833,-8.1826],[114.4753,-8.1194],[114.5018,-8.2608],[114.6132,-8.3783],[114.8421,-8.4285],[115.0551,-8.573],[115.2361,-8.7976],[115.3338,-8.6157],[115.56,-8.5142],[115.7043,-8.4071],[115.5494,-8.2083],[115.4479,-8.1552]]]},"properties":{"scalerank":0,"featurecla":"Land","min_zoom":0.5}},
{"type":"Feature","geometry":{"type":"Polygon","coordinates":[[[106.0457,-1.6694],[105.9101,-1.505],[105.5854,-1.5268],[105.3731,-1.6573],[105.3748,-1.8132],[105.191,-1.9169],[105.1334,-2.0426],[105.3429,-2.1251],[105.5527,-2.079],[105.7858,-2.1813],[105.8068,-2.3074],[105.9391,-2.4935],[105.908,-2.6433],[105.9987,-2.8249],[106.2501,-2.894],[106.5468,-3.0556],[106.6672,-3.0718],[106.612,-2.8955],[106.6788,-2.704],[106.8185,-2.5733],[106.3659,-2.4648],[106.2088,-2.1887],[106.1617,-1.867],[106.0457,-1.6694]]]},"properties":{"scalerank":0,"featurecla":"Land","min_zoom":2}},
{"type":"Feature","geometry":{"type":"Polygon","coordinates":[[[22.6174,58.6212],[22.3281,58.5809],[22.0813,58.4781],[21.8821,58.2624],[22.1529,58.1153],[22.4984,58.2362],[22.757,58.2609],[23.2929,58.4835],[22.9643,58.6057],[22.6174,58.6212]]]},"properties":{"scalerank":0,"featurecla":"Land","min_zoom":2}},
{"type":"Feature","geometry":{"type":"Polygon","coordinates":[[[21.6081,78.5957],[20.2279,78.4778],[20.7864,78.2521],[21.0354,78.0592],[21.6084,77.9161],[21.0499,77.441],[22.0568,77.5012],[22.427,77.3159],[22.8018,77.2758],[23.8412,77.4978],[24.1298,77.6583],[24.9019,77.7566],[24.2383,77.8985],[23.684,77.8754],[23.1167,77.9915],[23.452,78.1495],[22.9889,78.252],[22.2995,78.2282],[22.0432,78.577],[21.6081,78.5957]]]},"properties":{"scalerank":0,"featurecla":"Land","min_zoom":1}},
{"type":"Feature","geometry":{"type":"Polygon","coordinates":[[[62.1678,80.8348],[61.5975,80.8929],[60.4815,80.8042],[59.5923,80.8165],[59.3044,80.5215],[60.2783,80.4944],[61.0513,80.4186],[62.0758,80.6169],[62.1678,80.8348]]]},"properties":{"scalerank":0,"featurecla":"Land","min_zoom":1.5}},
{"type":"Feature","geometry":{"type":"Polygon","coordinates":[[[47.442,80.8537],[46.7991,80.7552],[45.1245,80.6522],[46.1414,80.4467],[47.3039,80.6062],[47.6001,80.7419],[47.442,80.8537]]]},"properties":{"scalerank":0,"featurecla":"Land","min_zoom":1}},
{"type":"Feature","geometry":{"type":"Polygon","coordinates":[[[50.2781,80.9272],[49.2443,80.8214],[49.1853,80.5586],[48.4026,80.5688],[47.6561,80.5005],[46.6444,80.3003],[46.991,80.1828],[47.6324,80.112],[48.4668,80.1101],[49.0107,80.2074],[48.8961,80.3692],[49.5859,80.3766],[49.846,80.4977],[50.9608,80.5405],[51.7036,80.6876],[50.8011,80.9142],[50.2781,80.9272]]]},"properties":{"scalerank":0,"featurecla":"Land","min_zoom":1}},
{"type":"Feature","geometry":{"type":"Polygon","coordinates":[[[50.2652,69.1856],[50.1673,69.2571],[49.2252,69.5112],[48.6313,69.436],[48.3199,69.2692],[48.2788,69.0403],[48.4391,68.8049],[48.667,68.7332],[49.6263,68.8597],[49.9208,69.0533],[50.2652,69.1856]]]},"properties":{"scalerank":0,"featurecla":"Land","min_zoom":2}},
{"type":"Feature","geometry":{"type":"Polygon","coordinates":[[[60.4505,69.9349],[59.6363,70.197],[59.0053,70.4652],[58.473,70.2668],[58.6801,70.051],[58.9527,69.8928],[59.5026,69.8662],[59.5782,69.7386],[60.2159,69.6877],[60.4402,69.7259],[60.4505,69.9349]]]},"properties":{"scalerank":0,"featurecla":"Land","min_zoom":2}},
{"type":"Feature","geometry":{"type":"Polygon","coordinates":[[[70.6739,73.095],[71.6262,73.174],[71.5896,73.2832],[70.9402,73.5144],[70.35,73.4776],[69.9959,73.3594],[69.9201,73.0845],[70.3804,73.0481],[70.6739,73.095]]]},"properties":{"scalerank":0,"featurecla":"Land","min_zoom":2}},
{"type":"Feature","geometry":{"type":"Polygon","coordinates":[[[92.6835,79.6852],[93.6035,79.8167],[93.8031,79.9045],[92.1734,80.0455],[91.426,80.0492],[91.1261,79.9049],[92.1537,79.6847],[92.6835,79.6852]]]},"properties":{"scalerank":0,"featurecla":"Land","min_zoom":2}},
{"type":"Feature","geometry":{"type":"Polygon","coordinates":[[[113.3872,74.4004],[112.9518,74.4796],[112.0845,74.549],[111.9492,74.3888],[111.643,74.2729],[112.1958,74.1462],[112.7824,74.0951],[113.2589,74.2727],[113.3872,74.4004]]]},"properties":{"scalerank":0,"featurecla":"Land","min_zoom":2}},
{"type":"Feature","geometry":{"type":"Polygon","coordinates":[[[141.0103,73.9995],[141.0975,74.1678],[140.8492,74.2738],[140.4074,74.2665],[140.1016,74.1843],[140.1832,74.0046],[140.5072,73.9187],[141.0103,73.9995]]]},"properties":{"scalerank":0,"featurecla":"Land","min_zoom":2}},
{"type":"Feature","geometry":{"type":"Polygon","coordinates":[[[23.8522,35.5354],[23.715,35.6047],[23.5698,35.5348],[23.5616,35.2952],[23.6381,35.2352],[23.8836,35.2461],[24.4637,35.1604],[24.7089,35.0891],[24.7998,34.9345],[25.2058,34.9593],[25.8297,35.0252],[26.2443,35.0447],[26.2986,35.2686],[25.745,35.1427],[25.7302,35.3486],[25.4757,35.3062],[25.1043,35.3469],[25.0031,35.4099],[24.7213,35.4248],[24.3129,35.3638],[24.166,35.5952],[24.0344,35.5354],[23.8522,35.5354]]]},"properties":{"scalerank":0,"featurecla":"Land","min_zoom":1}},
{"type":"Feature","geometry":{"type":"Polygon","coordinates":[[[23.4154,38.9586],[23.3127,39.0349],[23.1458,39.0027],[23.0291,38.8734],[23.2521,38.8012],[23.6174,38.5525],[23.7588,38.4012],[24.0401,38.39],[24.212,38.1175],[24.5023,37.9699],[24.5633,38.1475],[24.2758,38.22],[24.099,38.671],[23.8782,38.6866],[23.472,38.8501],[23.4154,38.9586]]]},"properties":{"scalerank":0,"featurecla":"Land","min_zoom":0}},
{"type":"Feature","geometry":{"type":"Polygon","coordinates":[[[34.4632,35.5935],[34.4111,35.6293],[34.0635,35.474],[33.4588,35.3359],[32.9416,35.3904],[32.8799,35.1806],[32.6523,35.1827],[32.3909,35.0498],[32.3172,34.9533],[32.449,34.7294],[32.693,34.6494],[32.8672,34.6611],[32.9418,34.5759],[33.1155,34.6956],[33.2966,34.7177],[33.5145,34.8064],[33.6994,34.9699],[34.0502,34.9884],[33.9079,35.2024],[33.942,35.292],[34.4632,35.5935]]]},"properties":{"scalerank":0,"featurecla":"Land","min_zoom":1}},
{"type":"Feature","geometry":{"type":"Polygon","coordinates":[[[19.0765,57.8359],[18.8411,57.9002],[18.5374,57.8306],[18.1365,57.5566],[18.1051,57.2719],[18.2854,57.0832],[18.6999,57.2427],[18.7849,57.3611],[18.8139,57.7062],[19.0765,57.8359]]]},"properties":{"scalerank":0,"featurecla":"Land","min_zoom":2}},
{"type":"Feature","geometry":{"type":"Polygon","coordinates":[[[12.5688,55.7851],[12.5787,56.0641],[12.2189,56.1187],[11.8664,55.9682],[11.9346,55.8959],[11.8197,55.6977],[11.6909,55.729],[11.6959,55.9079],[11.4747,55.9435],[11.3223,55.7525],[10.9789,55.7215],[11.1897,55.4656],[11.1707,55.3286],[11.2863,55.2044],[11.6538,55.1869],[11.7409,54.9153],[11.8623,54.7726],[12.0504,54.8153],[12.0899,55.1881],[12.4131,55.2862],[12.215,55.4665],[12.3206,55.5878],[12.5712,55.685],[12.5688,55.7851]]]},"properties":{"scalerank":0,"featurecla":"Land","min_zoom":1}},
{"type":"Feature","geometry":{"type":"Polygon","coordinates":[[[10.6451,55.6098],[10.5051,55.5581],[10.2861,55.6108],[9.8606,55.5155],[9.859,55.3572],[9.9888,55.1632],[10.4428,55.0488],[10.7853,55.1334],[10.8192,55.3219],[10.6451,55.6098]]]},"properties":{"scalerank":0,"featurecla":"Land","min_zoom":2}},
{"type":"Feature","geometry":{"type":"Polygon","coordinates":[[[3.1453,39.7901],[3.1587,39.9705],[2.785,39.8548],[2.3713,39.6131],[2.4995,39.4779],[2.6341,39.5562],[2.7698,39.4103],[3.0729,39.3013],[3.2447,39.3866],[3.4618,39.6978],[3.3422,39.7867],[3.1453,39.7901]]]},"properties":{"scalerank":0,"featurecla":"Land","min_zoom":2}},
{"type":"Feature","geometry":{"type":"Polygon","coordinates":[[[-120.5562,-73.7561],[-122.4357,-73.6816],[-123.1122,-73.6822],[-123.0347,-73.8376],[-122.6247,-73.9655],[-122.8808,-74.099],[-122.8591,-74.3427],[-122.2866,-74.4031],[-121.0624,-74.3373],[-120.9895,-74.157],[-120.2725,-73.9892],[-120.5562,-73.7561]]]},"properties":{"scalerank":0,"featurecla":"Land","min_zoom":1}},
{"type":"Feature","geometry":{"type":"Polygon","coordinates":[[[-126.3299,-73.2862],[-127.2676,-73.304],[-127.4144,-73.5163],[-126.4961,-73.7002],[-126.4717,-73.8121],[-124.873,-74.2083],[-123.8367,-74.2257],[-123.8004,-74.0763],[-124.1518,-73.9442],[-124.1285,-73.834],[-124.54,-73.7397],[-124.9934,-73.8298],[-125.6744,-73.8222],[-125.8284,-73.7184],[-125.2761,-73.6905],[-125.7358,-73.4057],[-126.3299,-73.2862]]]},"properties":{"scalerank":0,"featurecla":"Land","min_zoom":1}},
{"type":"Feature","geometry":{"type":"Polygon","coordinates":[[[-66.1736,-80.0778],[-65.5044,-79.9543],[-65.5792,-79.7708],[-66.0142,-79.6244],[-66.9789,-79.5687],[-67.7191,-79.6202],[-67.0772,-79.7618],[-66.9042,-79.9089],[-66.1736,-80.0778]]]},"properties":{"scalerank":0,"featurecla":"Land","min_zoom":2}},
{"type":"Feature","geometry":{"type":"Polygon","coordinates":[[[-57.846,-64.0539],[-57.7795,-63.8683],[-57.9257,-63.8061],[-58.2748,-63.9162],[-58.425,-64.0678],[-58.1471,-64.0974],[-58.3044,-64.3146],[-57.7033,-64.2933],[-57.3276,-64.2378],[-57.2495,-64.0971],[-57.5929,-63.9671],[-57.846,-64.0539]]]},"properties":{"scalerank":0,"featurecla":"Land","min_zoom":0}},
{"type":"Feature","geometry":{"type":"Polygon","coordinates":[[[-63.1806,-64.4695],[-63.3336,-64.2662],[-63.6831,-64.3428],[-63.6744,-64.4214],[-64.1711,-64.5819],[-64.2721,-64.6976],[-63.6469,-64.803],[-63.0256,-64.6109],[-63.1806,-64.4695]]]},"properties":{"scalerank":0,"featurecla":"Land","min_zoom":2}},
{"type":"Feature","geometry":{"type":"Polygon","coordinates":[[[-73.7066,-70.6352],[-74.0383,-70.5529],[-74.4562,-70.5867],[-74.4687,-70.7267],[-75.0075,-70.6089],[-75.21,-70.7726],[-76.0346,-70.8359],[-76.5002,-70.9414],[-76.4215,-71.0904],[-76.1763,-71.1324],[-74.8058,-71.0123],[-74.205,-70.9241],[-73.5503,-70.7234],[-73.7066,-70.6352]]]},"properties":{"scalerank":0,"featurecla":"Land","min_zoom":2}},
{"type":"Feature","geometry":{"type":"Polygon","coordinates":[[[-74.9871,-69.7278],[-75.6813,-69.8816],[-75.7268,-70.0961],[-74.8488,-70.1793],[-74.438,-69.9496],[-74.8102,-69.7524],[-74.9871,-69.7278]]]},"properties":{"scalerank":0,"featurecla":"Land","min_zoom":2}},
{"type":"Feature","geometry":{"type":"Polygon","coordinates":[[[-98.0911,-71.9125],[-98.1892,-71.82],[-98.6154,-71.7638],[-99.2541,-71.9722],[-99.5631,-71.9449],[-99.8332,-72.0461],[-100.0846,-71.8369],[-102.1281,-71.9854],[-102.2648,-72.1353],[-100.1952,-72.2727],[-99.1488,-72.472],[-98.4078,-72.5477],[-97.2503,-72.5209],[-96.0518,-72.5772],[-96.0782,-72.4538],[-95.5754,-72.41],[-95.6094,-72.0685],[-96.7987,-72.2595],[-96.7149,-72.1316],[-96.2982,-72.0451],[-96.125,-71.8955],[-96.3833,-71.8363],[-96.8694,-71.851],[-97.4735,-72.0003],[-98.0911,-71.9125]]]},"properties":{"scalerank":0,"featurecla":"Land","min_zoom":1}},
{"type":"Feature","geometry":{"type":"Polygon","coordinates":[[[-74.3544,-73.0984],[-74.2239,-72.9971],[-74.4739,-72.8937],[-75.3769,-72.8204],[-75.7311,-72.8793],[-75.4395,-72.9942],[-76.0177,-73.0854],[-75.9008,-73.3326],[-74.5747,-73.6113],[-74.3661,-73.4643],[-74.6677,-73.2753],[-74.3544,-73.0984]]]},"properties":{"scalerank":0,"featurecla":"Land","min_zoom":2}},
{"type":"Feature","geometry":{"type":"Polygon","coordinates":[[[-67.9885,-67.4744],[-68.1751,-67.3441],[-67.6878,-67.1474],[-67.9684,-67.0322],[-67.9324,-66.8445],[-67.6812,-66.709],[-67.8305,-66.6243],[-68.3359,-66.8021],[-68.8199,-67.2336],[-69.0824,-67.4031],[-69.0976,-67.6027],[-68.9014,-67.7442],[-68.5804,-67.7328],[-68.3813,-67.5554],[-67.9885,-67.4744]]]},"properties":{"scalerank":0,"featurecla":"Land","min_zoom":2}},
{"type":"Feature","geometry":{"type":"Polygon","coordinates":[[[-178.8765,71.5771],[-179.691,71.578],[-180,71.5377],[-180,71.4646],[-180,71.0943],[-180,70.993],[-179.5067,70.9234],[-177.8218,71.0676],[-177.5236,71.1669],[-177.5322,71.2631],[-178.3536,71.5292],[-178.8765,71.5771]]]},"properties":{"scalerank":0,"featurecla":"Land","min_zoom":0}},
{"type":"Feature","geometry":{"type":"Polygon","coordinates":[[[-58.8502,-51.2699],[-59.0966,-51.4914],[-59.0595,-51.6854],[-59.2618,-51.7373],[-59.5708,-51.9254],[-59.6487,-52.1344],[-59.3957,-52.308],[-59.3415,-52.196],[-59.068,-52.173],[-59.1312,-52.0079],[-58.6528,-52.0992],[-58.6835,-51.9362],[-58.336,-51.8638],[-58.1509,-51.7654],[-57.8382,-51.7092],[-57.8085,-51.518],[-57.9765,-51.3844],[-58.2064,-51.4047],[-58.4737,-51.5091],[-58.5062,-51.3081],[-58.8502,-51.2699]]]},"properties":{"scalerank":0,"featurecla":"Land","min_zoom":0.5}},
{"type":"Feature","geometry":{"type":"Polygon","coordinates":[[[-37.1033,-54.0656],[-37.3822,-53.9841],[-37.689,-54.0768],[-37.0067,-54.3409],[-36.735,-54.4666],[-36.5065,-54.5112],[-36.2517,-54.7799],[-36.0855,-54.8668],[-35.7986,-54.7635],[-36.0731,-54.5541],[-36.3265,-54.2512],[-36.4486,-54.3084],[-36.7038,-54.1081],[-37.1033,-54.0656]]]},"properties":{"scalerank":0,"featurecla":"Land","min_zoom":2}},
{"type":"Feature","geometry":{"type":"Polygon","coordinates":[[[-73.7734,-43.3459],[-73.7497,-43.1591],[-73.5408,-43.0737],[-73.4363,-42.9365],[-73.5683,-42.7616],[-73.7893,-42.5857],[-73.4708,-42.4663],[-73.5328,-42.3145],[-73.4393,-42.2778],[-73.5278,-41.8963],[-74.0367,-41.7955],[-74.0723,-42.1059],[-74.1602,-42.2164],[-74.1988,-42.4813],[-74.1563,-42.5905],[-74.2095,-42.8787],[-74.3549,-43.2636],[-74.1144,-43.3579],[-73.7734,-43.3459]]]},"properties":{"scalerank":0,"featurecla":"Land","min_zoom":0}},
{"type":"Feature","geometry":{"type":"Polygon","coordinates":[[[-60.2862,-51.4619],[-60.5058,-51.4854],[-60.2452,-51.6389],[-60.2385,-51.772],[-60.5911,-51.9516],[-60.7625,-51.9465],[-60.9614,-52.0573],[-60.6864,-52.1884],[-60.3535,-52.1399],[-60.2463,-51.9864],[-59.9214,-51.9695],[-59.2681,-51.4275],[-59.3876,-51.36],[-59.7884,-51.446],[-59.9171,-51.3881],[-60.1416,-51.481],[-60.2862,-51.4619]]]},"properties":{"scalerank":0,"featurecla":"Land","min_zoom":0.5}},
{"type":"Feature","geometry":{"type":"Polygon","coordinates":[[[-74.4762,-49.1479],[-74.5666,-48.7548],[-74.7935,-48.7051],[-74.9808,-48.8188],[-74.9492,-48.9602],[-75.1842,-49.0836],[-75.086,-49.2702],[-75.3267,-49.2687],[-75.4675,-49.3589],[-75.3059,-49.494],[-75.3371,-49.6282],[-75.5701,-49.6971],[-75.3001,-49.8475],[-75.066,-49.8523],[-74.9601,-49.533],[-74.8048,-49.516],[-74.8804,-49.7259],[-74.763,-50.0114],[-74.5947,-50.0066],[-74.4588,-49.6911],[-74.5221,-49.6229],[-74.4762,-49.1479]]]},"properties":{"scalerank":0,"featurecla":"Land","min_zoom":0}},
{"type":"Feature","geometry":{"type":"Polygon","coordinates":[[[-72.9861,-44.7801],[-72.7641,-44.549],[-72.8424,-44.4577],[-73.2077,-44.335],[-73.3149,-44.5313],[-73.4451,-44.641],[-73.35,-44.8332],[-73.2285,-44.86],[-72.9861,-44.7801]]]},"properties":{"scalerank":0,"featurecla":"Land","min_zoom":0}},
{"type":"Feature","geometry":{"type":"Polygon","coordinates":[[[-61.8011,49.0939],[-61.6961,49.139],[-61.8171,49.2835],[-62.8585,49.7055],[-63.292,49.8168],[-64.1314,49.9417],[-64.3729,49.9259],[-64.44,49.8277],[-63.8849,49.6577],[-63.6762,49.5343],[-63.5659,49.3993],[-63.0415,49.225],[-62.2195,49.0791],[-61.8011,49.0939]]]},"properties":{"scalerank":0,"featurecla":"Land","min_zoom":1}},
{"type":"Feature","geometry":{"type":"Polygon","coordinates":[[[-61.1052,45.9447],[-60.5769,46.1722],[-60.3317,46.7678],[-60.4254,46.9232],[-60.6166,46.9758],[-60.8702,46.7968],[-61.2405,46.3025],[-61.4086,46.1704],[-61.4953,45.9415],[-61.4498,45.7162],[-61.2837,45.5739],[-60.8716,45.6107],[-60.6729,45.5908],[-60.3861,45.6546],[-60.0158,45.8805],[-59.865,46.1595],[-60.2265,46.1956],[-60.2979,46.3112],[-60.5049,46.2039],[-60.5732,46.0614],[-60.4724,45.9465],[-60.8061,45.7381],[-61.1052,45.9447]]]},"properties":{"scalerank":0,"featurecla":"Land","min_zoom":1}},
{"type":"Feature","geometry":{"type":"Polygon","coordinates":[[[-171.463,63.64],[-171.7464,63.7031],[-171.791,63.4247],[-171.4012,63.3393],[-171.0612,63.4459],[-170.5271,63.3793],[-170.1896,63.1963],[-169.7778,63.0938],[-169.6764,62.9561],[-169.3647,63.1711],[-168.8524,63.1712],[-168.716,63.3106],[-169.4276,63.3483],[-169.6241,63.4306],[-170.0174,63.4917],[-170.1218,63.6175],[-170.4304,63.6988],[-171.0349,63.5855],[-171.463,63.64]]]},"properties":{"scalerank":0,"featurecla":"Land","min_zoom":1.5}},
{"type":"Feature","geometry":{"type":"Polygon","coordinates":[[[-166.1354,60.3835],[-166.4757,60.3828],[-166.7844,60.2964],[-166.8363,60.217],[-167.4364,60.2066],[-167.1389,60.0085],[-166.6276,59.8646],[-166.1875,59.7738],[-165.9467,59.89],[-165.5918,59.9131],[-165.7124,60.0693],[-165.7297,60.3142],[-166.1354,60.3835]]]},"properties":{"scalerank":0,"featurecla":"Land","min_zoom":1.5}},
{"type":"Feature","geometry":{"type":"Polygon","coordinates":[[[-163.476,54.9807],[-163.6075,55.0508],[-163.868,55.0391],[-164.2737,54.9],[-164.5298,54.8809],[-164.7062,54.692],[-164.8876,54.6078],[-164.8234,54.4191],[-164.4635,54.4273],[-164.0733,54.621],[-163.583,54.6257],[-163.3581,54.7357],[-163.476,54.9807]]]},"properties":{"scalerank":0,"featurecla":"Land","min_zoom":0}},
{"type":"Feature","geometry":{"type":"Polygon","coordinates":[[[-77.2615,18.4574],[-77.8734,18.5222],[-77.9782,18.4678],[-78.2167,18.4481],[-78.326,18.3498],[-78.2941,18.2181],[-78.0736,18.1912],[-77.963,18.0476],[-77.7682,17.8774],[-77.3614,17.8337],[-77.205,17.7149],[-77.0713,17.9013],[-76.9441,17.8488],[-76.8532,17.9737],[-76.5246,17.8662],[-76.2108,17.9135],[-76.3499,18.1519],[-76.7007,18.2572],[-76.9082,18.3904],[-77.2615,18.4574]]]},"properties":{"scalerank":0,"featurecla":"Land","min_zoom":1}},
{"type":"Feature","geometry":{"type":"Polygon","coordinates":[[[-66.1294,18.4449],[-66.1886,18.4758],[-67.1586,18.4992],[-67.2641,18.3646],[-67.1725,18.2242],[-67.1969,17.9942],[-66.9,17.9479],[-66.7724,17.9866],[-66.5108,17.987],[-66.4085,17.9506],[-65.9708,17.9744],[-65.6208,18.2423],[-65.6288,18.3814],[-66.0704,18.469],[-66.1294,18.4449]]]},"properties":{"scalerank":0,"featurecla":"Land","min_zoom":1}},
{"type":"Feature","geometry":{"type":"Polygon","coordinates":[[[-152.898,57.8239],[-152.8504,57.8968],[-153.1604,57.972],[-153.2003,57.82],[-153.5245,57.731],[-153.6626,57.8578],[-153.9044,57.8199],[-153.6932,57.6634],[-153.8184,57.5956],[-154.2814,57.6381],[-154.5353,57.5594],[-154.706,57.3354],[-154.4988,57.0366],[-154.339,56.9209],[-154.0653,57.1337],[-153.7932,56.9895],[-153.2744,57.2264],[-153.0516,57.2376],[-152.6791,57.3451],[-152.7813,57.4534],[-152.4122,57.4548],[-152.2162,57.577],[-152.4115,57.6461],[-152.5116,57.8515],[-152.898,57.8239]]]},"properties":{"scalerank":0,"featurecla":"Land","min_zoom":1}},
{"type":"Feature","geometry":{"type":"Polygon","coordinates":[[[-152.4169,58.3602],[-152.6747,58.4506],[-153.3813,58.0872],[-152.9826,57.9971],[-152.5376,58.101],[-152.1091,58.1611],[-151.9825,58.2443],[-152.3163,58.4135],[-152.4169,58.3602]]]},"properties":{"scalerank":0,"featurecla":"Land","min_zoom":2}},
{"type":"Feature","geometry":{"type":"Polygon","coordinates":[[[-130.9791,55.4892],[-130.966,55.6695],[-131.2692,55.9554],[-131.625,55.8317],[-131.6476,55.5855],[-131.8461,55.4163],[-131.811,55.2231],[-131.4745,55.3735],[-131.4207,55.2759],[-131.1879,55.2063],[-131.0828,55.2668],[-130.9791,55.4892]]]},"properties":{"scalerank":0,"featurecla":"Land","min_zoom":0}},
{"type":"Feature","geometry":{"type":"Polygon","coordinates":[[[-133.5661,56.3392],[-133.5309,56.1457],[-133.7552,55.9995],[-133.6842,55.9428],[-133.3712,56.0359],[-133.2415,55.9208],[-133.447,55.797],[-133.2982,55.6069],[-133.0896,55.6126],[-133.103,55.3603],[-132.7823,55.0485],[-132.3413,54.9072],[-132.1343,54.7125],[-131.9809,54.8048],[-131.9764,55.2086],[-132.2067,55.2244],[-132.2153,55.3835],[-132.4179,55.4829],[-132.4302,55.687],[-132.5976,55.895],[-132.7576,55.995],[-133.0966,56.09],[-133.203,56.3198],[-133.5661,56.3392]]]},"properties":{"scalerank":0,"featurecla":"Land","min_zoom":1}},
{"type":"Feature","geometry":{"type":"Polygon","coordinates":[[[-133.3662,57.0035],[-133.866,57.0687],[-133.9794,57.0096],[-133.681,56.7975],[-133.6028,56.4641],[-133.2126,56.4646],[-133.1566,56.6111],[-132.9592,56.6771],[-132.9541,56.8803],[-133.0708,56.9743],[-133.3662,57.0035]]]},"properties":{"scalerank":0,"featurecla":"Land","min_zoom":2}},
{"type":"Feature","geometry":{"type":"Polygon","coordinates":[[[-134.9698,57.3514],[-135.3463,57.5331],[-135.7871,57.3173],[-135.7677,57.1004],[-135.6089,57.0714],[-135.502,57.2438],[-135.1996,57.0273],[-135.3306,56.8219],[-135.0178,56.6602],[-134.9806,56.5189],[-134.7503,56.2408],[-134.63,56.3024],[-134.6207,56.7183],[-134.8232,57.1565],[-134.9698,57.3514]]]},"properties":{"scalerank":0,"featurecla":"Land","min_zoom":1}},
{"type":"Feature","geometry":{"type":"Polygon","coordinates":[[[-134.6803,58.1617],[-134.7541,57.995],[-134.6599,57.6381],[-134.4868,57.482],[-134.5915,57.092],[-134.4353,57.057],[-134.1,57.3001],[-133.9253,57.3368],[-133.937,57.5816],[-134.2671,57.8845],[-134.2401,58.144],[-134.6803,58.1617]]]},"properties":{"scalerank":0,"featurecla":"Land","min_zoom":2}},
{"type":"Feature","geometry":{"type":"Polygon","coordinates":[[[-135.7304,58.2442],[-136.5123,58.096],[-136.5686,57.9722],[-136.4599,57.8731],[-136.0766,57.6746],[-135.9108,57.4466],[-135.6178,57.4804],[-135.4979,57.6623],[-135.0849,57.511],[-134.8731,57.5892],[-134.9789,57.7244],[-134.928,57.9528],[-135.0021,58.0511],[-135.5875,58.1468],[-135.7304,58.2442]]]},"properties":{"scalerank":0,"featurecla":"Land","min_zoom":1}},
{"type":"Feature","geometry":{"type":"Polygon","coordinates":[[[-128.5524,52.9397],[-128.6327,53.1125],[-129.0333,53.2799],[-129.1777,53.0179],[-129.0847,52.8225],[-128.7665,52.5984],[-128.7309,52.3565],[-128.624,52.3399],[-128.5099,52.5186],[-128.5524,52.9397]]]},"properties":{"scalerank":0,"featurecla":"Land","min_zoom":0}},
{"type":"Feature","geometry":{"type":"Polygon","coordinates":[[[-132.6555,54.1275],[-133.0639,54.144],[-133.0977,53.9203],[-133.0522,53.7781],[-132.845,53.5077],[-132.6702,53.4586],[-132.7475,53.3105],[-132.5205,53.194],[-132.3473,53.1892],[-132.0113,53.2652],[-131.9281,53.3792],[-131.9223,53.5879],[-131.8211,53.8415],[-131.7025,53.9864],[-132.1344,54.0343],[-132.3444,54.1061],[-132.6555,54.1275]]]},"properties":{"scalerank":0,"featurecla":"Land","min_zoom":1}},
{"type":"Feature","geometry":{"type":"Polygon","coordinates":[[[-131.7537,53.1956],[-131.8931,53.2314],[-132.3454,53.1361],[-132.1437,52.9993],[-132.2581,52.9339],[-132.1651,52.7833],[-131.5621,52.4],[-131.4219,52.238],[-131.2215,52.1536],[-131.1426,52.2911],[-131.3271,52.3175],[-131.5906,52.5782],[-131.4552,52.7017],[-131.7273,52.7564],[-131.9044,52.8667],[-131.6347,52.9222],[-131.6523,53.103],[-131.7537,53.1956]]]},"properties":{"scalerank":0,"featurecla":"Land","min_zoom":1}},
{"type":"Feature","geometry":{"type":"Polygon","coordinates":[[[-63.8113,46.4687],[-63.903,46.6391],[-64.0879,46.7754],[-63.9815,46.913],[-63.9936,47.0616],[-64.3546,46.7692],[-64.388,46.6409],[-64.1065,46.5621],[-64.1108,46.4254],[-63.8605,46.4082],[-63.641,46.2305],[-63.2766,46.1533],[-63.117,46.2528],[-62.8945,46.1236],[-62.8784,46.0014],[-62.5313,45.9773],[-62.552,46.1659],[-62.0237,46.4216],[-62.1636,46.4872],[-63.1294,46.4222],[-63.3687,46.5083],[-63.6814,46.5619],[-63.8113,46.4687]]]},"properties":{"scalerank":0,"featurecla":"Land","min_zoom":1}},
{"type":"Feature","geometry":{"type":"Polygon","coordinates":[[[-72.5098,40.986],[-73.5738,40.9196],[-73.8792,40.7916],[-73.7667,40.5927],[-73.1943,40.6542],[-72.339,40.8941],[-72.5098,40.986]]]},"properties":{"scalerank":0,"featurecla":"Land","min_zoom":0}},
{"type":"Feature","geometry":{"type":"Polygon","coordinates":[[[151.9156,-4.2968],[151.8193,-4.217],[151.5931,-4.2008],[151.552,-4.3455],[151.6646,-4.637],[151.6712,-4.8833],[151.5726,-4.9375],[151.3266,-4.9604],[151.1378,-5.1129],[150.9529,-5.4237],[150.6258,-5.5209],[150.5194,-5.4603],[150.2987,-5.5356],[150.1831,-5.5236],[150.1063,-5.429],[150.0453,-5.0347],[149.9628,-5.4478],[149.8314,-5.5241],[149.6317,-5.516],[149.4754,-5.5732],[149.2453,-5.573],[148.9992,-5.4846],[148.5649,-5.5079],[148.432,-5.4718],[148.3447,-5.5449],[148.4012,-5.765],[148.8075,-5.9164],[149.1266,-6.1276],[149.3823,-6.0781],[149.483,-6.1248],[149.6525,-6.2904],[150.4283,-6.2762],[150.7058,-6.1494],[150.809,-6.0714],[151.0432,-6.015],[151.2293,-5.9199],[151.4225,-5.7474],[151.5151,-5.5523],[151.8654,-5.5648],[152.0771,-5.4583],[152.143,-5.357],[151.9939,-5.149],[152.0133,-5.0038],[152.2576,-4.9547],[152.4,-4.7312],[152.3636,-4.4908],[152.4057,-4.3407],[152.1973,-4.2852],[152.1172,-4.2122],[151.9156,-4.2968]]]},"properties":{"scalerank":0,"featurecla":"Land","min_zoom":1}},
{"type":"Feature","geometry":{"type":"Polygon","coordinates":[[[127.2961,-8.4245],[126.9664,-8.3157],[126.6197,-8.4595],[126.1729,-8.489],[125.8043,-8.4922],[125.3818,-8.5754],[125.178,-8.6479],[125.027,-8.8591],[124.8897,-8.9685],[124.5755,-9.1554],[124.1981,-9.2562],[123.9771,-9.3729],[123.7094,-9.6148],[123.5893,-9.9668],[123.7164,-10.0786],[123.6141,-10.215],[123.6441,-10.3109],[123.8576,-10.3436],[124.176,-10.1833],[124.4275,-10.1486],[124.7084,-9.9142],[124.9631,-9.6656],[124.9979,-9.5653],[125.408,-9.2758],[125.8403,-9.1302],[125.9461,-9.1239],[126.1643,-8.9967],[126.3825,-8.9576],[126.6654,-8.782],[126.9152,-8.7152],[127.2961,-8.4245]]]},"properties":{"scalerank":0,"featurecla":"Land","min_zoom":1}},
{"type":"Feature","geometry":{"type":"Polygon","coordinates":[[[145.043,-40.7867],[144.8186,-40.7217],[144.7097,-40.7829],[144.6461,-40.9809],[144.7779,-41.4188],[145.0554,-41.8268],[145.2382,-42.0196],[145.1988,-42.2309],[145.2682,-42.5443],[145.4876,-42.9267],[145.61,-42.9982],[145.8027,-43.244],[145.9753,-43.2771],[146.0432,-43.5472],[146.1867,-43.5128],[146.5485,-43.5089],[146.6992,-43.602],[146.8739,-43.6125],[147.0773,-43.2759],[147.245,-43.2159],[147.2598,-43.0711],[147.408,-42.8938],[147.5738,-42.8457],[147.8,-42.9281],[147.6479,-43.0206],[147.7858,-43.22],[147.9809,-43.157],[147.915,-42.8164],[147.9244,-42.5725],[148.0094,-42.4359],[148.0228,-42.2595],[148.1831,-42.0647],[148.3015,-42.0399],[148.2898,-41.465],[148.3122,-41.3497],[148.2929,-40.9471],[148.2152,-40.8549],[147.9688,-40.7796],[147.8729,-40.8726],[147.6217,-40.8447],[147.4548,-41.0017],[147.3205,-40.9564],[146.9898,-40.9924],[146.5744,-41.1424],[146.3175,-41.1635],[145.8215,-41.0246],[145.283,-40.7699],[145.043,-40.7867]]]},"properties":{"scalerank":0,"featurecla":"Land","min_zoom":0}},
{"type":"Feature","geometry":{"type":"Polygon","coordinates":[[[96.5266,81.0756],[95.8007,81.2805],[95.1596,81.271],[94.6116,81.1146],[93.0651,80.9885],[92.5926,80.7809],[93.2625,80.7913],[92.5779,80.5333],[91.8967,80.4775],[91.5238,80.3585],[92.2016,80.1793],[93.8724,80.0101],[94.565,80.1261],[97.1752,80.241],[97.0254,80.5355],[97.8318,80.7983],[96.755,80.9579],[96.5266,81.0756]]]},"properties":{"scalerank":0,"featurecla":"Land","min_zoom":0}},
{"type":"Feature","geometry":{"type":"Polygon","coordinates":[[[97.6745,80.1583],[96.4166,80.1043],[94.9873,80.0968],[94.3473,79.9419],[94.2571,79.8297],[93.4047,79.6316],[93.0708,79.4953],[94.2188,79.4023],[94.6523,79.1275],[95.7965,79.0014],[96.3474,79.0159],[97.5555,78.8266],[98.4111,78.7878],[99.4396,78.8342],[99.9293,78.9614],[99.1671,79.3063],[99.6807,79.3233],[99.7816,79.6283],[100.0612,79.7771],[99.2949,80.0164],[97.6745,80.1583]]]},"properties":{"scalerank":0,"featurecla":"Land","min_zoom":0}},
{"type":"Feature","geometry":{"type":"Polygon","coordinates":[[[102.8848,79.254],[102.7898,79.3921],[101.5906,79.3504],[100.9014,78.9801],[100.8756,78.7836],[100.284,78.6792],[100.0189,78.3389],[99.2871,78.0381],[100.0822,77.975],[101.2041,78.1919],[103.7193,78.2583],[104.8326,78.3527],[105.3126,78.4999],[105.146,78.8188],[104.4521,78.88],[103.6729,79.15],[102.9504,79.0558],[102.8848,79.254]]]},"properties":{"scalerank":0,"featurecla":"Land","min_zoom":0.5}},
{"type":"Feature","geometry":{"type":"Polygon","coordinates":[[[140.0487,75.829],[139.7434,75.9531],[138.814,76.1997],[138.2076,76.1149],[137.5012,75.9097],[137.7065,75.7596],[137.2688,75.7494],[137.2897,75.3486],[137.0063,75.235],[137.683,75.0085],[138.0923,74.7975],[139.0991,74.6565],[139.3256,74.6868],[139.6059,74.9456],[140.2679,74.8469],[141.9873,74.9913],[142.2874,74.8499],[142.7782,74.8678],[143.1279,74.9703],[142.6168,75.1333],[142.1511,75.4576],[142.0862,75.6606],[142.5516,75.7209],[143.0024,75.6599],[142.7345,75.5446],[142.7295,75.3376],[143.1703,75.1169],[144.0197,75.0447],[144.4078,75.1023],[144.8835,75.2689],[144.7268,75.3656],[145.2553,75.5856],[143.6858,75.8637],[143.1852,75.8136],[142.4604,75.9036],[141.4854,76.1372],[141.0326,75.989],[140.9441,75.7005],[140.4963,75.6898],[140.0487,75.829]]]},"properties":{"scalerank":0,"featurecla":"Land","min_zoom":0}},
{"type":"Feature","geometry":{"type":"Polygon","coordinates":[[[142.1849,73.8959],[141.0848,73.8659],[140.5936,73.5646],[140.6628,73.452],[141.5967,73.3108],[143.1933,73.2208],[143.4913,73.2464],[143.3438,73.5688],[142.6392,73.8031],[142.1849,73.8959]]]},"properties":{"scalerank":0,"featurecla":"Land","min_zoom":1}},
{"type":"Feature","geometry":{"type":"Polygon","coordinates":[[[146.7952,75.3708],[146.751,75.5104],[146.4385,75.5582],[146.1485,75.1983],[147.144,74.9984],[147.6269,74.9589],[148.0924,74.8257],[149.0502,74.7725],[149.5969,74.7726],[150.6463,74.9446],[150.5306,75.0999],[150.1039,75.2192],[148.475,75.2724],[148.4324,75.4135],[147.497,75.4405],[146.7952,75.3708]]]},"properties":{"scalerank":0,"featurecla":"Land","min_zoom":1}},
{"type":"Feature","geometry":{"type":"Polygon","coordinates":[[[173.2694,-34.9348],[172.9638,-34.5352],[173.0439,-34.4291],[172.706,-34.4552],[173.0296,-34.7999],[173.1906,-35.0162],[173.1167,-35.2053],[173.3764,-35.5001],[173.9451,-36.1759],[174.0547,-36.3598],[174.2537,-36.2491],[174.4469,-36.4509],[174.3819,-36.726],[174.4756,-36.9419],[174.6015,-36.9857],[174.782,-36.9437],[174.9289,-37.0848],[174.7464,-37.1501],[174.7292,-37.4487],[174.928,-37.8045],[174.8017,-37.8955],[174.84,-38.0227],[174.7153,-38.2256],[174.653,-38.4283],[174.5974,-38.7851],[174.3984,-38.9626],[174.0714,-39.0312],[173.8443,-39.1394],[173.7637,-39.3187],[173.9344,-39.5091],[174.3521,-39.6434],[174.5675,-39.813],[174.8138,-39.8602],[175.0093,-39.9521],[175.2541,-40.2894],[175.1625,-40.6216],[175.0168,-40.8477],[174.6354,-41.2895],[174.875,-41.2782],[174.9061,-41.4329],[175.1656,-41.4174],[175.3098,-41.6106],[175.6873,-41.4117],[175.9829,-41.2133],[176.2518,-40.8769],[176.3852,-40.6677],[176.6115,-40.442],[176.6888,-40.2935],[176.8422,-40.1578],[177.1099,-39.6731],[176.9666,-39.6052],[176.9541,-39.3676],[177.1287,-39.1861],[177.4075,-39.0812],[177.9656,-39.1425],[177.9104,-39.0218],[177.9762,-38.7223],[178.2677,-38.5512],[178.3154,-38.444],[178.3939,-37.9603],[178.5362,-37.6921],[178.2722,-37.5669],[178.0092,-37.5549],[177.7273,-37.7056],[177.5583,-37.8975],[177.3359,-37.9908],[177.1618,-37.9857],[176.77,-37.8896],[176.2917,-37.6801],[176.1084,-37.6451],[176.1146,-37.5383],[175.9901,-37.437],[175.8762,-36.9577],[175.4608,-36.4757],[175.3855,-36.5563],[175.4874,-36.6896],[175.552,-37.0465],[175.5425,-37.2014],[175.3854,-37.2069],[175.2995,-36.9933],[174.7225,-36.8412],[174.8192,-36.6121],[174.7518,-36.4908],[174.8021,-36.3095],[174.5487,-36.0066],[174.391,-35.7737],[174.5435,-35.582],[174.3203,-35.2467],[174.1432,-35.3],[174.104,-35.1429],[173.8439,-35.0263],[173.4387,-34.9285],[173.2694,-34.9348]]]},"properties":{"scalerank":0,"featurecla":"Land","min_zoom":0}},
{"type":"Feature","geometry":{"type":"Polygon","coordinates":[[[173.1153,-41.2793],[172.9887,-40.8482],[172.7668,-40.7734],[172.6406,-40.5183],[172.2728,-40.7587],[172.1395,-40.9473],[172.0107,-41.4447],[171.8307,-41.6552],[171.4862,-41.7947],[171.3603,-42.08],[171.257,-42.4653],[171.0277,-42.6961],[170.7416,-42.9273],[170.3028,-43.1076],[170.0176,-43.3494],[169.6615,-43.5912],[169.5152,-43.6236],[169.1695,-43.7771],[168.8064,-43.992],[168.651,-43.9722],[168.3666,-44.082],[167.8565,-44.5007],[167.787,-44.595],[167.1945,-44.9635],[167.0259,-45.1236],[167.1273,-45.2658],[167.0521,-45.3832],[166.9086,-45.3074],[166.7783,-45.4097],[166.734,-45.5436],[166.836,-45.7745],[166.5129,-45.8117],[166.4932,-45.9639],[166.727,-45.9633],[166.7315,-46.1979],[167.1003,-46.2494],[167.3689,-46.2415],[167.4906,-46.1547],[167.6822,-46.193],[167.842,-46.3662],[168.1892,-46.3622],[168.3197,-46.4472],[168.3821,-46.6054],[168.7668,-46.5663],[169.0986,-46.6307],[169.3423,-46.6205],[169.6866,-46.5517],[169.9183,-46.3344],[170.1861,-46.1608],[170.4191,-45.941],[170.7763,-45.8709],[170.7006,-45.6843],[170.8899,-45.3739],[170.9396,-45.2164],[171.1133,-45.0393],[171.1979,-44.7679],[171.2311,-44.5212],[171.313,-44.3019],[171.4426,-44.1358],[171.659,-44.1172],[171.8906,-44.0069],[172.3853,-43.8296],[172.4804,-43.7267],[172.9206,-43.8914],[173.1169,-43.7979],[173.0732,-43.6762],[172.807,-43.621],[172.7186,-43.2588],[172.8889,-43.1242],[173.2212,-42.9766],[173.3476,-42.8408],[173.5451,-42.518],[173.8398,-42.2709],[173.888,-42.1302],[174.2154,-41.8502],[174.2831,-41.7406],[174.0924,-41.5052],[174.1021,-41.3659],[174.2371,-41.3122],[174.3025,-41.0195],[173.7379,-40.989],[173.2309,-41.2842],[173.1153,-41.2793]]]},"properties":{"scalerank":0,"featurecla":"Land","min_zoom":0}},
{"type":"Feature","geometry":{"type":"Polygon","coordinates":[[[126.006,9.3209],[125.8767,9.5131],[125.5209,9.7591],[125.414,9.6692],[125.5334,9.1409],[125.4987,9.0147],[125.2097,9.0271],[125.141,8.8688],[124.8689,8.9723],[124.7868,8.8741],[124.7312,8.563],[124.6218,8.5227],[124.4513,8.6063],[124.3252,8.5084],[124.2258,8.2714],[123.9969,8.159],[123.8774,8.1888],[123.8492,8.4327],[123.6801,8.6206],[123.4346,8.7033],[123.3412,8.5704],[123.1472,8.516],[123.0176,8.3983],[122.9963,8.2205],[122.9111,8.1564],[122.6729,8.1331],[122.3371,8.0284],[122.1318,7.8105],[122.0472,7.3636],[121.9246,7.1995],[121.9042,7.0752],[121.9643,6.9682],[122.0981,6.9137],[122.1762,7.0042],[122.3197,7.3402],[122.4979,7.6728],[122.6162,7.7631],[122.7918,7.7225],[122.843,7.5293],[122.9896,7.5463],[123.0967,7.7004],[123.1782,7.5294],[123.3909,7.4075],[123.4931,7.8079],[123.6658,7.8178],[123.9685,7.6646],[124.2066,7.3964],[124.1907,7.2673],[124.0451,7.1141],[123.9853,6.9937],[124.0781,6.4044],[124.2128,6.2333],[124.6363,5.9982],[124.9273,5.8753],[125.0354,5.8707],[125.174,6.047],[125.2685,6.0332],[125.2332,5.8083],[125.2879,5.6323],[125.4559,5.6643],[125.668,5.9787],[125.6707,6.225],[125.5885,6.4658],[125.3807,6.6899],[125.401,6.7958],[125.5422,7.0166],[125.6407,7.1051],[125.6893,7.263],[125.8244,7.3333],[125.9012,7.117],[126.0801,6.7334],[126.1098,6.4896],[126.1894,6.3097],[126.2402,6.7339],[126.294,6.8823],[126.4391,7.0124],[126.5815,7.2478],[126.5934,7.5468],[126.5701,7.6772],[126.4354,7.8328],[126.4587,8.2028],[126.3798,8.3268],[126.3653,8.4839],[126.173,8.5601],[126.1416,8.6273],[126.3195,8.8447],[126.3046,8.9521],[126.192,9.1249],[126.1934,9.2767],[126.006,9.3209]]]},"properties":{"scalerank":0,"featurecla":"Land","min_zoom":0}},
{"type":"Feature","geometry":{"type":"Polygon","coordinates":[[[121.1016,18.6153],[120.8138,18.6034],[120.5997,18.5079],[120.3584,17.6382],[120.4245,17.4383],[120.4089,16.9556],[120.3212,16.7619],[120.3053,16.5292],[120.3893,16.2216],[120.337,16.0665],[120.1598,16.0477],[120.0334,16.1846],[119.8308,16.3266],[119.7726,16.2551],[119.7689,16.0084],[119.8916,15.8377],[119.9328,15.4309],[120.0366,15.1146],[120.0821,14.8511],[120.2508,14.7933],[120.4388,14.4534],[120.5887,14.4831],[120.5468,14.7661],[120.7079,14.7766],[120.8881,14.7158],[120.9413,14.6451],[120.9221,14.4931],[120.6883,14.2912],[120.6168,14.188],[120.6371,13.8045],[120.7291,13.9005],[120.8407,13.8847],[121.2035,13.6403],[121.4463,13.7119],[121.5011,13.8422],[121.7779,13.9376],[122.0728,13.7884],[122.4069,13.4928],[122.5152,13.26],[122.6751,13.2532],[122.6679,13.3954],[122.508,13.6568],[122.468,13.8867],[122.5952,13.9076],[122.8962,13.5919],[123.1633,13.4417],[123.2955,13.2156],[123.3109,13.0441],[123.4023,13.0331],[123.6268,12.9118],[123.918,12.9399],[123.8778,12.6897],[124.0598,12.5671],[124.1373,12.7912],[124.1428,13.0358],[123.9552,13.0997],[123.7852,13.1105],[123.8192,13.2695],[123.6081,13.5281],[123.6071,13.7044],[123.8063,13.7217],[123.8576,13.7996],[123.726,13.8843],[123.4323,13.9663],[123.3203,14.0617],[123.297,13.8364],[123.2314,13.7474],[123.06,13.7888],[123.071,13.96],[123.0146,14.0798],[122.8561,14.2508],[122.4908,14.3224],[122.1997,14.148],[122.2744,14.0447],[122.2117,13.9302],[121.9117,14.0204],[121.8005,14.1139],[121.6485,14.4815],[121.6266,14.6817],[121.6954,14.7373],[121.5439,14.9992],[121.3923,15.3244],[121.607,15.6698],[121.5609,15.8268],[121.5953,15.9333],[121.7887,16.0774],[122.1352,16.1848],[122.2259,16.4352],[122.4258,16.8227],[122.5191,17.1249],[122.4075,17.1781],[122.3623,17.3449],[122.2368,17.4349],[122.151,17.7565],[122.1795,18.0643],[122.2938,18.2343],[122.2998,18.4028],[122.1467,18.4866],[122.0385,18.3279],[121.8456,18.2954],[121.593,18.3765],[121.2545,18.5634],[121.1016,18.6153]]]},"properties":{"scalerank":0,"featurecla":"Land","min_zoom":0}},
{"type":"Feature","geometry":{"type":"Polygon","coordinates":[[[133.4727,-0.7262],[133.0771,-0.5118],[132.8564,-0.4174],[132.6251,-0.3589],[132.3938,-0.3555],[132.1284,-0.4541],[131.8043,-0.7038],[131.4615,-0.7818],[131.2572,-0.8555],[131.2541,-1.0069],[131.1519,-1.2188],[131.0462,-1.2841],[130.9959,-1.4247],[131.1178,-1.4553],[131.2938,-1.3935],[131.7314,-1.5412],[131.9304,-1.5597],[131.9361,-1.7149],[132.0234,-1.9903],[132.3076,-2.2423],[132.5026,-2.2185],[132.9628,-2.2726],[133.2249,-2.2145],[133.4878,-2.2256],[133.7104,-2.1892],[133.9216,-2.1021],[133.9049,-2.3909],[133.7533,-2.4507],[133.7001,-2.6246],[133.6087,-2.5472],[133.191,-2.4378],[133.0338,-2.4874],[132.8973,-2.6582],[132.725,-2.7891],[132.5755,-2.7271],[132.2307,-2.6804],[131.9712,-2.7886],[132.0539,-2.9146],[132.3482,-2.9751],[132.7514,-3.2946],[132.8697,-3.551],[132.7539,-3.7036],[132.8371,-3.9489],[132.9686,-4.0949],[133.2487,-4.0623],[133.4009,-3.899],[133.4151,-3.7321],[133.5423,-3.5164],[133.5182,-3.4119],[133.6531,-3.3644],[133.723,-3.5779],[133.9738,-3.818],[134.1471,-3.7968],[134.2662,-3.9458],[134.391,-3.91],[134.5469,-3.9793],[134.7076,-3.9299],[134.6797,-4.0791],[134.7542,-4.1954],[135.1956,-4.4507],[135.4502,-4.4431],[135.9797,-4.5309],[136.2106,-4.6507],[136.3938,-4.7013],[136.6188,-4.8187],[136.8568,-4.8932],[137.0893,-4.9244],[137.3066,-5.0144],[137.7591,-5.2562],[138.0608,-5.4652],[138.0871,-5.7092],[138.2521,-5.6882],[138.2963,-5.949],[138.4387,-6.3434],[138.6981,-6.6257],[138.7267,-6.7312],[138.8646,-6.8584],[138.6014,-6.9365],[138.72,-7.0698],[138.9193,-7.2036],[138.7479,-7.2515],[138.9379,-7.4725],[139.088,-7.5872],[139.003,-7.8376],[138.9359,-7.9131],[138.8562,-8.1451],[138.9335,-8.2624],[139.193,-8.0861],[139.3856,-8.1891],[139.6494,-8.1254],[139.9348,-8.1012],[140.1017,-8.3006],[140.4897,-8.6204],[140.6615,-8.8468],[140.9246,-9.0851],[141.1332,-9.2213],[141.4057,-9.1507],[141.6216,-9.2113],[142.2296,-9.1699],[142.6472,-9.3278],[142.8592,-9.2026],[143.3662,-8.961],[143.3922,-8.8019],[143.3067,-8.6609],[143.1118,-8.4745],[142.7979,-8.345],[143.0949,-8.3112],[143.6138,-8.2004],[143.5516,-7.9847],[143.7793,-8.0282],[143.9423,-7.9442],[143.8982,-7.6738],[144.2254,-7.7649],[144.5099,-7.5674],[144.7734,-7.6425],[144.9738,-7.8021],[145.2875,-7.8616],[145.4678,-7.9301],[145.7287,-7.9524],[146.0332,-8.0764],[146.1841,-8.2464],[146.2965,-8.4556],[146.4559,-8.6436],[146.6966,-9.0254],[146.9133,-9.0917],[146.9254,-9.2472],[147.0172,-9.3879],[147.4083,-9.6747],[147.5531,-9.9124],[147.7687,-10.0701],[148.0514,-10.1283],[148.1505,-10.1073],[148.3834,-10.1854],[148.7129,-10.1669],[148.9368,-10.2552],[149.3526,-10.2897],[149.7541,-10.353],[149.948,-10.4826],[150.0168,-10.5771],[150.3199,-10.6549],[150.4824,-10.6369],[150.6472,-10.518],[150.4889,-10.4258],[150.4461,-10.3073],[150.6368,-10.338],[150.667,-10.2571],[150.3641,-10.1896],[149.8744,-10.013],[149.7612,-9.8059],[149.9847,-9.737],[149.9735,-9.6607],[149.7558,-9.6109],[149.4758,-9.5883],[149.2632,-9.4979],[149.203,-9.4068],[149.2641,-9.1808],[149.2477,-9.071],[149.0975,-9.0169],[148.7918,-9.0895],[148.5831,-9.0518],[148.4512,-8.6945],[148.2469,-8.5543],[148.1268,-8.1036],[147.9361,-7.9754],[147.7243,-7.8763],[147.19,-7.3781],[147.1049,-7.167],[146.9607,-6.9288],[146.9536,-6.8341],[147.1191,-6.7217],[147.3558,-6.7424],[147.7096,-6.7236],[147.8455,-6.6624],[147.8021,-6.3152],[147.5667,-6.0569],[147.3767,-5.9508],[147.0343,-5.9192],[146.4034,-5.6166],[146.2054,-5.5451],[145.8528,-5.4713],[145.7452,-5.4024],[145.7929,-5.1779],[145.767,-4.823],[145.3346,-4.3853],[145.0878,-4.3491],[144.9385,-4.1882],[144.7379,-4.0291],[144.6267,-3.9931],[144.4777,-3.8253],[144.122,-3.8152],[144.0158,-3.7836],[143.509,-3.4312],[142.9052,-3.3207],[142.2115,-3.0835],[141.9857,-2.9636],[141.8875,-2.9525],[141.6868,-2.845],[141.1856,-2.6278],[140.7475,-2.6071],[140.6226,-2.4458],[140.251,-2.412],[140.1546,-2.35],[139.7896,-2.3482],[139.0395,-1.9921],[138.8114,-1.9178],[138.6498,-1.7911],[138.1109,-1.6159],[137.9111,-1.4838],[137.8063,-1.4832],[137.3806,-1.6856],[137.1234,-1.8409],[137.1711,-2.0255],[137.0721,-2.1051],[136.8433,-2.1977],[136.3899,-2.2733],[136.2433,-2.5831],[136.013,-2.7343],[135.8592,-2.9953],[135.6277,-3.186],[135.4866,-3.3451],[135.3716,-3.3749],[135.0374,-3.3331],[134.9172,-3.2499],[134.8527,-3.1076],[134.8434,-2.9092],[134.7021,-2.9336],[134.6274,-2.5367],[134.4833,-2.583],[134.46,-2.8323],[134.1948,-2.3091],[134.1557,-2.1952],[134.1059,-1.721],[134.217,-1.5291],[134.2596,-1.363],[134.072,-1.0019],[134.1115,-0.8468],[133.9745,-0.7443],[133.4727,-0.7262]]]},"properties":{"scalerank":0,"featurecla":"Land","min_zoom":0}},
{"type":"Feature","geometry":{"type":"Polygon","coordinates":[[[124.8889,0.9953],[125.028,1.1802],[125.1175,1.3789],[125.2338,1.5023],[125.1648,1.6437],[124.9893,1.701],[124.7877,1.4676],[124.6002,1.3924],[124.5337,1.2305],[124.4108,1.1851],[124.2736,1.0223],[123.9308,0.8504],[123.8467,0.8382],[123.2781,0.9281],[122.9601,0.923],[122.8925,0.85],[122.4366,1.0181],[122.1082,1.0312],[121.8674,1.0885],[121.5918,1.068],[121.44,1.2144],[121.2084,1.2625],[121.0817,1.3276],[120.9121,1.289],[120.7549,1.0356],[120.6025,0.8544],[120.5166,0.8175],[120.2695,0.9708],[120.2298,0.8612],[120.0564,0.6925],[120.0352,0.5666],[119.9133,0.4451],[119.8093,0.2387],[119.8656,0.0401],[119.7219,-0.0885],[119.7717,-0.4836],[119.8452,-0.7732],[119.7113,-0.6808],[119.5082,-0.9067],[119.309,-1.4082],[119.3083,-1.6597],[119.3482,-1.8253],[119.3219,-1.9297],[119.1723,-2.14],[119.0922,-2.4829],[118.8533,-2.6502],[118.7837,-2.7647],[118.8581,-2.9285],[118.8125,-3.1566],[118.8677,-3.398],[118.9946,-3.5376],[119.24,-3.4753],[119.4198,-3.4754],[119.4945,-3.5541],[119.4937,-3.7686],[119.6236,-4.0344],[119.6117,-4.4235],[119.5155,-4.7419],[119.5195,-4.8773],[119.3604,-5.3142],[119.3762,-5.4248],[119.5574,-5.611],[119.7173,-5.6934],[119.9516,-5.5776],[120.3116,-5.5416],[120.3909,-5.3926],[120.2793,-5.1461],[120.3102,-4.9632],[120.4201,-4.6174],[120.3625,-4.0857],[120.383,-3.8523],[120.4366,-3.7073],[120.3924,-3.3481],[120.2541,-3.0528],[120.3414,-2.8696],[120.6536,-2.6676],[120.765,-2.6416],[120.9901,-2.6703],[121.0521,-2.7517],[121.0543,-3.1671],[120.9069,-3.404],[120.9143,-3.5558],[121.3127,-3.9194],[121.5374,-4.0148],[121.6181,-4.0927],[121.5412,-4.2829],[121.4865,-4.5811],[121.5887,-4.7596],[121.917,-4.8479],[122.0732,-4.7917],[122.0542,-4.6201],[122.2071,-4.4964],[122.4714,-4.4221],[122.7217,-4.4107],[122.8974,-4.3491],[122.8773,-4.1091],[122.6896,-4.0845],[122.61,-3.9234],[122.4346,-3.7398],[122.2529,-3.6204],[122.3173,-3.2751],[122.399,-3.2009],[122.3065,-3.0516],[122.2917,-2.9076],[122.0826,-2.7495],[121.8482,-2.3315],[121.726,-2.208],[121.575,-2.1509],[121.502,-2.045],[121.3488,-1.946],[121.3947,-1.8338],[121.5727,-1.9058],[121.7188,-1.8628],[121.8586,-1.6933],[122.1576,-1.5939],[122.3342,-1.4979],[122.5066,-1.3479],[122.8074,-0.966],[123.0494,-0.8724],[123.2258,-1.0018],[123.3779,-1.0041],[123.4342,-0.7782],[123.3797,-0.6485],[123.1715,-0.5707],[122.8295,-0.6589],[122.8888,-0.7552],[122.6588,-0.7698],[122.28,-0.757],[121.9696,-0.9333],[121.7377,-0.9257],[121.6327,-0.8403],[121.5193,-0.8556],[121.2769,-1.1182],[121.1485,-1.3395],[121.0337,-1.4065],[120.6674,-1.3701],[120.5176,-1.0395],[120.2698,-0.8992],[120.0975,-0.6499],[120.0317,-0.432],[120.0133,-0.1962],[120.1273,0.1666],[120.349,0.4492],[120.46,0.5103],[120.7004,0.5147],[121.013,0.4417],[121.4258,0.4948],[121.842,0.4366],[122.2808,0.4811],[123.0825,0.4858],[123.2654,0.3266],[123.7538,0.3055],[124.2168,0.3804],[124.4275,0.4706],[124.6981,0.8256],[124.8889,0.9953]]]},"properties":{"scalerank":0,"featurecla":"Land","min_zoom":0}},
{"type":"Feature","geometry":{"type":"Polygon","coordinates":[[[107.3739,-6.0076],[107.0463,-5.9042],[107.0116,-6.0085],[106.8252,-6.0982],[106.6759,-6.0384],[106.1658,-5.9647],[106.075,-5.9142],[105.8683,-6.1164],[105.7869,-6.4569],[105.6551,-6.4695],[105.5809,-6.671],[105.4837,-6.7815],[105.2734,-6.7294],[105.2555,-6.8353],[105.9443,-6.859],[106.1982,-6.9278],[106.5197,-7.0537],[106.4169,-7.2394],[106.4553,-7.3687],[106.6314,-7.4155],[107.285,-7.4717],[107.5469,-7.5419],[107.9175,-7.7241],[108.2205,-7.7823],[108.4518,-7.797],[108.5705,-7.7072],[108.7412,-7.6671],[108.9867,-7.7041],[109.2816,-7.7049],[109.8526,-7.8284],[110.0387,-7.8905],[110.6072,-8.1494],[111.0554,-8.2396],[111.3386,-8.2617],[111.51,-8.3051],[112.1151,-8.3239],[112.6788,-8.4092],[113.1337,-8.2883],[113.2533,-8.2867],[113.6926,-8.478],[114.1597,-8.6265],[114.277,-8.6146],[114.3832,-8.7054],[114.5838,-8.7696],[114.595,-8.6848],[114.4817,-8.6038],[114.3869,-8.4052],[114.385,-8.2633],[114.4442,-7.8956],[114.3827,-7.7711],[114.0707,-7.633],[113.7475,-7.703],[113.2484,-7.7182],[113.0136,-7.6577],[112.7945,-7.5524],[112.7943,-7.3045],[112.6487,-7.2213],[112.5393,-6.9265],[112.0873,-6.8934],[111.9898,-6.806],[111.7376,-6.7734],[111.5403,-6.6482],[111.3421,-6.6995],[111.1544,-6.669],[110.9723,-6.4356],[110.7369,-6.4724],[110.5836,-6.8057],[110.4263,-6.9473],[110.1984,-6.8951],[109.821,-6.9024],[109.5006,-6.8102],[109.2942,-6.867],[109.0184,-6.8173],[108.6778,-6.7905],[108.6036,-6.7292],[108.5159,-6.4712],[108.295,-6.265],[108.1376,-6.2967],[107.8838,-6.2333],[107.6668,-6.2158],[107.4747,-6.1218],[107.3739,-6.0076]]]},"properties":{"scalerank":0,"featurecla":"Land","min_zoom":0}},
{"type":"Feature","geometry":{"type":"Polygon","coordinates":[[[96.4926,5.2293],[96.1333,5.2943],[95.8413,5.5145],[95.6289,5.6091],[95.3961,5.6288],[95.2278,5.5648],[95.2471,5.4108],[95.2066,5.284],[95.4947,4.7614],[95.988,4.2633],[96.2301,4.0728],[96.4447,3.8163],[96.5254,3.7666],[96.801,3.7085],[96.9689,3.5751],[97.3913,2.9753],[97.5908,2.8466],[97.7008,2.3585],[97.795,2.2829],[98.0051,2.2382],[98.5643,1.9021],[98.7025,1.702],[98.7964,1.4946],[98.9355,1.0319],[99.1592,0.3518],[99.3346,0.2086],[99.5977,0.1024],[99.7213,-0.033],[99.8601,-0.3138],[100.0879,-0.5529],[100.3082,-0.8267],[100.3939,-1.1013],[100.4865,-1.2991],[100.8553,-1.9342],[100.848,-2.1439],[100.9444,-2.3452],[101.1186,-2.5878],[101.3057,-2.7287],[101.5786,-3.167],[101.8179,-3.378],[102.1275,-3.5992],[102.372,-3.9692],[102.5377,-4.1521],[102.9189,-4.4707],[103.1387,-4.5962],[103.4057,-4.8164],[103.8314,-5.0796],[104.0668,-5.3859],[104.6016,-5.9046],[104.684,-5.8927],[104.6182,-5.6415],[104.6396,-5.5204],[105.0813,-5.7455],[105.3494,-5.5495],[105.5227,-5.6728],[105.6186,-5.7996],[105.7483,-5.8183],[105.8161,-5.6766],[105.8872,-5.0096],[105.8865,-4.5539],[105.8314,-4.1629],[105.9277,-3.8813],[105.8438,-3.6137],[105.9015,-3.4101],[106.0584,-3.2172],[106.0443,-3.1062],[105.8991,-2.8878],[105.582,-2.492],[105.397,-2.3802],[105.0259,-2.3575],[104.8784,-2.4188],[104.7357,-2.5709],[104.6306,-2.5434],[104.6685,-2.3855],[104.8261,-2.2342],[104.8452,-2.093],[104.5688,-1.9218],[104.5159,-1.8194],[104.4469,-1.3624],[104.3605,-1.0384],[104.1985,-1.0543],[103.7211,-0.8867],[103.5327,-0.7547],[103.4312,-0.5336],[103.5092,-0.4655],[103.4052,-0.3622],[103.4285,-0.1918],[103.7867,0.047],[103.6727,0.2889],[103.4789,0.4802],[103.2766,0.4945],[102.8959,0.2786],[103.0665,0.492],[102.9493,0.6642],[102.8494,0.7155],[102.4692,0.7793],[102.2391,0.9903],[102.1572,1.2589],[102.0199,1.4421],[101.7848,1.6214],[101.4767,1.6931],[101.4051,1.7574],[101.3008,2.0118],[101.0462,2.2575],[100.9359,2.2947],[100.8282,2.2426],[100.8168,1.9893],[100.6853,2.1201],[100.457,2.2574],[100.3072,2.4666],[100.1272,2.6476],[99.9066,2.9882],[99.7323,3.1831],[99.5215,3.3112],[99.1512,3.5813],[98.7779,3.7594],[98.6587,3.9281],[98.3073,4.0929],[98.2412,4.1945],[98.2484,4.4146],[98.0207,4.6352],[97.9084,4.88],[97.5472,5.2059],[97.4512,5.236],[97.1904,5.2073],[96.8427,5.2745],[96.6152,5.2202],[96.4926,5.2293]]]},"properties":{"scalerank":0,"featurecla":"Land","min_zoom":0}},
{"type":"Feature","geometry":{"type":"Polygon","coordinates":[[[116.8077,6.6911],[116.833,6.9521],[116.7498,6.9771],[116.4947,6.5217],[116.1384,6.1295],[116.0598,5.8824],[115.7969,5.5361],[115.5564,5.5667],[115.419,5.4132],[115.4669,5.2541],[115.582,5.1941],[115.5198,5.0489],[115.3749,4.9328],[115.0268,4.8997],[114.9954,5.0224],[114.7408,4.881],[114.5447,4.7246],[114.2994,4.6072],[114.0536,4.5929],[113.9239,4.2432],[113.7121,4.0014],[113.4461,3.7406],[113.0447,3.2052],[112.7373,3.0705],[112.1188,2.9147],[111.7277,2.8538],[111.5125,2.743],[111.4433,2.6343],[111.4438,2.3815],[111.2422,2.4357],[111.1955,2.2972],[111.2682,2.1397],[111.17,1.9023],[111.1542,1.7388],[110.9399,1.5173],[110.6752,1.548],[110.3492,1.7197],[110.2459,1.6947],[109.9846,1.7176],[109.7196,1.8578],[109.6289,2.0275],[109.3785,1.9227],[109.2731,1.7055],[109.0759,1.4959],[108.9586,1.1346],[108.9059,0.7939],[108.9445,0.3557],[109.0748,0.2528],[109.2575,0.0312],[109.1946,-0.0094],[109.1218,-0.265],[109.1605,-0.4949],[109.3728,-0.6382],[109.271,-0.732],[109.3335,-0.8754],[109.4538,-0.8687],[109.7874,-1.0113],[109.9381,-1.1812],[110.0192,-1.3988],[110.0234,-1.6426],[109.9599,-1.8628],[110.075,-1.9464],[110.2243,-2.6887],[110.2326,-2.9251],[110.574,-2.8914],[110.7031,-3.0209],[110.8111,-2.9385],[110.8688,-3.0487],[111.0443,-3.0558],[111.3676,-2.9337],[111.6255,-2.9755],[111.6947,-2.8895],[111.823,-3.0572],[111.8221,-3.5325],[111.9549,-3.5297],[112.1267,-3.3814],[112.285,-3.321],[112.6003,-3.4005],[112.9715,-3.1871],[113.034,-2.9335],[113.3432,-3.2465],[113.526,-3.1841],[113.6301,-3.2461],[113.6336,-3.4199],[113.7958,-3.4562],[113.9588,-3.3943],[114.0822,-3.2789],[114.446,-3.4818],[114.5361,-3.4944],[114.606,-3.7033],[114.6253,-4.1117],[114.6936,-4.1697],[115.2582,-3.9068],[115.9562,-3.595],[116.0575,-3.3482],[116.1671,-3.183],[116.1723,-3.0253],[116.3307,-2.9021],[116.3755,-2.578],[116.5293,-2.5105],[116.5654,-2.2997],[116.5281,-2.2079],[116.314,-2.1398],[116.4235,-2.0525],[116.4243,-1.7849],[116.5545,-1.4739],[116.7152,-1.3758],[116.771,-1.2666],[117.0032,-1.1877],[117.2407,-0.9257],[117.5625,-0.7709],[117.5489,-0.5544],[117.4629,-0.3237],[117.5222,0.2359],[117.7451,0.7296],[117.923,0.8313],[118.0163,1.0392],[118.1961,0.8744],[118.5348,0.8135],[118.8924,0.8869],[118.985,0.9821],[118.639,1.319],[118.4717,1.4165],[118.0804,1.7019],[117.8646,1.9684],[117.8811,2.0606],[118.0416,2.2154],[118.0666,2.3178],[117.8857,2.5417],[117.7859,2.7468],[117.6389,2.8253],[117.6106,3.0644],[117.3524,3.1938],[117.3847,3.3654],[117.1664,3.592],[117.1716,3.639],[117.4504,3.6285],[117.5097,3.7304],[117.6299,3.6363],[117.7772,3.6893],[117.7282,3.7967],[117.566,3.9299],[117.4653,4.0761],[117.741,4.3375],[118.0082,4.2502],[118.498,4.3624],[118.5625,4.5021],[118.3242,4.6687],[118.1854,4.8285],[118.2605,4.9889],[118.3818,5.0185],[118.6721,4.9641],[119.1322,5.1005],[119.2497,5.1987],[119.2234,5.4126],[118.9573,5.429],[118.5948,5.5921],[118.4563,5.7634],[118.2491,5.8206],[117.9736,5.7063],[117.9348,5.7875],[118.1158,5.8625],[118.0038,6.0533],[117.8177,5.9404],[117.6172,5.9407],[117.6159,6.1965],[117.6956,6.2723],[117.6457,6.4737],[117.294,6.6769],[117.2524,6.9192],[117.1285,6.9689],[116.9133,6.6597],[116.8077,6.6911]]]},"properties":{"scalerank":0,"featurecla":"Land","min_zoom":0}},
{"type":"Feature","geometry":{"type":"Polygon","coordinates":[[[67.7653,76.2376],[68.1654,76.2849],[68.8998,76.5729],[68.8733,76.7896],[68.4857,76.9337],[67.535,77.0078],[66.8288,76.9238],[66.063,76.7461],[65.8629,76.6133],[64.4635,76.3782],[62.9715,76.2367],[62.4711,76.2305],[61.7871,76.291],[61.2017,76.282],[61.0539,76.1199],[60.2793,76.0962],[60.0361,75.9838],[58.8813,75.8548],[57.7834,75.5067],[57.6068,75.3413],[57.0875,75.3838],[56.5703,75.0978],[56.0355,75.1942],[55.8101,75.1249],[55.998,75.0034],[56.4987,74.9571],[55.9137,74.7961],[55.5822,74.6277],[56.0783,74.4813],[55.3409,74.4196],[54.6427,73.9596],[53.7629,73.7662],[54.2046,73.542],[54.2999,73.351],[55.0068,73.4539],[55.5492,73.3568],[56.4304,73.2972],[56.9639,73.3666],[57.1344,73.5044],[57.5426,73.6582],[57.8723,73.8504],[57.7674,74.0138],[58.4414,74.1289],[58.665,74.2893],[58.5347,74.4989],[59.101,74.5075],[59.2401,74.693],[60.2225,74.7966],[60.6554,75.055],[61.356,75.3148],[63.6595,75.6688],[64.2626,75.7197],[66.2824,75.9837],[67.7653,76.2376]]]},"properties":{"scalerank":0,"featurecla":"Land","min_zoom":0}},
{"type":"Feature","geometry":{"type":"Polygon","coordinates":[[[55.3198,73.3083],[54.8039,73.3876],[54.091,73.2765],[53.7532,73.2933],[53.1979,73.1476],[53.2473,72.9731],[52.8122,72.8752],[52.5285,72.7374],[52.9166,72.6689],[52.6221,72.301],[52.2521,72.1297],[51.8854,72.1532],[51.5825,72.0712],[51.4387,71.7768],[51.5904,71.5711],[51.8126,71.4913],[52.4188,71.5369],[52.909,71.495],[53.3639,71.5417],[53.41,71.3401],[53.8861,71.1963],[53.5878,71.0523],[53.7224,70.8145],[54.6012,70.6801],[55.6873,70.6922],[56.1425,70.6579],[56.4346,70.563],[56.6488,70.6465],[57.1459,70.5891],[57.6254,70.7288],[56.8948,70.927],[56.4544,71.1074],[56.0432,71.3456],[55.2979,71.9354],[55.5181,72.2207],[55.356,72.4651],[55.6164,72.5991],[55.7234,72.7664],[56.0838,72.7894],[56.189,73.033],[56.4296,73.2012],[56.1377,73.2562],[55.3198,73.3083]]]},"properties":{"scalerank":0,"featurecla":"Land","min_zoom":0}},
{"type":"Feature","geometry":{"type":"Polygon","coordinates":[[[142.761,54.3939],[142.5517,54.279],[142.335,54.2807],[142.6702,53.9684],[142.6429,53.7368],[142.5092,53.5876],[142.5262,53.4475],[142.3189,53.4055],[142.142,53.4956],[141.9645,53.4564],[141.8235,53.3395],[141.8736,53.0389],[141.8033,52.5556],[141.6608,52.2729],[141.6685,51.9334],[141.8081,51.7892],[141.7224,51.7363],[142.006,51.5205],[142.2067,51.2226],[142.2079,50.9985],[142.1005,50.7765],[142.0711,50.515],[142.1531,50.2167],[142.1423,49.5691],[142.0201,49.0785],[141.8663,48.7501],[142.1354,48.2901],[142.1817,48.0134],[141.9641,47.5875],[142.0387,47.1403],[141.8665,46.6942],[141.8304,46.4511],[141.9616,46.0135],[142.0771,45.917],[142.2086,46.0889],[142.4064,46.5547],[142.578,46.7008],[142.8293,46.6053],[143.2823,46.559],[143.3521,46.4762],[143.4187,46.222],[143.5807,46.3607],[143.4473,46.792],[143.2177,46.7949],[143.0056,47.2227],[142.864,47.3918],[142.6701,47.5369],[142.5569,47.7379],[142.5742,48.0722],[143.105,49.1988],[143.3822,49.2907],[143.7323,49.312],[144.1255,49.2085],[144.5363,48.8936],[144.2721,49.3113],[144.0479,49.8958],[143.816,50.2826],[143.736,50.5067],[143.4555,51.4715],[143.3205,51.5833],[143.2947,51.7443],[143.1556,52.0837],[143.1723,52.3494],[143.3236,52.6136],[143.3247,52.9631],[143.2236,53.296],[142.918,53.7942],[142.9762,54.141],[142.761,54.3939]]]},"properties":{"scalerank":0,"featurecla":"Land","min_zoom":0}},
{"type":"Feature","geometry":{"type":"Polygon","coordinates":[[[143.8243,44.117],[143.2886,44.3966],[142.8848,44.6701],[142.7041,44.8192],[142.416,45.125],[141.9377,45.5095],[141.668,45.4013],[141.583,45.156],[141.719,44.9411],[141.7822,44.7164],[141.7609,44.4825],[141.6608,44.2636],[141.6447,44.0194],[141.3977,43.6426],[141.4123,43.3815],[141.2963,43.1997],[141.1382,43.1799],[140.7807,43.215],[140.4869,43.3382],[140.3975,43.1673],[140.4864,43.0499],[140.4322,42.9541],[140.2241,42.7955],[139.8911,42.6492],[139.8209,42.3876],[139.8951,42.19],[140.0568,42.0673],[140.1084,41.9129],[139.9953,41.5764],[140.1486,41.4232],[140.385,41.5193],[140.4892,41.6722],[140.6599,41.8156],[140.9995,41.7374],[141.151,41.8051],[140.7338,42.1164],[140.5275,42.1318],[140.3152,42.3343],[140.4805,42.5594],[140.7098,42.5556],[140.9861,42.3421],[141.4066,42.5469],[141.8514,42.5791],[142.5082,42.258],[143.2365,42.0002],[143.4295,42.4189],[143.581,42.5987],[143.9693,42.8814],[144.3016,42.9844],[144.6308,42.9469],[145.0288,43.0316],[145.3475,43.1767],[145.3408,43.3025],[145.1011,43.7646],[145.1264,43.8694],[145.352,44.2298],[145.3428,44.3339],[144.7985,43.9402],[144.4818,43.9496],[144.1014,44.1016],[143.8243,44.117]]]},"properties":{"scalerank":0,"featurecla":"Land","min_zoom":0}},
{"type":"Feature","geometry":{"type":"Polygon","coordinates":[[[141.2293,41.3727],[140.9369,41.5056],[140.8596,41.4254],[140.8006,41.1388],[141.2004,41.2436],[141.2621,41.1027],[141.1186,40.8823],[140.936,40.9408],[140.8008,40.8343],[140.6794,40.8933],[140.6276,41.1954],[140.3859,41.2298],[140.3152,41.1609],[140.3436,41.0057],[140.2813,40.8461],[140.0293,40.7332],[139.9229,40.5984],[140.0145,40.3149],[139.908,40.0217],[140.0547,39.7493],[140.0481,39.4637],[139.9123,39.2286],[139.802,38.8816],[139.5802,38.5989],[139.4768,38.3998],[139.401,38.1426],[139.2472,38.0091],[138.8851,37.8439],[138.7094,37.5606],[138.5483,37.3921],[138.3199,37.2184],[137.9132,37.0646],[137.5141,36.9516],[137.3426,36.7704],[137.1237,36.7741],[137.0167,36.8372],[136.924,37.172],[137.1521,37.2832],[137.3375,37.4375],[137.3227,37.5221],[136.8435,37.3821],[136.7192,37.1984],[136.7493,36.951],[136.6981,36.742],[136.359,36.3618],[136.1563,36.2233],[136.0063,35.9906],[136.0953,35.7676],[135.9031,35.6069],[135.6803,35.5031],[135.327,35.5255],[135.232,35.5919],[135.1743,35.7471],[134.8822,35.6632],[134.4561,35.6279],[134.2141,35.5393],[133.8603,35.4949],[133.6154,35.5114],[133.3765,35.4588],[133.2672,35.5565],[132.9229,35.5113],[132.6977,35.4183],[132.619,35.3068],[131.8561,34.7263],[131.608,34.6155],[131.3544,34.4132],[131.0042,34.3926],[130.8893,34.2618],[130.9188,33.9757],[131.0719,34.0207],[131.2326,33.948],[131.4762,34.0194],[131.7405,34.0521],[132.0902,33.8555],[132.202,34.032],[132.2381,34.227],[132.4213,34.3534],[132.6565,34.2461],[133.0189,34.3296],[133.1424,34.3024],[133.4453,34.4332],[133.9683,34.5273],[134.2083,34.6977],[134.5838,34.7706],[134.74,34.7652],[135.0417,34.631],[135.3552,34.6543],[135.3848,34.5004],[135.1001,34.2884],[135.1279,34.007],[135.1754,33.898],[135.3468,33.722],[135.4528,33.5534],[135.6953,33.487],[135.9162,33.5617],[136.3299,34.1769],[136.5444,34.2577],[136.8537,34.3241],[136.8803,34.4336],[136.6158,34.5891],[136.533,34.6784],[136.69,34.9841],[136.8519,35.0595],[136.8846,34.8059],[137.0322,34.7659],[137.2752,34.7725],[137.3181,34.6364],[137.5434,34.6642],[137.979,34.6409],[138.1891,34.5963],[138.2532,34.7327],[138.5771,35.0865],[138.7196,35.1241],[138.8027,34.9748],[138.761,34.6992],[138.8375,34.6192],[138.9826,34.6984],[139.086,34.8392],[139.1158,35.0971],[139.2494,35.278],[139.4744,35.2985],[139.6359,35.1421],[139.744,35.2524],[139.65,35.4091],[139.7678,35.4948],[139.8348,35.6581],[139.9875,35.6682],[140.0863,35.5404],[139.8265,35.2967],[139.7992,34.9569],[139.9204,34.8996],[140.0592,35.0383],[140.3147,35.155],[140.4165,35.267],[140.4574,35.5103],[140.6393,35.6613],[140.874,35.725],[140.622,36.0592],[140.5735,36.2313],[140.6273,36.5028],[140.7918,36.8469],[140.9684,37.0021],[141.0363,37.4672],[140.9279,37.9496],[140.9621,38.1489],[141.1084,38.3379],[141.4675,38.4042],[141.5463,38.7628],[141.6586,38.9749],[141.9008,39.1113],[141.977,39.4288],[141.9778,39.8444],[141.7971,40.2912],[141.6463,40.4736],[141.4628,40.6111],[141.4,41.0963],[141.4555,41.4047],[141.2293,41.3727]]]},"properties":{"scalerank":0,"featurecla":"Land","min_zoom":0}},
{"type":"Feature","geometry":{"type":"Polygon","coordinates":[[[134.3574,34.2563],[134.0759,34.3584],[133.9483,34.348],[133.7063,34.2374],[133.582,34.0171],[133.1337,33.9273],[132.9901,34.0881],[132.7843,33.9924],[132.6431,33.6899],[132.3659,33.5125],[132.4052,33.3313],[132.5114,33.2931],[132.4758,33.1265],[132.4951,32.9166],[132.709,32.9025],[132.6922,32.7759],[132.8699,32.7546],[132.9772,32.842],[133.2859,33.36],[133.632,33.511],[133.9587,33.4483],[134.1816,33.2472],[134.2427,33.4395],[134.3771,33.6084],[134.7389,33.8205],[134.6353,34.0439],[134.6375,34.2266],[134.3574,34.2563]]]},"properties":{"scalerank":0,"featurecla":"Land","min_zoom":1.5}},
{"type":"Feature","geometry":{"type":"Polygon","coordinates":[[[131.1746,33.6026],[131.0581,33.6729],[130.9531,33.872],[130.7156,33.9278],[130.4838,33.8346],[130.365,33.6345],[130.168,33.5983],[130.0721,33.5218],[129.66,33.365],[129.5801,33.2363],[129.8968,33.0224],[129.8283,32.8927],[129.8268,32.7253],[130.0541,32.7708],[130.2455,32.6771],[130.3404,32.7019],[130.3265,32.8526],[130.175,32.8513],[130.1269,33.1048],[130.2375,33.1776],[130.3817,33.0926],[130.5473,32.8316],[130.6405,32.6192],[130.462,32.3049],[130.3191,32.1435],[130.1944,32.0908],[130.1879,31.7688],[130.322,31.6015],[130.2941,31.4507],[130.1473,31.4085],[130.2007,31.2919],[130.5888,31.1785],[130.6445,31.2675],[130.5281,31.4597],[130.6551,31.7184],[130.7897,31.2691],[130.6857,31.0151],[130.9022,31.1121],[131.0984,31.2562],[131.0352,31.3777],[131.1397,31.4418],[131.3372,31.4047],[131.46,31.6708],[131.4603,31.8835],[131.5646,32.223],[131.7321,32.5928],[131.9767,32.8439],[131.9493,33.0471],[131.8479,33.1181],[131.8966,33.2546],[131.5374,33.2741],[131.7106,33.5023],[131.583,33.6524],[131.4188,33.5844],[131.1746,33.6026]]]},"properties":{"scalerank":0,"featurecla":"Land","min_zoom":0}},
{"type":"Feature","geometry":{"type":"Polygon","coordinates":[[[121.0088,22.6204],[121.2959,22.9666],[121.3975,23.1725],[121.4771,23.4241],[121.6394,24.1301],[121.737,24.2853],[121.828,24.5344],[121.8201,24.8245],[121.929,24.9737],[121.8528,25.1044],[121.5937,25.2753],[121.4496,25.249],[121.3654,25.1592],[121.0406,25.0328],[120.9016,24.8133],[120.6297,24.4785],[120.159,23.709],[120.143,23.3991],[120.0725,23.1498],[120.2328,22.7179],[120.3256,22.5424],[120.5813,22.3564],[120.678,22.1597],[120.6901,22.0331],[120.8398,21.925],[120.8974,22.3792],[121.0088,22.6204]]]},"properties":{"scalerank":0,"featurecla":"Land","min_zoom":1}},
{"type":"Feature","geometry":{"type":"Polygon","coordinates":[[[110.8888,19.9919],[110.6785,20.1371],[110.5882,19.9764],[110.4176,20.0547],[110.1716,20.0537],[109.9063,19.9627],[109.6514,19.9844],[109.5137,19.9042],[109.3148,19.9044],[109.2189,19.8428],[109.1791,19.6741],[109.0629,19.6136],[108.6936,19.3383],[108.65,19.265],[108.6356,18.9077],[108.7016,18.5353],[109.0299,18.3678],[109.4001,18.2811],[109.5193,18.2183],[109.7027,18.2591],[109.8156,18.3967],[110.0674,18.4476],[110.0485,18.5052],[110.2518,18.6558],[110.4513,18.7479],[110.5722,19.1719],[110.8223,19.5579],[111.0137,19.6555],[110.9707,19.8833],[110.8888,19.9919]]]},"properties":{"scalerank":0,"featurecla":"Land","min_zoom":1}},
{"type":"Feature","geometry":{"type":"Polygon","coordinates":[[[79.9823,9.8127],[80.0863,9.5778],[80.1184,9.3269],[80.0648,9.0957],[79.9289,8.8992],[79.9418,8.6915],[79.8509,8.4116],[79.8089,8.05],[79.7078,8.0657],[79.7921,7.5852],[79.8594,6.8293],[80.0072,6.3644],[80.0953,6.1532],[80.2674,6.0098],[80.4958,5.9494],[80.7241,5.9791],[81.38,6.2409],[81.6374,6.4251],[81.7678,6.6143],[81.8614,6.9013],[81.8741,7.2883],[81.6829,7.6845],[81.6654,7.7825],[81.4359,8.1189],[81.3729,8.4314],[81.227,8.5055],[81.1982,8.662],[80.8935,9.0859],[80.7111,9.3664],[80.376,9.6423],[80.2528,9.7963],[79.9823,9.8127]]]},"properties":{"scalerank":0,"featurecla":"Land","min_zoom":1}},
{"type":"Feature","geometry":{"type":"Polygon","coordinates":[[[49.5383,-12.4321],[49.364,-12.2363],[49.3121,-12.1239],[49.207,-12.0796],[48.8996,-12.4585],[48.7863,-12.4709],[48.8942,-12.7217],[48.9104,-12.9358],[48.7965,-13.2675],[48.6214,-13.426],[48.4051,-13.538],[48.2553,-13.7193],[48.0398,-13.5963],[47.896,-13.7307],[47.9014,-13.8582],[47.9955,-13.9604],[47.7733,-14.3699],[47.8115,-14.5448],[47.5247,-14.9922],[47.4964,-14.8184],[47.352,-14.7661],[47.2805,-14.9427],[47.0926,-15.1501],[47.1334,-15.3617],[47.0323,-15.4227],[46.9933,-15.2432],[46.882,-15.2296],[46.4751,-15.5135],[46.3314,-15.7137],[45.7002,-15.8138],[45.5982,-15.9926],[45.3422,-16.0367],[45.1668,-15.9828],[44.9092,-16.1745],[44.4762,-16.2173],[44.4271,-16.2891],[44.4214,-16.7026],[43.9794,-17.3916],[43.9436,-17.5814],[43.9936,-17.6903],[44.04,-18.2885],[44.1088,-18.5035],[44.2331,-18.7406],[44.2388,-19.0752],[44.4488,-19.4287],[44.4047,-19.9221],[44.3481,-20.1455],[44.2396,-20.3797],[43.9111,-20.8658],[43.8002,-21.1792],[43.5019,-21.3564],[43.4378,-21.6467],[43.3427,-21.7904],[43.2666,-22.0493],[43.2648,-22.3836],[43.3979,-22.8863],[43.5695,-23.0805],[43.7223,-23.5297],[43.6461,-23.7419],[43.6875,-24.3579],[43.8516,-24.5384],[44.0354,-24.9957],[44.2562,-25.1169],[44.3459,-25.2261],[44.8129,-25.3342],[45.1152,-25.5431],[45.508,-25.5632],[46.1587,-25.2304],[46.3867,-25.1728],[46.7285,-25.1499],[47.035,-24.979],[47.1773,-24.7872],[47.2729,-24.5644],[47.3726,-24.2185],[47.558,-23.8746],[47.6041,-23.6331],[47.7395,-23.2334],[47.8583,-22.7473],[47.9084,-22.4658],[48.1759,-21.8431],[48.3508,-21.349],[48.4686,-20.9],[48.607,-20.4575],[48.7975,-19.9532],[48.9181,-19.5305],[49.0601,-19.1196],[49.2033,-18.7923],[49.3629,-18.3363],[49.4778,-17.8985],[49.4937,-17.6695],[49.4371,-17.3467],[49.5396,-17.0329],[49.6369,-16.8929],[49.7672,-16.8151],[49.734,-16.703],[49.8391,-16.4865],[49.8311,-16.2559],[49.7128,-16.0768],[49.6971,-15.8114],[49.6499,-15.567],[49.7438,-15.4495],[49.8926,-15.4577],[50.0204,-15.8018],[50.209,-15.9604],[50.4046,-15.6291],[50.4827,-15.3856],[50.4413,-15.1493],[50.3135,-14.9368],[50.2354,-14.732],[50.1738,-14.0402],[50.0734,-13.5779],[49.9672,-13.2702],[49.9375,-13.0723],[49.6378,-12.6371],[49.5383,-12.4321]]]},"properties":{"scalerank":0,"featurecla":"Land","min_zoom":0}},
{"type":"Feature","geometry":{"type":"Polygon","coordinates":[[[53.1096,38.8031],[53.0552,39.0379],[53.0186,39.0527],[53.0459,38.8972],[53.1096,38.8031]]]},"properties":{"scalerank":0,"featurecla":"Land","min_zoom":3}},
{"type":"Feature","geometry":{"type":"Polygon","coordinates":[[[50.1845,44.8546],[50.0981,44.8815],[50.0389,44.9491],[49.9951,44.937],[50.0953,44.8306],[50.1845,44.8546]]]},"properties":{"scalerank":0,"featurecla":"Land","min_zoom":3}},
{"type":"Feature","geometry":{"type":"Polygon","coordinates":[[[50.3117,44.9721],[50.3497,45.083],[50.2949,45.0759],[50.2562,45.0224],[50.3117,44.9721]]]},"properties":{"scalerank":0,"featurecla":"Land","min_zoom":4}},
{"type":"Feature","geometry":{"type":"Polygon","coordinates":[[[-159.0529,-79.8074],[-158.9966,-79.7352],[-159.6841,-79.4024],[-161.643,-78.901],[-162.39,-78.7602],[-163.2561,-78.7221],[-164.1255,-78.9953],[-164.2258,-79.3208],[-163.7124,-79.442],[-161.8655,-79.7035],[-160.3021,-79.8445],[-159.0529,-79.8074]]]},"properties":{"scalerank":0,"featurecla":"Land","min_zoom":1}},
{"type":"Feature","geometry":{"type":"Polygon","coordinates":[[[-70.3341,-79.6799],[-69.7317,-79.6184],[-69.6865,-79.4434],[-69.2509,-79.2104],[-67.481,-78.6824],[-66.7281,-78.3837],[-67.4785,-78.3625],[-70.544,-78.8837],[-71.2545,-79.0597],[-71.6675,-79.2457],[-71.7835,-79.4443],[-71.5258,-79.6236],[-70.3341,-79.6799]]]},"properties":{"scalerank":0,"featurecla":"Land","min_zoom":1.5}},
{"type":"Feature","geometry":{"type":"Polygon","coordinates":[[[-45.2227,-78.8107],[-45.0678,-78.6614],[-43.9472,-78.5976],[-43.8086,-78.2865],[-44.3398,-78.0929],[-45.5303,-77.8814],[-46.8257,-77.7853],[-47.6921,-77.8401],[-49.0812,-78.0475],[-49.3541,-78.2225],[-50.2196,-78.6053],[-50.7331,-79.2827],[-50.3393,-79.4795],[-51.7113,-79.9898],[-52.2972,-80.1412],[-53.4823,-80.189],[-54.3472,-80.5694],[-54.1625,-80.8701],[-49.773,-80.7842],[-49.1875,-80.6428],[-43.5279,-80.1914],[-43.7582,-80.0205],[-43.2673,-79.9786],[-42.99,-79.8013],[-42.9654,-79.4771],[-43.5443,-78.902],[-43.7221,-78.8185],[-45.2227,-78.8107]]]},"properties":{"scalerank":0,"featurecla":"Land","min_zoom":0}},
{"type":"Feature","geometry":{"type":"Polygon","coordinates":[[[-59.7339,-80.3441],[-59.7063,-79.8753],[-59.8733,-79.777],[-60.5788,-79.741],[-61.3431,-79.8868],[-61.6943,-80.1344],[-61.3128,-80.3065],[-62.5188,-80.3733],[-65.9801,-80.3845],[-66.1837,-80.442],[-64.2683,-80.7485],[-64.065,-80.6504],[-63.144,-80.5948],[-62.9404,-80.7658],[-62.0233,-80.8891],[-60.5828,-80.9481],[-59.8255,-80.7333],[-59.7339,-80.3441]]]},"properties":{"scalerank":0,"featurecla":"Land","min_zoom":1}},
{"type":"Feature","geometry":{"type":"Polygon","coordinates":[[[-70.0511,-69.1891],[-70.1055,-68.9594],[-70.417,-68.789],[-71.3916,-68.8735],[-71.869,-68.941],[-72.1379,-69.1146],[-72.0807,-69.2672],[-71.7429,-69.4228],[-71.8536,-69.9693],[-71.6961,-70.0678],[-71.1205,-70.1965],[-70.7195,-70.1395],[-70.3276,-70.1597],[-69.9753,-70.3602],[-70.3281,-70.3612],[-71.0611,-70.5371],[-71.19,-70.6596],[-71.0494,-70.7621],[-70.2987,-70.8361],[-70.2677,-70.9647],[-71.194,-70.9848],[-71.7185,-71.1451],[-72.3563,-71.0748],[-73.0604,-71.127],[-72.9055,-71.2231],[-72.4301,-71.275],[-72.6216,-71.3884],[-73.3974,-71.3212],[-73.6045,-71.3508],[-73.5454,-71.573],[-74.1872,-71.383],[-74.4254,-71.4569],[-74.3918,-71.6382],[-74.8631,-71.5434],[-75.2926,-71.6149],[-75.3531,-71.8784],[-74.7858,-72.0636],[-74.4293,-72.0556],[-73.8993,-72.1523],[-73.5371,-72.0224],[-73.6329,-71.835],[-72.9276,-71.9217],[-72.4122,-71.6623],[-71.8162,-71.8219],[-70.821,-71.9065],[-71.1066,-72.0471],[-71.8976,-72.1208],[-71.4125,-72.2845],[-70.6414,-72.1696],[-70.206,-72.2277],[-70.4277,-72.3226],[-70.8726,-72.3664],[-72.135,-72.3313],[-72.6182,-72.2751],[-73.0864,-72.4078],[-72.8876,-72.5467],[-72.3675,-72.6697],[-71.8461,-72.6394],[-70.7313,-72.6229],[-70.5435,-72.6645],[-69.2093,-72.5342],[-69.1493,-72.4266],[-68.64,-72.2098],[-68.241,-71.8222],[-68.2779,-71.0971],[-68.336,-70.8561],[-68.7306,-70.4081],[-69.0913,-70.0903],[-69.4169,-69.5832],[-69.7076,-69.3209],[-70.0511,-69.1891]]]},"properties":{"scalerank":0,"featurecla":"Land","min_zoom":1}},
{"type":"Feature","geometry":{"type":"Polygon","coordinates":[[[-69.167,-52.6676],[-69.4141,-52.4862],[-69.4984,-52.4914],[-69.7636,-52.7313],[-69.9936,-52.8213],[-70.1896,-52.7236],[-70.3801,-52.752],[-70.1306,-52.9428],[-70.3907,-53.0265],[-70.4603,-53.2062],[-70.3293,-53.3776],[-70.0904,-53.4182],[-69.637,-53.3341],[-69.3936,-53.3734],[-69.3524,-53.48],[-69.9497,-53.6716],[-70.1488,-53.7611],[-70.1511,-53.8881],[-69.9881,-54.1091],[-69.0443,-54.4067],[-69.2532,-54.5574],[-69.4193,-54.4071],[-69.7418,-54.3059],[-69.867,-54.3675],[-70.169,-54.3793],[-70.38,-54.1807],[-70.5353,-54.1361],[-70.6298,-54.0056],[-70.3797,-53.9867],[-70.5313,-53.6273],[-70.6956,-53.7274],[-70.6445,-53.8229],[-70.8677,-53.8842],[-70.8631,-54.1104],[-70.7599,-54.2413],[-70.54,-54.3034],[-70.2977,-54.4855],[-70.7011,-54.4854],[-70.6988,-54.3488],[-70.8982,-54.3379],[-71.1588,-54.4506],[-71.3552,-54.3954],[-71.6063,-54.4972],[-71.7158,-54.4437],[-71.9277,-54.5287],[-71.8315,-54.6262],[-71.4409,-54.6196],[-71.2292,-54.6941],[-70.9247,-54.7144],[-70.4972,-54.8096],[-70.2817,-54.7518],[-70.0305,-54.8155],[-69.7234,-54.7121],[-69.4863,-54.8589],[-69.0816,-54.9099],[-68.3317,-54.8163],[-66.9305,-54.9249],[-66.5111,-55.0321],[-65.842,-54.91],[-65.6033,-54.9281],[-65.346,-54.8779],[-65.179,-54.6781],[-65.3693,-54.6321],[-65.7471,-54.6534],[-66.2356,-54.5335],[-66.6701,-54.3136],[-67.2942,-54.0498],[-68.0085,-53.5641],[-68.1441,-53.319],[-68.4885,-53.2609],[-68.4312,-53.0553],[-68.2782,-52.984],[-68.5712,-52.6949],[-68.7898,-52.5768],[-69.167,-52.6676]]]},"properties":{"scalerank":0,"featurecla":"Land","min_zoom":0}},
{"type":"Feature","geometry":{"type":"Polygon","coordinates":[[[-81.8375,23.163],[-82.1014,23.1904],[-82.3505,23.154],[-82.6658,23.0436],[-83.2578,22.9676],[-84.0449,22.666],[-84.3613,22.3789],[-84.383,22.2556],[-84.3264,22.0743],[-84.5328,22.0312],[-84.8772,21.8941],[-84.8382,21.8279],[-84.5014,21.9303],[-84.4488,21.7917],[-84.2407,21.8983],[-84.031,21.9431],[-83.9007,22.1701],[-83.4859,22.1871],[-83.3796,22.223],[-83.0094,22.514],[-82.738,22.6893],[-81.9034,22.679],[-81.7457,22.6329],[-81.7571,22.4667],[-82.0777,22.3877],[-81.8162,22.2002],[-81.4411,22.1838],[-81.3553,22.1041],[-81.2224,22.1429],[-80.9619,22.0529],[-80.4991,22.0635],[-80.2313,21.8722],[-79.9103,21.7426],[-79.2744,21.5626],[-79.1892,21.5528],[-78.8229,21.6189],[-78.6365,21.5155],[-78.5373,21.2968],[-78.4908,21.0537],[-78.1164,20.7619],[-77.9973,20.7154],[-77.467,20.6895],[-77.2296,20.6438],[-77.1079,20.4917],[-77.2134,20.3004],[-77.5538,20.0821],[-77.7151,19.8555],[-76.9995,19.8928],[-76.7797,19.9402],[-76.1584,19.9897],[-75.7651,19.9604],[-75.552,19.8911],[-75.1164,19.9014],[-74.6348,20.0582],[-74.2528,20.0797],[-74.1537,20.1686],[-74.1675,20.2922],[-74.5131,20.3846],[-74.7321,20.5732],[-74.8826,20.6506],[-75.2133,20.7139],[-75.6428,20.7335],[-75.7402,20.812],[-75.5958,20.9947],[-75.7229,21.111],[-76.0736,21.1334],[-76.2592,21.2274],[-76.6474,21.2845],[-77.0986,21.589],[-77.1812,21.5977],[-77.4973,21.8716],[-77.5451,21.7746],[-77.865,21.9006],[-78.1431,22.1094],[-78.6865,22.3668],[-79.2757,22.4076],[-79.5492,22.5778],[-79.6767,22.7431],[-80.0752,22.9423],[-80.3649,22.9434],[-80.6501,23.1031],[-81.1786,23.0597],[-81.2716,23.1286],[-81.5754,23.1165],[-81.8375,23.163]]]},"properties":{"scalerank":0,"featurecla":"Land","min_zoom":0}},
{"type":"Feature","geometry":{"type":"Polygon","coordinates":[[[20.8979,80.25],[20.3594,80.4009],[19.3547,80.1854],[17.9169,80.1431],[18.3438,80.0596],[18.2554,79.9292],[18.725,79.7607],[19.4,79.7266],[20.1234,79.7786],[20.4935,79.6328],[19.6746,79.5912],[20.8611,79.3979],[22.6957,79.3291],[22.9037,79.2307],[23.9478,79.1943],[24.7506,79.3646],[25.6412,79.403],[26.0059,79.617],[27.1986,79.9066],[26.8608,80.16],[25.8363,80.1751],[25.4713,80.2331],[23.9529,80.3046],[23.1146,80.187],[23.3154,80.4252],[22.4508,80.4022],[22.3764,80.0896],[20.8979,80.25]]]},"properties":{"scalerank":0,"featurecla":"Land","min_zoom":0}},
{"type":"Feature","geometry":{"type":"Polygon","coordinates":[[[16.7867,79.9067],[16.1002,79.8844],[15.8161,79.6818],[16.2535,79.1121],[15.6602,79.2349],[15.0523,79.6753],[14.5937,79.7987],[14.0398,79.5856],[13.3836,79.4808],[13.0393,79.6852],[13.7775,79.7153],[13.6929,79.861],[12.7535,79.7758],[12.28,79.816],[10.8659,79.7966],[10.7376,79.5202],[11.2081,79.1296],[11.8928,79.1523],[12.0458,78.9832],[11.7738,78.7164],[12.2579,78.5947],[12.6646,78.3848],[13.1502,78.2375],[14.1104,78.2709],[14.6383,78.4146],[14.4672,78.6754],[15.1373,78.6643],[15.4174,78.4732],[16.4486,78.5036],[16.777,78.3504],[15.6571,78.299],[14.9947,78.1512],[13.6806,78.0281],[13.7911,77.8538],[14.6039,77.7665],[15.5854,77.8691],[16.0601,77.8471],[16.8529,77.9116],[17.0333,77.7977],[16.206,77.7825],[14.9208,77.6888],[14.695,77.525],[14.0713,77.5641],[14.0042,77.4452],[14.3658,77.2345],[15.1242,77.0851],[15.5468,76.8864],[16.7005,76.5793],[17.0627,76.659],[16.9767,76.8116],[17.1525,77.0489],[17.6233,77.3994],[18.2279,77.5226],[18.4393,78.025],[18.9951,78.0815],[19.0557,78.3189],[19.7688,78.6227],[21.0963,78.6763],[21.3888,78.7404],[20.5007,78.9814],[20.4582,79.1292],[19.0895,79.157],[18.7723,79.2603],[18.5814,79.5716],[18.2721,79.6006],[17.5782,79.8847],[16.7867,79.9067]]]},"properties":{"scalerank":0,"featurecla":"Land","min_zoom":0}},
{"type":"Feature","geometry":{"type":"Polygon","coordinates":[[[9.632,40.882],[9.6153,41.0173],[9.4552,41.1501],[9.283,41.2017],[8.9981,41.1104],[8.8212,40.9499],[8.4685,40.8343],[8.2038,40.8707],[8.1899,40.6516],[8.3532,40.5005],[8.4713,40.2927],[8.4078,39.9172],[8.5478,39.8392],[8.4512,39.7217],[8.3991,39.4816],[8.4182,39.2057],[8.6485,38.9266],[8.8813,38.9129],[9.0227,39.0433],[9.0563,39.2392],[9.5625,39.166],[9.617,39.3544],[9.7008,40.0918],[9.643,40.2684],[9.8053,40.4996],[9.632,40.882]]]},"properties":{"scalerank":0,"featurecla":"Land","min_zoom":1}},
{"type":"Feature","geometry":{"type":"Polygon","coordinates":[[[9.4804,42.8054],[9.4633,42.981],[9.331,42.9438],[9.3384,42.7669],[8.7131,42.5498],[8.5662,42.2188],[8.701,42.0956],[8.6151,41.9591],[8.7404,41.9251],[8.718,41.7614],[8.8868,41.7007],[8.8075,41.5884],[9.1861,41.3849],[9.3948,41.7312],[9.4009,41.9262],[9.5507,42.1297],[9.5262,42.5526],[9.4542,42.6586],[9.4804,42.8054]]]},"properties":{"scalerank":0,"featurecla":"Land","min_zoom":1}},
{"type":"Feature","geometry":{"type":"Polygon","coordinates":[[[15.5766,38.2203],[15.4987,38.2909],[15.1188,38.1527],[14.8459,38.1717],[14.506,38.0455],[14.2877,38.0168],[14.05,38.0405],[13.7889,37.9812],[13.6815,38.0007],[13.3517,38.1805],[13.16,38.1903],[12.9027,38.0349],[12.7344,38.1831],[12.5477,38.0529],[12.4355,37.8198],[12.5268,37.6695],[12.699,37.5718],[12.9241,37.5705],[13.1699,37.4793],[13.3609,37.3487],[13.9055,37.1006],[14.143,37.1037],[14.3673,36.9729],[14.5019,36.7987],[14.776,36.7104],[15.1126,36.6878],[15.1424,36.8916],[15.2945,37.0133],[15.1741,37.2092],[15.0995,37.4586],[15.2345,37.7848],[15.5766,38.2203]]]},"properties":{"scalerank":0,"featurecla":"Land","min_zoom":1}},
{"type":"Feature","geometry":{"type":"Polygon","coordinates":[[[-52.7312,69.9447],[-53.3751,70.2213],[-54.3716,70.3173],[-54.8305,70.1611],[-54.6646,69.9657],[-54.8413,69.9019],[-54.9191,69.7136],[-54.8041,69.6305],[-53.7831,69.5063],[-54.0512,69.3372],[-53.5784,69.2566],[-52.7705,69.3639],[-52.1126,69.4891],[-51.9002,69.6048],[-52.0453,69.8072],[-52.7312,69.9447]]]},"properties":{"scalerank":0,"featurecla":"Land","min_zoom":0}},
{"type":"Feature","geometry":{"type":"Polygon","coordinates":[[[-127.1973,50.6404],[-127.713,50.8208],[-127.9181,50.8605],[-128.2416,50.8282],[-128.346,50.7442],[-128.2674,50.6093],[-127.9059,50.4452],[-127.8639,50.1277],[-127.4671,50.1634],[-127.2075,49.9924],[-127.1143,49.8797],[-126.9033,49.9441],[-126.6831,49.8765],[-126.5929,49.7641],[-126.3476,49.6608],[-126.5419,49.5905],[-126.5485,49.4189],[-126.2436,49.4427],[-125.8354,49.2767],[-125.7023,49.1392],[-125.8285,49.0918],[-125.4603,48.9411],[-125.3627,48.9982],[-124.9273,49.0142],[-125.1357,48.8224],[-125.1207,48.7608],[-124.6894,48.5973],[-123.9169,48.3866],[-123.5946,48.3335],[-123.2838,48.4552],[-123.497,48.5821],[-123.6266,48.824],[-123.82,49.0835],[-123.9958,49.224],[-124.6429,49.4287],[-124.8306,49.5301],[-124.9347,49.7316],[-125.2332,50.0122],[-125.4821,50.3168],[-126.2039,50.4539],[-126.7009,50.5155],[-127.1973,50.6404]]]},"properties":{"scalerank":0,"featurecla":"Land","min_zoom":1}},
{"type":"Feature","geometry":{"type":"Polygon","coordinates":[[[-71.9543,19.7217],[-72.2198,19.7446],[-72.637,19.9009],[-72.8765,19.9281],[-73.1178,19.9038],[-73.4005,19.8074],[-73.3963,19.6587],[-73.0527,19.6107],[-72.7032,19.4411],[-72.8111,19.0716],[-72.6491,18.8941],[-72.3477,18.675],[-72.3761,18.5745],[-72.6181,18.5508],[-72.7894,18.4348],[-73.5916,18.5224],[-74.2277,18.6627],[-74.3875,18.6247],[-74.4781,18.45],[-74.419,18.3462],[-74.0854,18.2151],[-73.885,18.0419],[-73.7473,18.1902],[-73.3852,18.2512],[-72.8767,18.1518],[-72.5036,18.2199],[-72.0599,18.2286],[-71.9461,18.1861],[-71.6737,17.9541],[-71.6317,17.7736],[-71.3957,17.6461],[-71.106,18.07],[-71.0278,18.2732],[-70.7588,18.3456],[-70.6447,18.3362],[-70.4799,18.2173],[-70.1831,18.2518],[-70.0183,18.3736],[-69.7707,18.4436],[-69.5194,18.4157],[-69.2745,18.4398],[-68.935,18.408],[-68.6588,18.222],[-68.5638,18.3555],[-68.4448,18.4177],[-68.3593,18.5381],[-68.3814,18.6711],[-68.6848,18.9048],[-68.9014,18.9885],[-69.6236,19.1178],[-69.606,19.2065],[-69.3228,19.2011],[-69.325,19.3277],[-69.7394,19.2992],[-69.8234,19.3671],[-69.8912,19.5897],[-69.9568,19.6719],[-70.1294,19.6361],[-70.3047,19.6761],[-70.4364,19.7712],[-70.6362,19.7756],[-70.9541,19.914],[-71.2359,19.8481],[-71.5578,19.8954],[-71.7351,19.7351],[-71.9543,19.7217]]]},"properties":{"scalerank":0,"featurecla":"Land","min_zoom":0}},
{"type":"Feature","geometry":{"type":"Polygon","coordinates":[[[-49.6287,-0.2292],[-50.2482,-0.1164],[-50.4616,-0.1574],[-50.6455,-0.2729],[-50.7199,-0.5834],[-50.7714,-0.6454],[-50.7833,-1.0104],[-50.7096,-1.0777],[-50.7598,-1.2402],[-50.6021,-1.6978],[-50.5076,-1.788],[-50.1093,-1.7479],[-50.01,-1.7085],[-49.8051,-1.7902],[-49.5879,-1.7124],[-49.5066,-1.5116],[-49.3448,-1.5952],[-49.234,-1.5995],[-49.1727,-1.4126],[-49.0869,-1.5051],[-48.9289,-1.4823],[-48.8041,-1.327],[-48.8397,-1.2266],[-48.7046,-1.1066],[-48.5397,-0.801],[-48.3797,-0.3528],[-48.588,-0.2316],[-49.117,-0.1636],[-49.3143,-0.1679],[-49.4029,-0.2146],[-49.6287,-0.2292]]]},"properties":{"scalerank":0,"featurecla":"Land","min_zoom":0}},
{"type":"Feature","geometry":{"type":"Polygon","coordinates":[[[-3.1097,58.5155],[-3.0531,58.6348],[-4.7154,58.51],[-4.9247,58.5884],[-5.0665,58.5202],[-5.0083,58.2626],[-5.3383,58.2387],[-5.3937,58.0436],[-5.1769,57.9064],[-5.6083,57.8813],[-5.7449,57.6683],[-5.6788,57.5717],[-5.8181,57.4361],[-5.5619,57.2327],[-5.7363,56.9606],[-5.7306,56.8531],[-6.0347,56.7639],[-5.9368,56.6057],[-5.3919,56.5148],[-5.6096,56.0553],[-5.6229,55.8131],[-5.7682,55.3626],[-5.5564,55.3896],[-5.3858,55.7701],[-5.2456,55.9292],[-4.8441,56.0512],[-4.8918,55.6991],[-4.7242,55.5983],[-4.7211,55.421],[-4.9652,55.1495],[-5.1355,54.8575],[-5.0323,54.7614],[-4.8181,54.8461],[-4.5175,54.7584],[-4.3037,54.8357],[-3.9579,54.781],[-3.7833,54.8699],[-3.4341,54.9638],[-3.2679,54.9066],[-3.4646,54.7731],[-3.592,54.5644],[-3.5694,54.4676],[-3.166,54.1279],[-2.8465,54.1353],[-2.8999,53.9607],[-3.0268,53.9059],[-2.9251,53.7328],[-3.0595,53.5862],[-3.0647,53.4269],[-3.3262,53.3472],[-3.8093,53.3027],[-4.111,53.2189],[-4.6383,52.8911],[-4.1015,52.9155],[-3.9803,52.5417],[-4.1494,52.3263],[-4.3832,52.1973],[-5.0881,51.9959],[-5.2006,51.8614],[-5.1248,51.7059],[-4.9023,51.6263],[-4.6008,51.7376],[-4.3863,51.7411],[-4.1153,51.5664],[-3.9437,51.5975],[-3.5624,51.4138],[-3.2931,51.3904],[-2.9785,51.5389],[-2.5903,51.6086],[-3.136,51.205],[-3.8423,51.2309],[-4.1882,51.1885],[-4.2965,51.0271],[-4.5231,50.9774],[-4.5829,50.7764],[-5.3423,50.2461],[-5.5707,50.197],[-5.2252,50.0214],[-4.728,50.2905],[-4.1726,50.3908],[-3.7934,50.2292],[-3.5844,50.3218],[-3.4046,50.6324],[-2.9994,50.7166],[-2.777,50.7056],[-2.5478,50.6163],[-2.3501,50.6374],[-2.0358,50.6031],[-2.0311,50.7254],[-1.5167,50.7475],[-1.2851,50.8573],[-0.7853,50.7654],[-0.2039,50.8144],[0.2051,50.763],[0.6844,50.8855],[0.9602,50.9259],[1.0444,51.0473],[1.3976,51.182],[1.4149,51.3633],[0.8894,51.3595],[0.6865,51.3866],[0.5935,51.5195],[0.8909,51.5714],[0.9551,51.8078],[1.2744,51.8454],[1.3168,51.9569],[1.559,52.0869],[1.7466,52.469],[1.6567,52.7537],[1.3821,52.8935],[1.0556,52.959],[0.5588,52.9669],[0.2798,52.8087],[0.0459,52.9056],[0.3558,53.16],[0.1283,53.4683],[0.0105,53.7428],[-0.2056,54.0217],[-0.0844,54.1181],[-0.3704,54.2792],[-0.6714,54.5039],[-1.1544,54.6545],[-1.2917,54.7739],[-1.6554,55.5704],[-2.1471,55.903],[-2.5993,56.0273],[-2.8369,56.0263],[-3.0487,55.952],[-3.1782,56.0801],[-2.9798,56.1941],[-2.7676,56.2021],[-2.6527,56.3183],[-2.7752,56.483],[-2.5927,56.5616],[-2.2603,56.8633],[-2.0203,57.2589],[-1.7779,57.4938],[-1.8674,57.6124],[-2.0741,57.7024],[-2.2441,57.6809],[-3.0839,57.6735],[-3.4028,57.7083],[-3.8682,57.6003],[-4.0784,57.6771],[-3.8879,57.7869],[-3.99,57.959],[-3.2124,58.3212],[-3.1097,58.5155]]]},"properties":{"scalerank":0,"featurecla":"Land","min_zoom":0}},
{"type":"Feature","geometry":{"type":"Polygon","coordinates":[[[-7.1786,55.0569],[-7.1729,55.137],[-6.9617,55.2379],[-7.2467,55.353],[-7.8032,55.2],[-8.2746,55.1463],[-8.4117,54.9651],[-8.3773,54.8895],[-8.7639,54.6812],[-8.4565,54.6093],[-8.1334,54.6408],[-8.2304,54.5073],[-8.6231,54.3469],[-8.588,54.2311],[-9.0024,54.288],[-9.1459,54.2096],[-9.3155,54.2986],[-9.9959,54.276],[-9.8563,54.0043],[-9.9141,53.8637],[-9.5789,53.8798],[-9.5782,53.8054],[-9.9016,53.7272],[-9.8783,53.5904],[-10.117,53.5485],[-10.0913,53.4128],[-9.7954,53.395],[-9.4708,53.2349],[-9.1403,53.2505],[-8.9972,53.1621],[-9.2992,53.0976],[-9.561,52.654],[-9.1754,52.6349],[-8.9903,52.7554],[-8.7834,52.6796],[-9.3312,52.5788],[-9.5863,52.5592],[-9.9061,52.4037],[-9.9373,52.2376],[-10.2109,52.2717],[-10.3902,52.1349],[-9.9558,52.1367],[-10.3787,51.8688],[-10.3411,51.7989],[-9.8029,51.7801],[-9.899,51.6471],[-9.5798,51.6893],[-9.8354,51.4834],[-9.4629,51.5291],[-9.2965,51.4982],[-8.8134,51.5849],[-7.6646,51.9797],[-7.5273,52.0989],[-7.0818,52.1393],[-6.7822,52.2105],[-6.5611,52.1888],[-6.325,52.2467],[-6.4632,52.3454],[-6.2172,52.5431],[-6.1307,52.8073],[-6.0274,52.9271],[-6.1347,53.3012],[-6.1418,53.5775],[-6.3452,53.9872],[-5.9377,54.0891],[-5.8262,54.2358],[-5.6068,54.2726],[-5.6461,54.4779],[-5.4704,54.5002],[-5.7168,54.8175],[-5.9857,55.0297],[-6.1291,55.2174],[-6.475,55.241],[-6.9472,55.1825],[-7.1786,55.0569]]]},"properties":{"scalerank":0,"featurecla":"Land","min_zoom":0}},
{"type":"Feature","geometry":{"type":"Polygon","coordinates":[[[-179.7985,68.9404],[-180,68.9834],[-180,68.7387],[-180,68.4939],[-180,68.2491],[-180,68.0044],[-180,67.7596],[-180,67.5148],[-180,67.2701],[-180,67.0253],[-180,66.7806],[-180,66.5358],[-180,66.2911],[-180,66.0463],[-180,65.8016],[-180,65.5568],[-180,65.312],[-180,65.2617],[-180,65.0672],[-179.7046,65.1872],[-179.3521,65.5167],[-179.366,65.6386],[-179.7283,65.8038],[-179.7836,66.018],[-179.6162,66.1279],[-178.9155,66.1799],[-178.5341,66.3166],[-178.7467,66.0137],[-178.8793,65.9365],[-178.5023,65.7404],[-178.5046,65.5372],[-178.3102,65.4849],[-177.4888,65.5037],[-177.0562,65.6136],[-176.0933,65.471],[-175.9229,65.3525],[-175.8539,65.0108],[-175.3951,64.8024],[-175.036,64.8137],[-174.318,64.6376],[-174.0014,64.449],[-173.7297,64.3645],[-173.475,64.4286],[-173.2755,64.2896],[-173.0091,64.2975],[-172.7392,64.4123],[-172.4015,64.4139],[-172.4874,64.5442],[-172.8541,64.6099],[-172.924,64.7049],[-172.5928,64.908],[-172.2132,65.0481],[-172.286,65.2057],[-172.2116,65.4252],[-172.5565,65.612],[-171.9572,65.5421],[-171.9071,65.4959],[-171.0542,65.55],[-171.119,65.695],[-170.6663,65.6215],[-170.5407,65.8654],[-170.1594,66.0081],[-169.8317,65.9989],[-169.7779,66.1431],[-170.1919,66.2013],[-170.9267,66.5297],[-171.3605,66.6768],[-171.7956,66.9317],[-172.2739,66.9656],[-172.6406,66.925],[-173.2283,66.9686],[-173.1578,67.0691],[-173.6797,67.1448],[-174.4476,67.1031],[-174.0864,66.9429],[-174.0055,66.7786],[-174.2316,66.6319],[-173.774,66.4347],[-174.0177,66.3825],[-174.5038,66.5379],[-174.9249,66.6231],[-174.7712,66.7843],[-174.9381,67.093],[-174.8499,67.3489],[-175.1551,67.3654],[-175.3452,67.6781],[-177.4075,68.2452],[-178.2499,68.5414],[-178.6926,68.546],[-178.8739,68.7541],[-179.7985,68.9404]]]},"properties":{"scalerank":0,"featurecla":"Land","min_zoom":0}},
{"type":"Feature","geometry":{"type":"Polygon","coordinates":[[[-15.5431,66.2285],[-15.9854,66.5146],[-16.2493,66.5229],[-16.5407,66.4467],[-16.4281,66.2784],[-16.7484,66.1316],[-17.153,66.2028],[-17.5822,65.9714],[-17.907,66.1433],[-18.2972,66.1574],[-18.4549,65.9646],[-18.7775,66.1688],[-19.383,66.0757],[-19.4339,65.8145],[-19.5936,65.7791],[-20.0261,66.0493],[-20.3566,66.0333],[-20.3566,65.719],[-20.4548,65.571],[-20.7397,65.6583],[-21.23,65.4206],[-21.4322,65.4741],[-21.4663,65.6352],[-21.3035,65.8765],[-21.6253,66.0897],[-22.4261,66.4301],[-22.8892,66.4406],[-22.972,66.3242],[-22.6216,66],[-23.019,65.9821],[-23.0625,66.0862],[-23.5279,66.1644],[-23.7372,66.0694],[-23.7047,65.7812],[-23.9091,65.7656],[-24.224,65.4872],[-23.8999,65.4076],[-22.9025,65.5805],[-22.0058,65.4935],[-21.907,65.3997],[-22.4734,65.2269],[-21.8921,65.0488],[-22.684,65.0264],[-24.0262,64.8634],[-23.8786,64.7506],[-23.347,64.8244],[-22.467,64.795],[-22.2336,64.714],[-22.2842,64.5866],[-21.9503,64.515],[-21.9512,64.3139],[-21.8328,64.2054],[-22.0566,64.0713],[-22.5101,63.9915],[-22.6069,63.8373],[-21.4486,63.8584],[-21.2462,63.9354],[-20.593,63.7354],[-20.1981,63.5558],[-19.7783,63.5366],[-19.2502,63.442],[-18.6536,63.4067],[-17.9469,63.5357],[-17.8157,63.713],[-16.6403,63.8655],[-16.0604,64.1112],[-15.495,64.2582],[-15.0216,64.2959],[-14.5471,64.4459],[-14.4654,64.6357],[-14.1352,64.7148],[-13.8529,64.8622],[-13.7772,65.0137],[-13.5697,65.0681],[-13.8048,65.3548],[-13.616,65.4872],[-13.9354,65.6161],[-14.3023,65.6275],[-14.4262,65.7899],[-14.7575,65.7557],[-14.7404,66.0508],[-15.1164,66.1024],[-14.9122,66.2843],[-15.5431,66.2285]]]},"properties":{"scalerank":0,"featurecla":"Land","min_zoom":0}},
{"type":"Feature","geometry":{"type":"Polygon","coordinates":[[[-64.845,18.3301],[-64.8891,18.3742],[-64.942,18.3852],[-65.0236,18.3676],[-64.92,18.3213],[-64.845,18.3301]]]},"properties":{"scalerank":0,"featurecla":"Land","min_zoom":4}},
{"type":"Feature","geometry":{"type":"Polygon","coordinates":[[[178.5755,51.9163],[178.6073,51.953],[178.5094,51.9947],[178.475,51.9677],[178.5118,51.8991],[178.5755,51.9163]]]},"properties":{"scalerank":0,"featurecla":"Land","min_zoom":4}},
{"type":"Feature","geometry":{"type":"Polygon","coordinates":[[[14.3135,36.0276],[14.2633,36.0758],[14.1804,36.0604],[14.2536,36.0122],[14.3135,36.0276]]]},"properties":{"scalerank":0,"featurecla":"Land","min_zoom":4}},
{"type":"Feature","geometry":{"type":"Polygon","coordinates":[[[13.9383,40.7056],[13.9621,40.7394],[13.8712,40.7618],[13.8535,40.7241],[13.9383,40.7056]]]},"properties":{"scalerank":0,"featurecla":"Land","min_zoom":4}},
{"type":"Feature","geometry":{"type":"Polygon","coordinates":[[[12.0513,36.757],[12.0242,36.8209],[11.948,36.8431],[11.9406,36.7804],[12.0513,36.757]]]},"properties":{"scalerank":0,"featurecla":"Land","min_zoom":4}},
{"type":"Feature","geometry":{"type":"Polygon","coordinates":[[[6.3334,53.5107],[6.2909,53.515],[6.1677,53.4938],[6.1933,53.4768],[6.3334,53.5107]]]},"properties":{"scalerank":0,"featurecla":"Land","min_zoom":4}},
{"type":"Feature","geometry":{"type":"Polygon","coordinates":[[[5.9293,53.4588],[5.8763,53.4751],[5.7081,53.4734],[5.732,53.4426],[5.9293,53.4588]]]},"properties":{"scalerank":0,"featurecla":"Land","min_zoom":4}},
{"type":"Feature","geometry":{"type":"Polygon","coordinates":[[[5.1086,53.308],[5.0271,53.3102],[4.9079,53.2462],[4.9237,53.2346],[5.1086,53.308]]]},"properties":{"scalerank":0,"featurecla":"Land","min_zoom":4}},
{"type":"Feature","geometry":{"type":"Polygon","coordinates":[[[5.3258,53.3857],[5.4151,53.4314],[5.1902,53.3918],[5.2326,53.3778],[5.3258,53.3857]]]},"properties":{"scalerank":0,"featurecla":"Land","min_zoom":4}},
{"type":"Feature","geometry":{"type":"Polygon","coordinates":[[[-178.9881,-17.9767],[-179.0476,-17.9204],[-179.0638,-17.9724],[-178.9881,-17.9767]]]},"properties":{"scalerank":0,"featurecla":"Land","min_zoom":4}},
{"type":"Feature","geometry":{"type":"Polygon","coordinates":[[[-178.7619,-18.2339],[-178.7631,-18.1914],[-178.8479,-18.2021],[-178.7736,-18.2524],[-178.7619,-18.2339]]]},"properties":{"scalerank":0,"featurecla":"Land","min_zoom":4}},
{"type":"Feature","geometry":{"type":"Polygon","coordinates":[[[-178.2511,-17.9527],[-178.2803,-17.8864],[-178.3572,-17.9209],[-178.3068,-17.9633],[-178.2511,-17.9527]]]},"properties":{"scalerank":0,"featurecla":"Land","min_zoom":4}},
{"type":"Feature","geometry":{"type":"Polygon","coordinates":[[[-151.4666,-16.6575],[-151.4381,-16.6234],[-151.5058,-16.574],[-151.5041,-16.647],[-151.4666,-16.6575]]]},"properties":{"scalerank":0,"featurecla":"Land","min_zoom":4}},
{"type":"Feature","geometry":{"type":"Polygon","coordinates":[[[-149.8137,-17.545],[-149.7824,-17.4878],[-149.9021,-17.4695],[-149.8866,-17.5528],[-149.8137,-17.545]]]},"properties":{"scalerank":0,"featurecla":"Land","min_zoom":3}},
{"type":"Feature","geometry":{"type":"Polygon","coordinates":[[[-120.3066,34.0249],[-120.3677,34.0733],[-120.4416,34.0329],[-120.3066,34.0249]]]},"properties":{"scalerank":0,"featurecla":"Land","min_zoom":4}},
{"type":"Feature","geometry":{"type":"Polygon","coordinates":[[[-119.438,33.2172],[-119.4788,33.2746],[-119.5752,33.2783],[-119.5437,33.2246],[-119.438,33.2172]]]},"properties":{"scalerank":0,"featurecla":"Land","min_zoom":4}},
{"type":"Feature","geometry":{"type":"Polygon","coordinates":[[[-67.5752,-55.8896],[-67.5448,-55.826],[-67.7621,-55.8161],[-67.8315,-55.8648],[-67.5752,-55.8896]]]},"properties":{"scalerank":0,"featurecla":"Land","min_zoom":3}},
{"type":"Feature","geometry":{"type":"Polygon","coordinates":[[[-69.8991,12.452],[-69.9731,12.5676],[-70.0661,12.547],[-69.9422,12.4385],[-69.8991,12.452]]]},"properties":{"scalerank":0,"featurecla":"Land","min_zoom":3}},
{"type":"Feature","geometry":{"type":"Polygon","coordinates":[[[-65.2125,10.9064],[-65.3023,10.9738],[-65.3652,10.9064],[-65.2664,10.884],[-65.2125,10.9064]]]},"properties":{"scalerank":0,"featurecla":"Land","min_zoom":3}},
{"type":"Feature","geometry":{"type":"Polygon","coordinates":[[[-72.8046,18.7777],[-72.9192,18.8615],[-73.1706,18.9673],[-73.2853,18.8967],[-73.078,18.7909],[-72.8222,18.7071],[-72.8046,18.7777]]]},"properties":{"scalerank":0,"featurecla":"Land","min_zoom":2}},
{"type":"Feature","geometry":{"type":"Polygon","coordinates":[[[-25.0273,36.96],[-25.0829,37.024],[-25.1984,36.9965],[-25.1599,36.9434],[-25.0273,36.96]]]},"properties":{"scalerank":0,"featurecla":"Land","min_zoom":3}},
{"type":"Feature","geometry":{"type":"Polygon","coordinates":[[[16.6507,42.9966],[16.7389,42.9127],[16.8355,42.9687],[16.6507,42.9966]]]},"properties":{"scalerank":0,"featurecla":"Land","min_zoom":3}},
{"type":"Feature","geometry":{"type":"Polygon","coordinates":[[[17.194,43.1258],[16.6973,43.175],[16.6792,43.1231],[17.194,43.1258]]]},"properties":{"scalerank":0,"featurecla":"Land","min_zoom":3}},
{"type":"Feature","geometry":{"type":"Polygon","coordinates":[[[16.7853,43.2707],[16.8344,43.3508],[16.4489,43.3871],[16.4231,43.3172],[16.7853,43.2707]]]},"properties":{"scalerank":0,"featurecla":"Land","min_zoom":3}},
{"type":"Feature","geometry":{"type":"Polygon","coordinates":[[[-2.5123,49.4945],[-2.6461,49.4682],[-2.5474,49.4287],[-2.5123,49.4945]]]},"properties":{"scalerank":0,"featurecla":"Land","min_zoom":4}},
{"type":"Feature","geometry":{"type":"Polygon","coordinates":[[[-2.0187,49.2313],[-2.2205,49.2664],[-2.2358,49.1764],[-2.0187,49.2313]]]},"properties":{"scalerank":0,"featurecla":"Land","min_zoom":3}},
{"type":"Feature","geometry":{"type":"Polygon","coordinates":[[[145.7084,18.7625],[145.6901,18.8016],[145.6455,18.8068],[145.6525,18.7526],[145.7084,18.7625]]]},"properties":{"scalerank":0,"featurecla":"Land","min_zoom":4}},
{"type":"Feature","geometry":{"type":"Polygon","coordinates":[[[145.7121,16.3391],[145.6955,16.3796],[145.6311,16.378],[145.6583,16.3358],[145.7121,16.3391]]]},"properties":{"scalerank":0,"featurecla":"Land","min_zoom":4}},
{"type":"Feature","geometry":{"type":"Polygon","coordinates":[[[145.2648,14.1581],[145.2324,14.1895],[145.1521,14.1636],[145.2153,14.1113],[145.2648,14.1581]]]},"properties":{"scalerank":0,"featurecla":"Land","min_zoom":4}},
{"type":"Feature","geometry":{"type":"Polygon","coordinates":[[[-59.7876,43.9396],[-59.936,43.9396],[-59.9223,43.9039],[-59.7876,43.9396]]]},"properties":{"scalerank":0,"featurecla":"Land","min_zoom":3}},
{"type":"Feature","geometry":{"type":"Polygon","coordinates":[[[-97.0144,27.9016],[-96.8397,28.0888],[-96.8993,28.1175],[-97.0144,27.9016]]]},"properties":{"scalerank":0,"featurecla":"Land","min_zoom":3}},
{"type":"Feature","geometry":{"type":"Polygon","coordinates":[[[-88.8893,29.7126],[-88.9012,29.7326],[-88.9411,29.6802],[-88.8893,29.7126]]]},"properties":{"scalerank":0,"featurecla":"Land","min_zoom":4}},
{"type":"Feature","geometry":{"type":"Polygon","coordinates":[[[-88.5581,30.2159],[-88.574,30.2292],[-88.7229,30.2643],[-88.7131,30.2449],[-88.5707,30.2048],[-88.5581,30.2159]]]},"properties":{"scalerank":0,"featurecla":"Land","min_zoom":4}},
{"type":"Feature","geometry":{"type":"Polygon","coordinates":[[[-88.0713,30.2523],[-88.1094,30.2737],[-88.2639,30.2547],[-88.1593,30.2309],[-88.0713,30.2523]]]},"properties":{"scalerank":0,"featurecla":"Land","min_zoom":4}},
{"type":"Feature","geometry":{"type":"Polygon","coordinates":[[[-63.0123,18.0454],[-63.0631,18.1153],[-63.1247,18.0643],[-63.0123,18.0454]]]},"properties":{"scalerank":0,"featurecla":"Land","min_zoom":4}},
{"type":"Feature","geometry":{"type":"Polygon","coordinates":[[[-65.4256,18.1056],[-65.4771,18.165],[-65.5551,18.1077],[-65.4256,18.1056]]]},"properties":{"scalerank":0,"featurecla":"Land","min_zoom":3}},
{"type":"Feature","geometry":{"type":"Polygon","coordinates":[[[-62.5322,17.1219],[-62.5342,17.1701],[-62.6153,17.1991],[-62.6249,17.1296],[-62.5322,17.1219]]]},"properties":{"scalerank":0,"featurecla":"Land","min_zoom":4}},
{"type":"Feature","geometry":{"type":"Polygon","coordinates":[[[-64.3952,18.4646],[-64.3247,18.5175],[-64.4261,18.5131],[-64.3952,18.4646]]]},"properties":{"scalerank":0,"featurecla":"Land","min_zoom":4}},
{"type":"Feature","geometry":{"type":"Polygon","coordinates":[[[-64.6598,18.3543],[-64.7524,18.372],[-64.726,18.3279],[-64.6598,18.3543]]]},"properties":{"scalerank":0,"featurecla":"Land","min_zoom":4}},
{"type":"Feature","geometry":{"type":"Polygon","coordinates":[[[-64.5937,18.4028],[-64.651,18.4425],[-64.6718,18.3991],[-64.5937,18.4028]]]},"properties":{"scalerank":0,"featurecla":"Land","min_zoom":4}},
{"type":"Feature","geometry":{"type":"Polygon","coordinates":[[[-64.7656,17.7943],[-64.8847,17.7723],[-64.8891,17.7017],[-64.6863,17.7061],[-64.7656,17.7943]]]},"properties":{"scalerank":0,"featurecla":"Land","min_zoom":3}},
{"type":"Feature","geometry":{"type":"Polygon","coordinates":[[[-77.3476,25.0139],[-77.3291,25.083],[-77.5273,25.0577],[-77.4605,24.9931],[-77.3476,25.0139]]]},"properties":{"scalerank":0,"featurecla":"Land","min_zoom":3}},
{"type":"Feature","geometry":{"type":"Polygon","coordinates":[[[-81.0442,24.7168],[-80.9889,24.7279],[-80.9305,24.7595],[-81.0853,24.7342],[-81.0442,24.7168]]]},"properties":{"scalerank":0,"featurecla":"Land","min_zoom":3}},
{"type":"Feature","geometry":{"type":"Polygon","coordinates":[[[114.232,22.2105],[114.2469,22.2636],[114.1874,22.2966],[114.1388,22.2684],[114.232,22.2105]]]},"properties":{"scalerank":0,"featurecla":"Land","min_zoom":4}},
{"type":"Feature","geometry":{"type":"Polygon","coordinates":[[[-76.5462,34.6549],[-76.6223,34.6945],[-76.662,34.6847],[-76.5685,34.6525],[-76.5462,34.6549]]]},"properties":{"scalerank":0,"featurecla":"Land","min_zoom":4}},
{"type":"Feature","geometry":{"type":"Polygon","coordinates":[[[-175.1619,-21.1693],[-175.2254,-21.1187],[-175.3354,-21.1577],[-175.1566,-21.2637],[-175.1619,-21.1693]]]},"properties":{"scalerank":0,"featurecla":"Land","min_zoom":3}},
{"type":"Feature","geometry":{"type":"Polygon","coordinates":[[[52.6824,45.4118],[52.6596,45.5181],[52.5543,45.474],[52.6824,45.4118]]]},"properties":{"scalerank":0,"featurecla":"Land","min_zoom":4}},
{"type":"Feature","geometry":{"type":"Polygon","coordinates":[[[47.983,45.4882],[47.9871,45.5541],[47.9203,45.5621],[47.983,45.4882]]]},"properties":{"scalerank":0,"featurecla":"Land","min_zoom":4}},
{"type":"Feature","geometry":{"type":"Polygon","coordinates":[[[-58.4388,-52.011],[-58.5414,-52.0284],[-58.4327,-52.099],[-58.4388,-52.011]]]},"properties":{"scalerank":0,"featurecla":"Land","min_zoom":4}},
{"type":"Feature","geometry":{"type":"Polygon","coordinates":[[[42.5902,15.3034],[42.6245,15.368],[42.5697,15.4073],[42.549,15.3201],[42.5902,15.3034]]]},"properties":{"scalerank":0,"featurecla":"Land","min_zoom":4}},
{"type":"Feature","geometry":{"type":"Polygon","coordinates":[[[40.0765,16.0824],[40.0124,16.0227],[40.1101,15.9857],[40.0765,16.0824]]]},"properties":{"scalerank":0,"featurecla":"Land","min_zoom":4}},
{"type":"Feature","geometry":{"type":"Polygon","coordinates":[[[36.9017,25.3831],[36.9244,25.4255],[36.7476,25.5587],[36.7221,25.534],[36.9017,25.3831]]]},"properties":{"scalerank":0,"featurecla":"Land","min_zoom":3}},
{"type":"Feature","geometry":{"type":"Polygon","coordinates":[[[36.5955,25.7128],[36.5799,25.7954],[36.5465,25.8116],[36.5439,25.7343],[36.5955,25.7128]]]},"properties":{"scalerank":0,"featurecla":"Land","min_zoom":4}},
{"type":"Feature","geometry":{"type":"Polygon","coordinates":[[[101.3186,2.9885],[101.3284,3.0476],[101.2742,3.0328],[101.2681,2.9704],[101.3186,2.9885]]]},"properties":{"scalerank":0,"featurecla":"Land","min_zoom":4}},
{"type":"Feature","geometry":{"type":"Polygon","coordinates":[[[134.7161,-6.5494],[134.6791,-6.4561],[134.6337,-6.4772],[134.6608,-6.5589],[134.7161,-6.5494]]]},"properties":{"scalerank":0,"featurecla":"Land","min_zoom":4}},
{"type":"Feature","geometry":{"type":"Polygon","coordinates":[[[123.5976,-1.7043],[123.6164,-1.6274],[123.4866,-1.5349],[123.4825,-1.6814],[123.5976,-1.7043]]]},"properties":{"scalerank":0,"featurecla":"Land","min_zoom":3}},
{"type":"Feature","geometry":{"type":"Polygon","coordinates":[[[126.753,34.344],[126.7,34.3959],[126.6461,34.3511],[126.6891,34.3054],[126.753,34.344]]]},"properties":{"scalerank":0,"featurecla":"Land","min_zoom":4}},
{"type":"Feature","geometry":{"type":"Polygon","coordinates":[[[152.8859,76.1217],[152.7994,76.1948],[152.5586,76.1436],[152.8859,76.1217]]]},"properties":{"scalerank":0,"featurecla":"Land","min_zoom":4}},
{"type":"Feature","geometry":{"type":"Polygon","coordinates":[[[67.3449,69.5298],[67.2161,69.5754],[67.0259,69.4832],[67.264,69.4425],[67.3449,69.5298]]]},"properties":{"scalerank":0,"featurecla":"Land","min_zoom":3}},
{"type":"Feature","geometry":{"type":"Polygon","coordinates":[[[66.5609,70.5417],[66.4577,70.6988],[66.4076,70.6158],[66.4486,70.561],[66.5609,70.5417]]]},"properties":{"scalerank":0,"featurecla":"Land","min_zoom":4}},
{"type":"Feature","geometry":{"type":"Polygon","coordinates":[[[55.4797,80.2738],[55.24,80.3254],[54.9797,80.2564],[55.1951,80.2268],[55.4797,80.2738]]]},"properties":{"scalerank":0,"featurecla":"Land","min_zoom":4}},
{"type":"Feature","geometry":{"type":"Polygon","coordinates":[[[18.4162,59.0291],[18.4855,59.1046],[18.3976,59.0891],[18.4162,59.0291]]]},"properties":{"scalerank":0,"featurecla":"Land","min_zoom":4}},
{"type":"Feature","geometry":{"type":"Polygon","coordinates":[[[18.5954,59.4704],[18.6979,59.5246],[18.5724,59.5258],[18.5954,59.4704]]]},"properties":{"scalerank":0,"featurecla":"Land","min_zoom":4}},
{"type":"Feature","geometry":{"type":"Polygon","coordinates":[[[-122.8531,47.2047],[-122.8851,47.2747],[-122.908,47.2261],[-122.8531,47.2047]]]},"properties":{"scalerank":0,"featurecla":"Land","min_zoom":4}},
{"type":"Feature","geometry":{"type":"Polygon","coordinates":[[[105.7254,-10.493],[105.7055,-10.4307],[105.5841,-10.5125],[105.6969,-10.5642],[105.7254,-10.493]]]},"properties":{"scalerank":0,"featurecla":"Land","min_zoom":3}},
{"type":"Feature","geometry":{"type":"Polygon","coordinates":[[[-86.4199,16.3784],[-86.4383,16.4139],[-86.5569,16.3621],[-86.5803,16.3002],[-86.4199,16.3784]]]},"properties":{"scalerank":0,"featurecla":"Land","min_zoom":3}},
{"type":"Feature","geometry":{"type":"Polygon","coordinates":[[[163.976,-74.8327],[164.2085,-74.6077],[163.7417,-74.7115],[163.976,-74.8327]]]},"properties":{"scalerank":0,"featurecla":"Land","min_zoom":3}},
{"type":"Feature","geometry":{"type":"Polygon","coordinates":[[[164.8336,-67.5404],[164.9187,-67.4475],[164.825,-67.3261],[164.639,-67.5001],[164.8336,-67.5404]]]},"properties":{"scalerank":0,"featurecla":"Land","min_zoom":3}},
{"type":"Feature","geometry":{"type":"Polygon","coordinates":[[[167.6428,-78.1414],[166.8637,-78.1964],[166.1111,-78.0896],[166.1219,-78.2746],[167.377,-78.249],[167.6428,-78.1414]]]},"properties":{"scalerank":0,"featurecla":"Land","min_zoom":3}},
{"type":"Feature","geometry":{"type":"Polygon","coordinates":[[[163.302,-66.8212],[163.2379,-66.7088],[163.0896,-66.7006],[163.1639,-66.8191],[163.302,-66.8212]]]},"properties":{"scalerank":0,"featurecla":"Land","min_zoom":3}},
{"type":"Feature","geometry":{"type":"Polygon","coordinates":[[[167.0841,-77.3217],[166.9873,-77.1865],[166.4131,-77.252],[166.6264,-77.3768],[166.2368,-77.5475],[166.729,-77.851],[167.3923,-77.6486],[168.3226,-77.6825],[169.3527,-77.5247],[169.2756,-77.4547],[168.4508,-77.3861],[167.4609,-77.3943],[167.0841,-77.3217]]]},"properties":{"scalerank":0,"featurecla":"Land","min_zoom":2}},
{"type":"Feature","geometry":{"type":"Polygon","coordinates":[[[169.8437,-73.605],[169.9604,-73.5144],[169.7832,-73.3242],[169.4795,-73.5395],[169.8437,-73.605]]]},"properties":{"scalerank":0,"featurecla":"Land","min_zoom":3}},
{"type":"Feature","geometry":{"type":"Polygon","coordinates":[[[162.9681,-75.5671],[162.72,-75.5967],[162.5912,-75.6686],[162.7883,-75.6962],[162.9681,-75.5671]]]},"properties":{"scalerank":0,"featurecla":"Land","min_zoom":4}},
{"type":"Feature","geometry":{"type":"Polygon","coordinates":[[[100.9814,-65.6775],[101.2384,-65.5646],[101.2206,-65.4723],[100.8834,-65.3781],[100.4094,-65.4656],[100.2703,-65.6033],[100.5469,-65.7013],[100.9814,-65.6775]]]},"properties":{"scalerank":0,"featurecla":"Land","min_zoom":2}},
{"type":"Feature","geometry":{"type":"Polygon","coordinates":[[[85.8224,-66.9533],[85.8063,-66.7746],[85.3403,-66.7233],[85.3588,-66.8543],[85.8224,-66.9533]]]},"properties":{"scalerank":0,"featurecla":"Land","min_zoom":3}},
{"type":"Feature","geometry":{"type":"Polygon","coordinates":[[[92.6014,-65.8083],[92.6338,-65.7307],[92.3015,-65.7067],[92.333,-65.8072],[92.6014,-65.8083]]]},"properties":{"scalerank":0,"featurecla":"Land","min_zoom":3}},
{"type":"Feature","geometry":{"type":"Polygon","coordinates":[[[86.5418,-66.7675],[86.3833,-66.6748],[86.2322,-66.7329],[86.337,-66.7876],[86.5418,-66.7675]]]},"properties":{"scalerank":0,"featurecla":"Land","min_zoom":3}},
{"type":"Feature","geometry":{"type":"Polygon","coordinates":[[[85.3285,-66.6119],[85.1211,-66.5186],[85.0688,-66.5838],[85.1361,-66.6371],[85.3285,-66.6119]]]},"properties":{"scalerank":0,"featurecla":"Land","min_zoom":4}},
{"type":"Feature","geometry":{"type":"Polygon","coordinates":[[[69.9184,-71.9178],[69.7961,-71.8939],[69.6926,-71.9683],[69.792,-72.0467],[69.9184,-71.9178]]]},"properties":{"scalerank":0,"featurecla":"Land","min_zoom":4}},
{"type":"Feature","geometry":{"type":"Polygon","coordinates":[[[68.4617,-72.3001],[68.8172,-72.2287],[68.6671,-72.1031],[68.4617,-72.3001]]]},"properties":{"scalerank":0,"featurecla":"Land","min_zoom":3}},
{"type":"Feature","geometry":{"type":"Polygon","coordinates":[[[96.6127,-66.0358],[96.3988,-66.0802],[96.3945,-66.225],[96.934,-66.2008],[96.9316,-66.0584],[96.6127,-66.0358]]]},"properties":{"scalerank":0,"featurecla":"Land","min_zoom":3}},
{"type":"Feature","geometry":{"type":"Polygon","coordinates":[[[72.0022,-70.6326],[72,-70.4568],[71.6594,-70.4975],[72.0022,-70.6326]]]},"properties":{"scalerank":0,"featurecla":"Land","min_zoom":3}},
{"type":"Feature","geometry":{"type":"Polygon","coordinates":[[[162.6114,-66.4773],[162.3105,-66.2513],[162.3027,-66.3997],[162.6114,-66.4773]]]},"properties":{"scalerank":0,"featurecla":"Land","min_zoom":3}},
{"type":"Feature","geometry":{"type":"Polygon","coordinates":[[[100.2647,-66.2166],[100.2905,-66.1124],[100.0763,-66.1881],[100.2647,-66.2166]]]},"properties":{"scalerank":0,"featurecla":"Land","min_zoom":4}},
{"type":"Feature","geometry":{"type":"Polygon","coordinates":[[[98.8461,-66.4698],[98.9498,-66.4205],[98.7486,-66.3692],[98.6551,-66.4533],[98.8461,-66.4698]]]},"properties":{"scalerank":0,"featurecla":"Land","min_zoom":3}},
{"type":"Feature","geometry":{"type":"Polygon","coordinates":[[[103.3973,-65.4453],[103.1861,-65.3306],[103.1368,-65.1906],[102.8929,-65.1297],[102.7888,-65.2359],[103.1128,-65.312],[103.1385,-65.4351],[103.3973,-65.4453]]]},"properties":{"scalerank":0,"featurecla":"Land","min_zoom":3}},
{"type":"Feature","geometry":{"type":"Polygon","coordinates":[[[-147.5883,-76.6498],[-147.8997,-76.558],[-148.0011,-76.5771],[-147.7296,-76.6534],[-147.5883,-76.6498]]]},"properties":{"scalerank":0,"featurecla":"Land","min_zoom":4}},
{"type":"Feature","geometry":{"type":"Polygon","coordinates":[[[-145.2381,-75.7112],[-145.7608,-75.5139],[-146.0428,-75.6119],[-145.2381,-75.7112]]]},"properties":{"scalerank":0,"featurecla":"Land","min_zoom":3}},
{"type":"Feature","geometry":{"type":"Polygon","coordinates":[[[-146.6067,-76.9613],[-146.2444,-76.8831],[-147.0867,-76.8373],[-146.9814,-77.0057],[-146.6067,-76.9613]]]},"properties":{"scalerank":0,"featurecla":"Land","min_zoom":3}},
{"type":"Feature","geometry":{"type":"Polygon","coordinates":[[[-132.3913,-74.4419],[-132.5525,-74.3866],[-132.8572,-74.4617],[-132.5463,-74.4984],[-132.3913,-74.4419]]]},"properties":{"scalerank":0,"featurecla":"Land","min_zoom":3}},
{"type":"Feature","geometry":{"type":"Polygon","coordinates":[[[-148.5959,-77.0068],[-148.5089,-76.9546],[-149.2381,-76.9002],[-149.2448,-76.9931],[-148.5959,-77.0068]]]},"properties":{"scalerank":0,"featurecla":"Land","min_zoom":3}},
{"type":"Feature","geometry":{"type":"Polygon","coordinates":[[[-149.3333,-76.7174],[-148.9839,-76.8453],[-148.3842,-76.7444],[-149.3333,-76.7174]]]},"properties":{"scalerank":0,"featurecla":"Land","min_zoom":3}},
{"type":"Feature","geometry":{"type":"Polygon","coordinates":[[[-131.0667,-74.5838],[-130.9811,-74.4141],[-131.7627,-74.3238],[-132.1626,-74.4258],[-131.8409,-74.5426],[-131.0667,-74.5838]]]},"properties":{"scalerank":0,"featurecla":"Land","min_zoom":2}},
{"type":"Feature","geometry":{"type":"Polygon","coordinates":[[[-119.5489,-74.1103],[-119.0586,-73.9977],[-118.9593,-73.8095],[-119.5164,-73.7749],[-119.8026,-73.8146],[-119.5489,-74.1103]]]},"properties":{"scalerank":0,"featurecla":"Land","min_zoom":1}},
{"type":"Feature","geometry":{"type":"Polygon","coordinates":[[[-116.7386,-74.165],[-116.155,-73.9104],[-116.3813,-73.8655],[-117.3765,-74.0828],[-117.2303,-74.1928],[-116.7386,-74.165]]]},"properties":{"scalerank":0,"featurecla":"Land","min_zoom":2}},
{"type":"Feature","geometry":{"type":"Polygon","coordinates":[[[-127.3658,-74.6227],[-127.1452,-74.4802],[-127.853,-74.3318],[-128.0962,-74.4662],[-127.8171,-74.5746],[-127.3658,-74.6227]]]},"properties":{"scalerank":0,"featurecla":"Land","min_zoom":2}},
{"type":"Feature","geometry":{"type":"Polygon","coordinates":[[[-149.2181,-77.3363],[-149.3754,-77.28],[-149.6624,-77.301],[-149.4387,-77.3706],[-149.2181,-77.3363]]]},"properties":{"scalerank":0,"featurecla":"Land","min_zoom":4}},
{"type":"Feature","geometry":{"type":"Polygon","coordinates":[[[-161.9938,-83.1187],[-161.6352,-83.027],[-162.7985,-82.8648],[-163.7959,-82.8427],[-163.0465,-83.0968],[-161.9938,-83.1187]]]},"properties":{"scalerank":0,"featurecla":"Land","min_zoom":3}},
{"type":"Feature","geometry":{"type":"Polygon","coordinates":[[[-150.2325,-76.7765],[-150.1774,-76.6913],[-150.8376,-76.7142],[-150.6552,-76.789],[-150.2325,-76.7765]]]},"properties":{"scalerank":0,"featurecla":"Land","min_zoom":3}},
{"type":"Feature","geometry":{"type":"Polygon","coordinates":[[[-146.6901,-76.2464],[-146.949,-76.0981],[-147.3454,-76.1467],[-146.6901,-76.2464]]]},"properties":{"scalerank":0,"featurecla":"Land","min_zoom":3}},
{"type":"Feature","geometry":{"type":"Polygon","coordinates":[[[-146.79,-76.6331],[-147.1353,-76.5315],[-147.3553,-76.6188],[-146.79,-76.6331]]]},"properties":{"scalerank":0,"featurecla":"Land","min_zoom":3}},
{"type":"Feature","geometry":{"type":"Polygon","coordinates":[[[-160.4671,-81.5895],[-160.9379,-81.4635],[-162.4565,-81.3133],[-163.869,-81.324],[-163.7661,-81.4448],[-160.4671,-81.5895]]]},"properties":{"scalerank":0,"featurecla":"Land","min_zoom":2}},
{"type":"Feature","geometry":{"type":"Polygon","coordinates":[[[-150.3971,-77.3691],[-151.0215,-77.22],[-151.3445,-77.2963],[-150.3971,-77.3691]]]},"properties":{"scalerank":0,"featurecla":"Land","min_zoom":3}},
{"type":"Feature","geometry":{"type":"Polygon","coordinates":[[[-153.9305,-80.0333],[-155.6743,-79.7655],[-155.7512,-79.8296],[-154.9416,-79.9663],[-153.9305,-80.0333]]]},"properties":{"scalerank":0,"featurecla":"Land","min_zoom":3}},
{"type":"Feature","geometry":{"type":"Polygon","coordinates":[[[-149.2307,-77.1205],[-149.8706,-76.875],[-150.7885,-76.9816],[-150.4618,-77.0757],[-149.2307,-77.1205]]]},"properties":{"scalerank":0,"featurecla":"Land","min_zoom":2}},
{"type":"Feature","geometry":{"type":"Polygon","coordinates":[[[-157.9875,-82.105],[-157.8346,-82.0308],[-158.2608,-81.9473],[-158.5453,-81.9488],[-157.9875,-82.105]]]},"properties":{"scalerank":0,"featurecla":"Land","min_zoom":3}},
{"type":"Feature","geometry":{"type":"Polygon","coordinates":[[[-5.8941,-70.5522],[-6.0683,-70.4047],[-6.438,-70.4526],[-6.1561,-70.6115],[-5.8941,-70.5522]]]},"properties":{"scalerank":0,"featurecla":"Land","min_zoom":3}},
{"type":"Feature","geometry":{"type":"Polygon","coordinates":[[[3.0369,-70.5974],[3.2599,-70.4488],[3.0722,-70.3816],[2.6314,-70.5004],[2.6978,-70.6235],[3.0369,-70.5974]]]},"properties":{"scalerank":0,"featurecla":"Land","min_zoom":3}},
{"type":"Feature","geometry":{"type":"Polygon","coordinates":[[[-2.955,-71.2138],[-3.263,-71.0518],[-3.4039,-71.1198],[-3.3094,-71.2009],[-2.955,-71.2138]]]},"properties":{"scalerank":0,"featurecla":"Land","min_zoom":3}},
{"type":"Feature","geometry":{"type":"Polygon","coordinates":[[[1.2993,-70.2552],[1.4122,-70.0407],[1.0268,-70.0498],[0.9903,-70.2243],[1.2993,-70.2552]]]},"properties":{"scalerank":0,"featurecla":"Land","min_zoom":3}},
{"type":"Feature","geometry":{"type":"Polygon","coordinates":[[[-2.5328,-70.7678],[-2.7498,-70.6941],[-3.5371,-70.6833],[-3.007,-70.8515],[-2.8005,-70.9822],[-2.3689,-71.0444],[-2.0923,-70.8209],[-2.5328,-70.7678]]]},"properties":{"scalerank":0,"featurecla":"Land","min_zoom":2}},
{"type":"Feature","geometry":{"type":"Polygon","coordinates":[[[4.5259,-70.4787],[4.495,-70.2514],[4.0697,-70.2902],[4.1296,-70.417],[4.5259,-70.4787]]]},"properties":{"scalerank":0,"featurecla":"Land","min_zoom":3}},
{"type":"Feature","geometry":{"type":"Polygon","coordinates":[[[48.546,-66.7842],[48.6378,-66.701],[48.3577,-66.7038],[48.3045,-66.7979],[48.546,-66.7842]]]},"properties":{"scalerank":0,"featurecla":"Land","min_zoom":3}},
{"type":"Feature","geometry":{"type":"Polygon","coordinates":[[[16.2227,-70.0076],[16.3154,-69.8444],[16.2469,-69.705],[15.699,-69.7732],[15.6139,-69.9391],[16.2227,-70.0076]]]},"properties":{"scalerank":0,"featurecla":"Land","min_zoom":2}},
{"type":"Feature","geometry":{"type":"Polygon","coordinates":[[[26.8572,-70.3812],[26.6862,-70.1145],[26.3011,-70.0725],[25.9825,-70.1999],[26.0054,-70.3729],[26.4702,-70.4479],[26.8572,-70.3812]]]},"properties":{"scalerank":0,"featurecla":"Land","min_zoom":2}},
{"type":"Feature","geometry":{"type":"Polygon","coordinates":[[[-31.1188,-79.7984],[-31.8241,-79.8495],[-30.4221,-80.0108],[-29.6145,-79.9096],[-30.6602,-79.7331],[-31.1188,-79.7984]]]},"properties":{"scalerank":0,"featurecla":"Land","min_zoom":2}},
{"type":"Feature","geometry":{"type":"Polygon","coordinates":[[[-33.9342,-79.3204],[-34.3915,-79.2229],[-35.5347,-79.09],[-36.4813,-79.294],[-34.05,-79.3571],[-33.9342,-79.3204]]]},"properties":{"scalerank":0,"featurecla":"Land","min_zoom":2}},
{"type":"Feature","geometry":{"type":"Polygon","coordinates":[[[-3.2802,-70.5338],[-2.738,-70.507],[-2.7135,-70.3202],[-3.2875,-70.344],[-3.4968,-70.4884],[-3.2802,-70.5338]]]},"properties":{"scalerank":0,"featurecla":"Land","min_zoom":2}},
{"type":"Feature","geometry":{"type":"Polygon","coordinates":[[[-20.6074,-73.8866],[-21.0245,-73.8801],[-21.2883,-73.9894],[-20.8457,-74.4378],[-20.4233,-74.3174],[-20.6542,-74.105],[-20.6074,-73.8866]]]},"properties":{"scalerank":0,"featurecla":"Land","min_zoom":2}},
{"type":"Feature","geometry":{"type":"Polygon","coordinates":[[[-16.1045,-72.6791],[-16.3029,-72.478],[-16.5166,-72.5309],[-16.453,-72.6523],[-16.1045,-72.6791]]]},"properties":{"scalerank":0,"featurecla":"Land","min_zoom":3}},
{"type":"Feature","geometry":{"type":"Polygon","coordinates":[[[-12.5089,-72.1733],[-12.7889,-72.0065],[-12.9633,-72.0645],[-12.7202,-72.1877],[-12.5089,-72.1733]]]},"properties":{"scalerank":0,"featurecla":"Land","min_zoom":3}},
{"type":"Feature","geometry":{"type":"Polygon","coordinates":[[[-32.3425,-79.6736],[-31.9334,-79.5679],[-32.3766,-79.5347],[-32.3425,-79.6736]]]},"properties":{"scalerank":0,"featurecla":"Land","min_zoom":3}},
{"type":"Feature","geometry":{"type":"Polygon","coordinates":[[[-45.7178,-60.5209],[-45.7092,-60.6454],[-45.398,-60.6497],[-45.4997,-60.5465],[-45.7178,-60.5209]]]},"properties":{"scalerank":0,"featurecla":"Land","min_zoom":3}},
{"type":"Feature","geometry":{"type":"Polygon","coordinates":[[[-54.0707,-61.2991],[-54.0499,-61.1421],[-54.1922,-61.2466],[-54.0707,-61.2991]]]},"properties":{"scalerank":0,"featurecla":"Land","min_zoom":4}},
{"type":"Feature","geometry":{"type":"Polygon","coordinates":[[[-67.2619,-79.4526],[-67.0687,-79.2685],[-68.0326,-79.2271],[-68.5489,-79.4374],[-67.4343,-79.5012],[-67.2619,-79.4526]]]},"properties":{"scalerank":0,"featurecla":"Land","min_zoom":2}},
{"type":"Feature","geometry":{"type":"Polygon","coordinates":[[[-55.1654,-61.2204],[-55.0576,-61.1687],[-55.387,-61.0727],[-55.297,-61.2485],[-55.1654,-61.2204]]]},"properties":{"scalerank":0,"featurecla":"Land","min_zoom":3}},
{"type":"Feature","geometry":{"type":"Polygon","coordinates":[[[-55.528,-63.1735],[-56.0422,-63.1571],[-56.3851,-63.2341],[-56.5053,-63.3343],[-56.3785,-63.4373],[-55.7502,-63.2967],[-55.1568,-63.3531],[-55.1562,-63.2048],[-55.528,-63.1735]]]},"properties":{"scalerank":0,"featurecla":"Land","min_zoom":2}},
{"type":"Feature","geometry":{"type":"Polygon","coordinates":[[[-55.8726,-63.5356],[-55.8579,-63.4073],[-56.2099,-63.4369],[-56.1784,-63.5133],[-55.8726,-63.5356]]]},"properties":{"scalerank":0,"featurecla":"Land","min_zoom":3}},
{"type":"Feature","geometry":{"type":"Polygon","coordinates":[[[-57.2405,-64.5668],[-56.991,-64.468],[-57.0226,-64.3523],[-57.4459,-64.4599],[-57.2405,-64.5668]]]},"properties":{"scalerank":0,"featurecla":"Land","min_zoom":3}},
{"type":"Feature","geometry":{"type":"Polygon","coordinates":[[[-58.8379,-62.3025],[-59.0638,-62.2391],[-59.0594,-62.3478],[-58.8379,-62.3025]]]},"properties":{"scalerank":0,"featurecla":"Land","min_zoom":3}},
{"type":"Feature","geometry":{"type":"Polygon","coordinates":[[[-57.9784,-61.9119],[-58.3995,-61.9383],[-58.6836,-62.0082],[-58.9552,-62.1643],[-58.594,-62.2478],[-58.4666,-62.1372],[-57.9627,-62.0775],[-57.6766,-61.9421],[-57.9784,-61.9119]]]},"properties":{"scalerank":0,"featurecla":"Land","min_zoom":2}},
{"type":"Feature","geometry":{"type":"Polygon","coordinates":[[[-61.9524,-64.0771],[-61.7982,-63.9666],[-61.9363,-63.9902],[-62.0208,-64.0273],[-61.9524,-64.0771]]]},"properties":{"scalerank":0,"featurecla":"Land","min_zoom":4}},
{"type":"Feature","geometry":{"type":"Polygon","coordinates":[[[-61.9976,-69.7219],[-61.8072,-69.5146],[-61.816,-69.3762],[-62.1179,-69.2147],[-62.4962,-69.2882],[-61.9976,-69.7219]]]},"properties":{"scalerank":0,"featurecla":"Land","min_zoom":2}},
{"type":"Feature","geometry":{"type":"Polygon","coordinates":[[[-63.3162,-64.8611],[-63.4593,-64.7963],[-63.5583,-64.906],[-63.3162,-64.8611]]]},"properties":{"scalerank":0,"featurecla":"Land","min_zoom":3}},
{"type":"Feature","geometry":{"type":"Polygon","coordinates":[[[-62.3258,-64.4244],[-62.1857,-64.3688],[-62.0585,-64.1381],[-62.545,-64.0457],[-62.4797,-64.2106],[-62.7468,-64.4717],[-62.3258,-64.4244]]]},"properties":{"scalerank":0,"featurecla":"Land","min_zoom":2}},
{"type":"Feature","geometry":{"type":"Polygon","coordinates":[[[-62.6151,-63.0693],[-62.4115,-62.9716],[-62.5271,-62.9238],[-62.6151,-63.0693]]]},"properties":{"scalerank":0,"featurecla":"Land","min_zoom":3}},
{"type":"Feature","geometry":{"type":"Polygon","coordinates":[[[-59.389,-62.4443],[-59.3958,-62.3673],[-59.6607,-62.3543],[-59.5252,-62.4515],[-59.389,-62.4443]]]},"properties":{"scalerank":0,"featurecla":"Land","min_zoom":3}},
{"type":"Feature","geometry":{"type":"Polygon","coordinates":[[[-56.06,-63.0785],[-56.0618,-63.0127],[-56.4886,-62.9822],[-56.6142,-63.0451],[-56.3541,-63.1688],[-56.06,-63.0785]]]},"properties":{"scalerank":0,"featurecla":"Land","min_zoom":3}},
{"type":"Feature","geometry":{"type":"Polygon","coordinates":[[[-60.625,-62.5601],[-60.7318,-62.491],[-61.0633,-62.6789],[-60.378,-62.6165],[-60.2209,-62.7454],[-60.0027,-62.6185],[-60.1399,-62.5487],[-60.625,-62.5601]]]},"properties":{"scalerank":0,"featurecla":"Land","min_zoom":2}},
{"type":"Feature","geometry":{"type":"Polygon","coordinates":[[[-57.3742,-63.8072],[-57.218,-63.8756],[-57.1608,-63.8157],[-57.3742,-63.8072]]]},"properties":{"scalerank":0,"featurecla":"Land","min_zoom":3}},
{"type":"Feature","geometry":{"type":"Polygon","coordinates":[[[-61.1584,-69.9758],[-61.1519,-69.8831],[-61.3271,-69.8563],[-61.4043,-69.9325],[-61.1584,-69.9758]]]},"properties":{"scalerank":0,"featurecla":"Land","min_zoom":3}},
{"type":"Feature","geometry":{"type":"Polygon","coordinates":[[[-60.6559,-68.7676],[-60.8136,-68.6877],[-60.894,-68.7589],[-60.6559,-68.7676]]]},"properties":{"scalerank":0,"featurecla":"Land","min_zoom":3}},
{"type":"Feature","geometry":{"type":"Polygon","coordinates":[[[-60.7406,-70.7105],[-60.4877,-70.6467],[-60.5537,-70.5088],[-60.9755,-70.5991],[-60.7406,-70.7105]]]},"properties":{"scalerank":0,"featurecla":"Land","min_zoom":3}},
{"type":"Feature","geometry":{"type":"Polygon","coordinates":[[[-60.5522,-71.0529],[-60.6131,-70.9201],[-60.9465,-70.9674],[-60.5522,-71.0529]]]},"properties":{"scalerank":0,"featurecla":"Land","min_zoom":3}},
{"type":"Feature","geometry":{"type":"Polygon","coordinates":[[[-60.5049,-62.9674],[-60.6374,-62.8952],[-60.6929,-62.9957],[-60.5049,-62.9674]]]},"properties":{"scalerank":0,"featurecla":"Land","min_zoom":4}},
{"type":"Feature","geometry":{"type":"Polygon","coordinates":[[[-60.6531,-63.8666],[-60.6889,-63.8079],[-60.5624,-63.6959],[-60.7967,-63.7167],[-60.8101,-63.8366],[-60.6531,-63.8666]]]},"properties":{"scalerank":0,"featurecla":"Land","min_zoom":3}},
{"type":"Feature","geometry":{"type":"Polygon","coordinates":[[[-93.7956,-72.9197],[-94.0042,-72.8197],[-94.1132,-72.8601],[-93.7956,-72.9197]]]},"properties":{"scalerank":0,"featurecla":"Land","min_zoom":4}},
{"type":"Feature","geometry":{"type":"Polygon","coordinates":[[[-91.1607,-73.1822],[-90.7756,-72.993],[-90.8071,-72.6106],[-91.3035,-72.5474],[-91.67,-72.6237],[-91.3569,-72.9095],[-91.5108,-73.1955],[-91.1607,-73.1822]]]},"properties":{"scalerank":0,"featurecla":"Land","min_zoom":2}},
{"type":"Feature","geometry":{"type":"Polygon","coordinates":[[[-104.5379,-73.1663],[-104.9724,-72.941],[-105.1318,-72.9915],[-104.881,-73.2006],[-104.5379,-73.1663]]]},"properties":{"scalerank":0,"featurecla":"Land","min_zoom":3}},
{"type":"Feature","geometry":{"type":"Polygon","coordinates":[[[-95.0271,-72.665],[-94.426,-72.6126],[-94.5139,-72.4917],[-95.2156,-72.5994],[-95.0271,-72.665]]]},"properties":{"scalerank":0,"featurecla":"Land","min_zoom":3}},
{"type":"Feature","geometry":{"type":"Polygon","coordinates":[[[-71.695,-70.2651],[-71.6847,-70.4423],[-71.3403,-70.3175],[-71.695,-70.2651]]]},"properties":{"scalerank":0,"featurecla":"Land","min_zoom":1}},
{"type":"Feature","geometry":{"type":"Polygon","coordinates":[[[-71.9854,-69.6984],[-72.3312,-69.4918],[-72.7262,-69.4131],[-72.9573,-69.5291],[-72.7768,-69.645],[-72.2021,-69.7401],[-71.9854,-69.6984]]]},"properties":{"scalerank":0,"featurecla":"Land","min_zoom":2}},
{"type":"Feature","geometry":{"type":"Polygon","coordinates":[[[-73.8784,-73.3568],[-73.5424,-73.1238],[-73.8321,-73.1133],[-74.1466,-73.3154],[-73.8784,-73.3568]]]},"properties":{"scalerank":0,"featurecla":"Land","min_zoom":3}},
{"type":"Feature","geometry":{"type":"Polygon","coordinates":[[[-65.8453,-65.8425],[-65.8139,-65.6866],[-65.9683,-65.571],[-66.1753,-65.8665],[-65.8453,-65.8425]]]},"properties":{"scalerank":0,"featurecla":"Land","min_zoom":3}},
{"type":"Feature","geometry":{"type":"Polygon","coordinates":[[[-66.5953,-66.2007],[-66.779,-66.1108],[-66.8187,-66.3127],[-66.5953,-66.2007]]]},"properties":{"scalerank":0,"featurecla":"Land","min_zoom":3}},
{"type":"Feature","geometry":{"type":"Polygon","coordinates":[[[-67.3489,-67.7662],[-67.1494,-67.6502],[-67.5567,-67.6045],[-67.6934,-67.7635],[-67.3489,-67.7662]]]},"properties":{"scalerank":0,"featurecla":"Land","min_zoom":3}},
{"type":"Feature","geometry":{"type":"Polygon","coordinates":[[[-67.3624,-66.8945],[-67.257,-66.8409],[-67.3317,-66.7535],[-67.5933,-66.8756],[-67.3624,-66.8945]]]},"properties":{"scalerank":0,"featurecla":"Land","min_zoom":3}},
{"type":"Feature","geometry":{"type":"Polygon","coordinates":[[[-179.9749,-16.9248],[-179.8223,-16.7653],[-179.861,-16.6883],[-180,-16.7855],[-180,-16.9078],[-180,-16.963],[-179.9749,-16.9248]]]},"properties":{"scalerank":0,"featurecla":"Land","min_zoom":3}},
{"type":"Feature","geometry":{"type":"Polygon","coordinates":[[[-179.9294,-16.5028],[-179.9437,-16.4414],[-180,-16.4889],[-180,-16.5129],[-180,-16.54],[-179.9294,-16.5028]]]},"properties":{"scalerank":0,"featurecla":"Land","min_zoom":1}},
{"type":"Feature","geometry":{"type":"Polygon","coordinates":[[[180,-16.9631],[180,-16.7857],[179.897,-16.9641],[180,-16.9631]]]},"properties":{"scalerank":0,"featurecla":"Land","min_zoom":3}},
{"type":"Feature","geometry":{"type":"Polygon","coordinates":[[[-78.8983,8.2743],[-78.8562,8.4482],[-78.9606,8.4358],[-78.8983,8.2743]]]},"properties":{"scalerank":0,"featurecla":"Land","min_zoom":3}},
{"type":"Feature","geometry":{"type":"Polygon","coordinates":[[[154.8104,49.312],[154.8249,49.6469],[154.613,49.3806],[154.8104,49.312]]]},"properties":{"scalerank":0,"featurecla":"Land","min_zoom":3}},
{"type":"Feature","geometry":{"type":"Polygon","coordinates":[[[59.3131,81.3052],[59.075,81.3977],[58.719,81.3135],[59.3131,81.3052]]]},"properties":{"scalerank":0,"featurecla":"Land","min_zoom":3}},
{"type":"Feature","geometry":{"type":"Polygon","coordinates":[[[54.4153,80.4728],[54.4071,80.5401],[53.8772,80.6053],[53.8119,80.4762],[54.4153,80.4728]]]},"properties":{"scalerank":0,"featurecla":"Land","min_zoom":3}},
{"type":"Feature","geometry":{"type":"Polygon","coordinates":[[[61.1408,80.9503],[61.4574,81.104],[60.5866,81.0877],[60.0582,80.9846],[61.1408,80.9503]]]},"properties":{"scalerank":0,"featurecla":"Land","min_zoom":3}},
{"type":"Feature","geometry":{"type":"Polygon","coordinates":[[[53.5214,80.1852],[53.8517,80.2684],[53.1856,80.4126],[52.2134,80.2637],[52.8563,80.1732],[53.5214,80.1852]]]},"properties":{"scalerank":0,"featurecla":"Land","min_zoom":3}},
{"type":"Feature","geometry":{"type":"Polygon","coordinates":[[[57.0787,80.3509],[56.0244,80.3413],[56.2006,80.0765],[57.0802,80.0947],[57.0787,80.3509]]]},"properties":{"scalerank":0,"featurecla":"Land","min_zoom":2}},
{"type":"Feature","geometry":{"type":"Polygon","coordinates":[[[59.6889,79.9558],[59.5445,80.1188],[58.9461,80.0423],[59.6889,79.9558]]]},"properties":{"scalerank":0,"featurecla":"Land","min_zoom":3}},
{"type":"Feature","geometry":{"type":"Polygon","coordinates":[[[-66.4721,-55.2291],[-66.5231,-55.1655],[-66.6366,-55.2344],[-66.5517,-55.2729],[-66.4721,-55.2291]]]},"properties":{"scalerank":0,"featurecla":"Land","min_zoom":4}},
{"type":"Feature","geometry":{"type":"Polygon","coordinates":[[[-75.0425,-44.8901],[-75.0484,-44.8239],[-75.1421,-44.8156],[-75.0987,-44.9018],[-75.0425,-44.8901]]]},"properties":{"scalerank":0,"featurecla":"Land","min_zoom":4}},
{"type":"Feature","geometry":{"type":"Polygon","coordinates":[[[-75.5103,-48.7635],[-75.1585,-48.6227],[-75.1555,-48.4252],[-75.3914,-48.0197],[-75.5607,-48.0709],[-75.5185,-48.3288],[-75.6509,-48.5863],[-75.6229,-48.7646],[-75.5103,-48.7635]]]},"properties":{"scalerank":0,"featurecla":"Land","min_zoom":0}},
{"type":"Feature","geometry":{"type":"Polygon","coordinates":[[[-75.302,-50.68],[-75.1562,-50.4968],[-75.4276,-50.4806],[-75.4774,-50.6542],[-75.302,-50.68]]]},"properties":{"scalerank":0,"featurecla":"Land","min_zoom":3}},
{"type":"Feature","geometry":{"type":"Polygon","coordinates":[[[-74.3857,-52.9224],[-74.2702,-53.0815],[-73.7935,-53.1207],[-73.5828,-53.3002],[-73.2257,-53.3584],[-73.4506,-53.1443],[-74.066,-52.9653],[-74.3857,-52.9224]]]},"properties":{"scalerank":0,"featurecla":"Land","min_zoom":0}},
{"type":"Feature","geometry":{"type":"Polygon","coordinates":[[[-69.703,-54.919],[-69.8844,-54.882],[-69.9798,-55.1475],[-69.4118,-55.4442],[-69.2971,-55.1658],[-68.889,-55.2633],[-68.867,-55.4502],[-68.5942,-55.45],[-68.2934,-55.5214],[-68.2827,-55.2552],[-68.5981,-55.1283],[-68.3998,-55.042],[-68.458,-54.9597],[-68.9008,-55.0178],[-69.703,-54.919]]]},"properties":{"scalerank":0,"featurecla":"Land","min_zoom":0}},
{"type":"Feature","geometry":{"type":"Polygon","coordinates":[[[-75.1067,-48.8365],[-75.1186,-48.7729],[-75.6191,-48.8859],[-75.4876,-49.0824],[-75.2627,-49.0689],[-75.1067,-48.8365]]]},"properties":{"scalerank":0,"featurecla":"Land","min_zoom":0}},
{"type":"Feature","geometry":{"type":"Polygon","coordinates":[[[-60.1117,-51.3959],[-60.0698,-51.3079],[-60.2753,-51.2806],[-60.2488,-51.396],[-60.1117,-51.3959]]]},"properties":{"scalerank":0,"featurecla":"Land","min_zoom":3}},
{"type":"Feature","geometry":{"type":"Polygon","coordinates":[[[-26.2641,-58.4352],[-26.3035,-58.3822],[-26.4012,-58.3832],[-26.4153,-58.4398],[-26.2641,-58.4352]]]},"properties":{"scalerank":0,"featurecla":"Land","min_zoom":4}},
{"type":"Feature","geometry":{"type":"Polygon","coordinates":[[[53.7632,12.6368],[53.6385,12.7074],[53.431,12.6636],[53.3158,12.5332],[53.5983,12.3423],[53.7188,12.319],[54.1295,12.3606],[54.5111,12.5528],[54.1874,12.664],[53.7632,12.6368]]]},"properties":{"scalerank":0,"featurecla":"Land","min_zoom":2}},
{"type":"Feature","geometry":{"type":"Polygon","coordinates":[[[53.3322,24.2586],[53.4453,24.3712],[53.1909,24.2909],[53.3322,24.2586]]]},"properties":{"scalerank":0,"featurecla":"Land","min_zoom":3}},
{"type":"Feature","geometry":{"type":"Polygon","coordinates":[[[58.7221,20.2188],[58.8352,20.4239],[58.9508,20.5162],[58.8844,20.6806],[58.788,20.4966],[58.6412,20.3374],[58.7221,20.2188]]]},"properties":{"scalerank":0,"featurecla":"Land","min_zoom":2}},
{"type":"Feature","geometry":{"type":"Polygon","coordinates":[[[52.6169,24.2886],[52.6576,24.3326],[52.6294,24.3768],[52.5836,24.3523],[52.6169,24.2886]]]},"properties":{"scalerank":0,"featurecla":"Land","min_zoom":4}},
{"type":"Feature","geometry":{"type":"Polygon","coordinates":[[[56.188,26.9211],[56.0741,26.9834],[55.9071,26.9098],[55.7576,26.9477],[55.7626,26.812],[55.347,26.6479],[55.4237,26.5831],[55.8477,26.7308],[55.9543,26.7011],[56.188,26.9211]]]},"properties":{"scalerank":0,"featurecla":"Land","min_zoom":2}},
{"type":"Feature","geometry":{"type":"Polygon","coordinates":[[[53.9278,24.1772],[53.8338,24.2589],[53.6896,24.2108],[53.7991,24.1355],[53.9278,24.1772]]]},"properties":{"scalerank":0,"featurecla":"Land","min_zoom":3}},
{"type":"Feature","geometry":{"type":"Polygon","coordinates":[[[41.9877,16.7156],[41.9479,16.9364],[41.7761,16.8469],[41.9642,16.6535],[42.1704,16.7086],[42.06,16.8035],[41.9877,16.7156]]]},"properties":{"scalerank":0,"featurecla":"Land","min_zoom":2}},
{"type":"Feature","geometry":{"type":"Polygon","coordinates":[[[40.1412,15.6961],[40.0426,15.8755],[39.9452,15.7891],[40.0951,15.5909],[40.399,15.5799],[40.2501,15.7035],[40.1412,15.6961]]]},"properties":{"scalerank":0,"featurecla":"Land","min_zoom":2}},
{"type":"Feature","geometry":{"type":"Polygon","coordinates":[[[42.7559,13.7043],[42.735,13.753],[42.6897,13.6736],[42.7559,13.7043]]]},"properties":{"scalerank":0,"featurecla":"Land","min_zoom":4}},
{"type":"Feature","geometry":{"type":"Polygon","coordinates":[[[50.6072,25.8831],[50.6098,26.1245],[50.4524,26.1908],[50.4659,25.9655],[50.6072,25.8831]]]},"properties":{"scalerank":0,"featurecla":"Land","min_zoom":3}},
{"type":"Feature","geometry":{"type":"Polygon","coordinates":[[[42.7874,13.9715],[42.7621,14.0675],[42.694,14.0079],[42.7874,13.9715]]]},"properties":{"scalerank":0,"featurecla":"Land","min_zoom":4}},
{"type":"Feature","geometry":{"type":"Polygon","coordinates":[[[48.2754,29.6243],[48.3482,29.7827],[48.1586,29.9596],[48.0814,29.7989],[48.1797,29.6114],[48.2754,29.6243]]]},"properties":{"scalerank":0,"featurecla":"Land","min_zoom":2}},
{"type":"Feature","geometry":{"type":"Polygon","coordinates":[[[179.4224,-17.3668],[179.4328,-17.2716],[179.3731,-17.2562],[179.4224,-17.3668]]]},"properties":{"scalerank":0,"featurecla":"Land","min_zoom":4}},
{"type":"Feature","geometry":{"type":"Polygon","coordinates":[[[179.3493,-18.1023],[179.3064,-17.944],[179.2535,-18.0306],[179.3493,-18.1023]]]},"properties":{"scalerank":0,"featurecla":"Land","min_zoom":3}},
{"type":"Feature","geometry":{"type":"Polygon","coordinates":[[[178.8275,-17.729],[178.8525,-17.6812],[178.7871,-17.6244],[178.7477,-17.6857],[178.8275,-17.729]]]},"properties":{"scalerank":0,"featurecla":"Land","min_zoom":3}},
{"type":"Feature","geometry":{"type":"Polygon","coordinates":[[[168.4468,-16.7788],[168.366,-16.7588],[168.1992,-16.5938],[168.1243,-16.69],[168.1814,-16.804],[168.4468,-16.7788]]]},"properties":{"scalerank":0,"featurecla":"Land","min_zoom":3}},
{"type":"Feature","geometry":{"type":"Polygon","coordinates":[[[168.2967,-16.3365],[168.1639,-16.0816],[168.0643,-16.1812],[168.0217,-16.3156],[168.2967,-16.3365]]]},"properties":{"scalerank":0,"featurecla":"Land","min_zoom":2}},
{"type":"Feature","geometry":{"type":"Polygon","coordinates":[[[168.4458,-17.5422],[168.2731,-17.5522],[168.1582,-17.7105],[168.2517,-17.7808],[168.5246,-17.798],[168.5454,-17.6847],[168.4458,-17.5422]]]},"properties":{"scalerank":0,"featurecla":"Land","min_zoom":2}},
{"type":"Feature","geometry":{"type":"Polygon","coordinates":[[[167.9113,-15.4359],[167.8263,-15.312],[167.6742,-15.4516],[167.8442,-15.4818],[167.9113,-15.4359]]]},"properties":{"scalerank":0,"featurecla":"Land","min_zoom":3}},
{"type":"Feature","geometry":{"type":"Polygon","coordinates":[[[166.7458,-14.8269],[166.6078,-14.6365],[166.5272,-14.8501],[166.6479,-15.2115],[166.6311,-15.4061],[166.8258,-15.6349],[166.9366,-15.578],[167.0939,-15.5809],[167.1996,-15.4857],[167.1316,-15.1354],[166.9873,-14.94],[166.9234,-15.1392],[166.8102,-15.1574],[166.7458,-14.8269]]]},"properties":{"scalerank":0,"featurecla":"Land","min_zoom":1}},
{"type":"Feature","geometry":{"type":"Polygon","coordinates":[[[168.2129,-15.9704],[168.2678,-15.8923],[168.1835,-15.5082],[168.1229,-15.6809],[168.2129,-15.9704]]]},"properties":{"scalerank":0,"featurecla":"Land","min_zoom":3}},
{"type":"Feature","geometry":{"type":"Polygon","coordinates":[[[168.1892,-15.3287],[168.1869,-15.1969],[168.1042,-15.0166],[168.1305,-15.3189],[168.1892,-15.3287]]]},"properties":{"scalerank":0,"featurecla":"Land","min_zoom":3}},
{"type":"Feature","geometry":{"type":"Polygon","coordinates":[[[167.4125,-16.0959],[167.3357,-15.9167],[167.1995,-15.8851],[167.1515,-16.0805],[167.3156,-16.1155],[167.3803,-16.2457],[167.4493,-16.555],[167.6114,-16.4986],[167.7598,-16.5164],[167.8366,-16.4497],[167.7145,-16.3137],[167.4125,-16.0959]]]},"properties":{"scalerank":0,"featurecla":"Land","min_zoom":1.5}},
{"type":"Feature","geometry":{"type":"Polygon","coordinates":[[[167.2189,-15.7241],[167.2344,-15.645],[167.119,-15.6226],[167.0947,-15.6853],[167.2189,-15.7241]]]},"properties":{"scalerank":0,"featurecla":"Land","min_zoom":1}},
{"type":"Feature","geometry":{"type":"Polygon","coordinates":[[[159.8791,-8.5343],[159.7939,-8.4061],[159.8431,-8.327],[159.4314,-8.029],[159.198,-7.9096],[159.1094,-7.9035],[158.7344,-7.6043],[158.5654,-7.6514],[158.597,-7.7591],[158.944,-8.0407],[159.3541,-8.2604],[159.6445,-8.3717],[159.8791,-8.5343]]]},"properties":{"scalerank":0,"featurecla":"Land","min_zoom":1}},
{"type":"Feature","geometry":{"type":"Polygon","coordinates":[[[157.4867,-7.3304],[157.3361,-7.2805],[157.1484,-7.1138],[157.0303,-6.892],[156.7654,-6.7641],[156.6042,-6.641],[156.4574,-6.7152],[156.6958,-6.9109],[156.9043,-7.1805],[157.1016,-7.3236],[157.4413,-7.4257],[157.4867,-7.3304]]]},"properties":{"scalerank":0,"featurecla":"Land","min_zoom":1.5}},
{"type":"Feature","geometry":{"type":"Polygon","coordinates":[[[153.6593,-4.0993],[153.6397,-4.0447],[153.5915,-4.096],[153.6593,-4.0993]]]},"properties":{"scalerank":0,"featurecla":"Land","min_zoom":4}},
{"type":"Feature","geometry":{"type":"Polygon","coordinates":[[[121.1594,6.0756],[121.0377,6.096],[120.8982,6.0069],[120.9307,5.8962],[121.2182,5.9427],[121.2944,5.87],[121.3915,6.0021],[121.2139,6.0035],[121.1594,6.0756]]]},"properties":{"scalerank":0,"featurecla":"Land","min_zoom":2}},
{"type":"Feature","geometry":{"type":"Polygon","coordinates":[[[114.4126,-7.1335],[114.3836,-7.0807],[114.2988,-7.0976],[114.3469,-7.1633],[114.4126,-7.1335]]]},"properties":{"scalerank":0,"featurecla":"Land","min_zoom":4}},
{"type":"Feature","geometry":{"type":"Polygon","coordinates":[[[134.3519,34.4836],[134.326,34.5344],[134.1821,34.5192],[134.2519,34.423],[134.3519,34.4836]]]},"properties":{"scalerank":0,"featurecla":"Land","min_zoom":3}},
{"type":"Feature","geometry":{"type":"Polygon","coordinates":[[[-75.1122,-47.8377],[-74.916,-47.7566],[-75.0898,-47.6906],[-75.1122,-47.8377]]]},"properties":{"scalerank":0,"featurecla":"Land","min_zoom":3}},
{"type":"Feature","geometry":{"type":"Polygon","coordinates":[[[-74.6687,-43.6078],[-74.6975,-43.553],[-74.8177,-43.5494],[-74.8104,-43.6254],[-74.6687,-43.6078]]]},"properties":{"scalerank":0,"featurecla":"Land","min_zoom":3}},
{"type":"Feature","geometry":{"type":"Polygon","coordinates":[[[-73.6322,-44.8215],[-73.6412,-44.6108],[-73.8001,-44.6841],[-73.6322,-44.8215]]]},"properties":{"scalerank":0,"featurecla":"Land","min_zoom":3}},
{"type":"Feature","geometry":{"type":"Polygon","coordinates":[[[-74.5673,-48.592],[-74.7293,-48.1259],[-74.9751,-47.9229],[-75.1983,-47.9746],[-75.2129,-48.1417],[-74.923,-48.6265],[-74.5673,-48.592]]]},"properties":{"scalerank":0,"featurecla":"Land","min_zoom":0}},
{"type":"Feature","geometry":{"type":"Polygon","coordinates":[[[-64.5492,-54.7162],[-64.7573,-54.8266],[-64.6374,-54.9025],[-64.1053,-54.7217],[-64.5492,-54.7162]]]},"properties":{"scalerank":0,"featurecla":"Land","min_zoom":3}},
{"type":"Feature","geometry":{"type":"Polygon","coordinates":[[[-61.8758,-39.1719],[-61.9666,-39.1122],[-62.0416,-39.1669],[-61.918,-39.2274],[-61.8758,-39.1719]]]},"properties":{"scalerank":0,"featurecla":"Land","min_zoom":3}},
{"type":"Feature","geometry":{"type":"Polygon","coordinates":[[[-59.6827,-52.2316],[-59.681,-52.1801],[-59.7532,-52.1414],[-59.7849,-52.2047],[-59.6827,-52.2316]]]},"properties":{"scalerank":0,"featurecla":"Land","min_zoom":4}},
{"type":"Feature","geometry":{"type":"Polygon","coordinates":[[[-61.0187,-51.7857],[-61.145,-51.8395],[-60.9476,-51.9463],[-60.876,-51.7942],[-61.0187,-51.7857]]]},"properties":{"scalerank":0,"featurecla":"Land","min_zoom":3}},
{"type":"Feature","geometry":{"type":"Polygon","coordinates":[[[-72.9232,-53.4816],[-73.0994,-53.5119],[-73.4471,-53.4101],[-73.6865,-53.4269],[-73.6415,-53.5703],[-73.4709,-53.7361],[-73.3144,-53.7292],[-73.3047,-53.9439],[-73.12,-54.0094],[-72.9842,-53.8605],[-72.7638,-53.8648],[-72.871,-54.1266],[-72.5629,-54.0737],[-72.3691,-53.9808],[-72.2054,-53.8074],[-72.4823,-53.5881],[-72.8822,-53.5783],[-72.9232,-53.4816]]]},"properties":{"scalerank":0,"featurecla":"Land","min_zoom":0}},
{"type":"Feature","geometry":{"type":"Polygon","coordinates":[[[-67.0799,-55.1538],[-67.2453,-54.9776],[-68.1069,-54.9294],[-68.3014,-54.9807],[-68.07,-55.2211],[-67.7678,-55.2596],[-67.4635,-55.1817],[-67.2574,-55.2818],[-67.0799,-55.1538]]]},"properties":{"scalerank":0,"featurecla":"Land","min_zoom":0}},
{"type":"Feature","geometry":{"type":"Polygon","coordinates":[[[-70.9916,-54.868],[-70.9398,-55.0619],[-70.5435,-55.1613],[-70.2831,-55.0659],[-70.4175,-54.9089],[-70.8048,-54.9677],[-70.9916,-54.868]]]},"properties":{"scalerank":0,"featurecla":"Land","min_zoom":0}},
{"type":"Feature","geometry":{"type":"Polygon","coordinates":[[[-67.2889,-55.7769],[-67.3506,-55.6121],[-67.56,-55.7248],[-67.2889,-55.7769]]]},"properties":{"scalerank":0,"featurecla":"Land","min_zoom":3}},
{"type":"Feature","geometry":{"type":"Polygon","coordinates":[[[-74.5586,-51.2771],[-74.7367,-51.2076],[-75.0403,-51.3182],[-75.1537,-51.2788],[-75.3,-51.5564],[-75.1463,-51.5243],[-75.0474,-51.3983],[-74.8533,-51.4342],[-74.5586,-51.2771]]]},"properties":{"scalerank":0,"featurecla":"Land","min_zoom":2}},
{"type":"Feature","geometry":{"type":"Polygon","coordinates":[[[-75.0548,-50.2961],[-74.8386,-50.1973],[-74.876,-50.11],[-75.3267,-50.0118],[-75.4491,-50.3434],[-75.2504,-50.3763],[-75.0548,-50.2961]]]},"properties":{"scalerank":0,"featurecla":"Land","min_zoom":0}},
{"type":"Feature","geometry":{"type":"Polygon","coordinates":[[[-74.8229,-51.6302],[-75.1054,-51.7889],[-75.0171,-52.0379],[-74.8518,-52.2707],[-74.6945,-52.2792],[-74.5318,-51.992],[-74.7801,-51.8247],[-74.8229,-51.6302]]]},"properties":{"scalerank":0,"featurecla":"Land","min_zoom":0}},
{"type":"Feature","geometry":{"type":"Polygon","coordinates":[[[-73.8106,-43.8272],[-74.1399,-43.821],[-73.9557,-43.922],[-73.8106,-43.8272]]]},"properties":{"scalerank":0,"featurecla":"Land","min_zoom":3}},
{"type":"Feature","geometry":{"type":"Polygon","coordinates":[[[-71.3905,-54.0328],[-71.5542,-53.9561],[-71.9965,-53.8849],[-72.2104,-54.0478],[-71.9724,-54.2072],[-71.4733,-54.2312],[-71.1433,-54.374],[-71.0049,-54.2467],[-71.0219,-54.1118],[-71.3905,-54.0328]]]},"properties":{"scalerank":0,"featurecla":"Land","min_zoom":0}},
{"type":"Feature","geometry":{"type":"Polygon","coordinates":[[[-74.1422,-51.9311],[-74.1334,-51.8709],[-74.3621,-51.7507],[-74.4236,-51.8451],[-74.1422,-51.9311]]]},"properties":{"scalerank":0,"featurecla":"Land","min_zoom":3}},
{"type":"Feature","geometry":{"type":"Polygon","coordinates":[[[-73.7354,-44.3945],[-73.7032,-44.2741],[-73.9002,-44.1349],[-74.0828,-44.1864],[-74.0972,-44.3894],[-74.3012,-44.3957],[-74.5018,-44.4735],[-74.4805,-44.5846],[-74.6178,-44.6479],[-74.3499,-44.9108],[-74.1952,-45.1448],[-74.0893,-45.1957],[-74.0991,-45.3254],[-73.849,-45.3406],[-73.7521,-45.2668],[-73.7271,-45.119],[-73.9833,-44.4948],[-73.7354,-44.3945]]]},"properties":{"scalerank":0,"featurecla":"Land","min_zoom":0}},
{"type":"Feature","geometry":{"type":"Polygon","coordinates":[[[-74.3129,-45.6915],[-74.24,-45.5745],[-74.3154,-45.4641],[-74.3105,-45.1727],[-74.5023,-45.2852],[-74.4947,-45.4259],[-74.6898,-45.6626],[-74.4655,-45.7572],[-74.3129,-45.6915]]]},"properties":{"scalerank":0,"featurecla":"Land","min_zoom":0}},
{"type":"Feature","geometry":{"type":"Polygon","coordinates":[[[-73.5665,45.4691],[-73.5225,45.7012],[-73.7753,45.4676],[-73.5665,45.4691]]]},"properties":{"scalerank":0,"featurecla":"Land","min_zoom":3}},
{"type":"Feature","geometry":{"type":"Polygon","coordinates":[[[-73.6953,45.5855],[-73.7247,45.6718],[-73.8577,45.5736],[-73.6953,45.5855]]]},"properties":{"scalerank":0,"featurecla":"Land","min_zoom":3}},
{"type":"Feature","geometry":{"type":"Polygon","coordinates":[[[-60.9616,45.4899],[-60.9125,45.5673],[-61.026,45.5773],[-61.0762,45.5373],[-60.9616,45.4899]]]},"properties":{"scalerank":0,"featurecla":"Land","min_zoom":4}},
{"type":"Feature","geometry":{"type":"Polygon","coordinates":[[[-61.9141,47.2845],[-61.8866,47.3446],[-61.5822,47.56],[-61.6278,47.5938],[-61.9247,47.4251],[-61.9141,47.2845]]]},"properties":{"scalerank":0,"featurecla":"Land","min_zoom":3}},
{"type":"Feature","geometry":{"type":"Polygon","coordinates":[[[-64.5086,47.8867],[-64.6633,47.863],[-64.6213,47.7519],[-64.5339,47.8138],[-64.5086,47.8867]]]},"properties":{"scalerank":0,"featurecla":"Land","min_zoom":3}},
{"type":"Feature","geometry":{"type":"Polygon","coordinates":[[[-64.4761,47.9589],[-64.5407,47.985],[-64.5913,47.9072],[-64.4761,47.9589]]]},"properties":{"scalerank":0,"featurecla":"Land","min_zoom":4}},
{"type":"Feature","geometry":{"type":"Polygon","coordinates":[[[-71.0257,46.8729],[-70.9135,46.9195],[-70.8796,46.9961],[-71.095,46.8996],[-71.0257,46.8729]]]},"properties":{"scalerank":0,"featurecla":"Land","min_zoom":3}},
{"type":"Feature","geometry":{"type":"Polygon","coordinates":[[[-66.2738,44.2923],[-66.2104,44.392],[-66.2505,44.379],[-66.3119,44.2916],[-66.2738,44.2923]]]},"properties":{"scalerank":0,"featurecla":"Land","min_zoom":4}},
{"type":"Feature","geometry":{"type":"Polygon","coordinates":[[[-68.6232,44.196],[-68.656,44.2423],[-68.703,44.232],[-68.7017,44.1827],[-68.6232,44.196]]]},"properties":{"scalerank":0,"featurecla":"Land","min_zoom":4}},
{"type":"Feature","geometry":{"type":"Polygon","coordinates":[[[-66.7625,44.6818],[-66.8447,44.7639],[-66.8971,44.6289],[-66.7625,44.6818]]]},"properties":{"scalerank":0,"featurecla":"Land","min_zoom":3}},
{"type":"Feature","geometry":{"type":"Polygon","coordinates":[[[-68.1873,44.3325],[-68.2994,44.4565],[-68.4117,44.2943],[-68.1873,44.3325]]]},"properties":{"scalerank":0,"featurecla":"Land","min_zoom":3}},
{"type":"Feature","geometry":{"type":"Polygon","coordinates":[[[113.8445,-7.1054],[114.083,-6.9894],[113.9747,-6.873],[113.0674,-6.88],[112.8681,-6.8999],[112.7259,-7.0728],[112.7638,-7.1396],[113.0404,-7.2118],[113.4707,-7.2185],[113.6559,-7.1117],[113.8445,-7.1054]]]},"properties":{"scalerank":0,"featurecla":"Land","min_zoom":2}},
{"type":"Feature","geometry":{"type":"Polygon","coordinates":[[[158.8788,-54.7098],[158.9456,-54.575],[158.897,-54.5061],[158.8359,-54.704],[158.8788,-54.7098]]]},"properties":{"scalerank":0,"featurecla":"Land","min_zoom":4}},
{"type":"Feature","geometry":{"type":"Polygon","coordinates":[[[-173.9535,-18.6394],[-174.0024,-18.5707],[-174.0691,-18.6402],[-174.0093,-18.6978],[-173.9535,-18.6394]]]},"properties":{"scalerank":0,"featurecla":"Land","min_zoom":3}},
{"type":"Feature","geometry":{"type":"Polygon","coordinates":[[[-151.4098,-16.8777],[-151.4112,-16.7744],[-151.4764,-16.7607],[-151.4855,-16.8637],[-151.4098,-16.8777]]]},"properties":{"scalerank":0,"featurecla":"Land","min_zoom":3}},
{"type":"Feature","geometry":{"type":"Polygon","coordinates":[[[-157.3421,1.8556],[-157.4201,1.7875],[-157.2461,1.7317],[-157.3421,1.8556]]]},"properties":{"scalerank":0,"featurecla":"Land","min_zoom":3}},
{"type":"Feature","geometry":{"type":"Polygon","coordinates":[[[-139.0243,-9.6952],[-139.1341,-9.8295],[-138.875,-9.7929],[-139.0243,-9.6952]]]},"properties":{"scalerank":0,"featurecla":"Land","min_zoom":3}},
{"type":"Feature","geometry":{"type":"Polygon","coordinates":[[[-139.0597,-9.9313],[-139.1342,-9.9263],[-139.134,-10.0096],[-139.0597,-9.9313]]]},"properties":{"scalerank":0,"featurecla":"Land","min_zoom":4}},
{"type":"Feature","geometry":{"type":"Polygon","coordinates":[[[-138.6511,-10.5153],[-138.6245,-10.463],[-138.6904,-10.4256],[-138.6877,-10.5324],[-138.6511,-10.5153]]]},"properties":{"scalerank":0,"featurecla":"Land","min_zoom":4}},
{"type":"Feature","geometry":{"type":"Polygon","coordinates":[[[-149.3215,-17.69],[-149.3792,-17.5224],[-149.6114,-17.5316],[-149.5789,-17.735],[-149.3215,-17.69]]]},"properties":{"scalerank":0,"featurecla":"Land","min_zoom":2}},
{"type":"Feature","geometry":{"type":"Polygon","coordinates":[[[-140.0726,-8.9104],[-140.0577,-8.8015],[-140.2244,-8.7815],[-140.2174,-8.9297],[-140.0726,-8.9104]]]},"properties":{"scalerank":0,"featurecla":"Land","min_zoom":3}},
{"type":"Feature","geometry":{"type":"Polygon","coordinates":[[[-140.0756,-9.426],[-140.0311,-9.3447],[-140.1444,-9.3594],[-140.0756,-9.426]]]},"properties":{"scalerank":0,"featurecla":"Land","min_zoom":4}},
{"type":"Feature","geometry":{"type":"Polygon","coordinates":[[[-172.3335,-13.4652],[-172.6696,-13.5238],[-172.7441,-13.5787],[-172.5357,-13.7917],[-172.225,-13.8043],[-172.1769,-13.6847],[-172.2215,-13.5596],[-172.3335,-13.4652]]]},"properties":{"scalerank":0,"featurecla":"Land","min_zoom":2}},
{"type":"Feature","geometry":{"type":"Polygon","coordinates":[[[-178.9565,-17.2729],[-178.9211,-17.2084],[-179.005,-17.1483],[-179.0149,-17.1824],[-178.9715,-17.2127],[-178.9565,-17.2729]]]},"properties":{"scalerank":0,"featurecla":"Land","min_zoom":4}},
{"type":"Feature","geometry":{"type":"Polygon","coordinates":[[[-159.3391,3.9235],[-159.3732,3.8805],[-159.3062,3.8384],[-159.2593,3.8392],[-159.3391,3.9235]]]},"properties":{"scalerank":0,"featurecla":"Land","min_zoom":4}},
{"type":"Feature","geometry":{"type":"Polygon","coordinates":[[[-171.4541,-14.0465],[-171.6039,-13.8792],[-171.8582,-13.8071],[-172.0281,-13.9068],[-171.9119,-14.0017],[-171.7282,-14.0473],[-171.4541,-14.0465]]]},"properties":{"scalerank":0,"featurecla":"Land","min_zoom":2}},
{"type":"Feature","geometry":{"type":"Polygon","coordinates":[[[-170.7263,-14.3512],[-170.6892,-14.2574],[-170.8205,-14.3121],[-170.7263,-14.3512]]]},"properties":{"scalerank":0,"featurecla":"Land","min_zoom":3}},
{"type":"Feature","geometry":{"type":"Polygon","coordinates":[[[-169.8034,-19.083],[-169.834,-18.966],[-169.9483,-19.0729],[-169.9038,-19.1379],[-169.8034,-19.083]]]},"properties":{"scalerank":0,"featurecla":"Land","min_zoom":3}},
{"type":"Feature","geometry":{"type":"Polygon","coordinates":[[[-176.1606,-13.3328],[-176.1281,-13.2682],[-176.1712,-13.2426],[-176.1954,-13.3017],[-176.1606,-13.3328]]]},"properties":{"scalerank":0,"featurecla":"Land","min_zoom":4}},
{"type":"Feature","geometry":{"type":"Polygon","coordinates":[[[-174.9131,-21.3005],[-174.9729,-21.3498],[-174.9187,-21.4506],[-174.9131,-21.3005]]]},"properties":{"scalerank":0,"featurecla":"Land","min_zoom":4}},
{"type":"Feature","geometry":{"type":"Polygon","coordinates":[[[134.5954,7.382],[134.6596,7.6633],[134.556,7.5939],[134.5063,7.4371],[134.5954,7.382]]]},"properties":{"scalerank":0,"featurecla":"Land","min_zoom":3}},
{"type":"Feature","geometry":{"type":"Polygon","coordinates":[[[145.7775,18.079],[145.8354,18.1368],[145.7893,18.1554],[145.7775,18.079]]]},"properties":{"scalerank":0,"featurecla":"Land","min_zoom":4}},
{"type":"Feature","geometry":{"type":"Polygon","coordinates":[[[145.752,15.1332],[145.7823,15.1746],[145.7132,15.2153],[145.6843,15.1251],[145.752,15.1332]]]},"properties":{"scalerank":0,"featurecla":"Land","min_zoom":3}},
{"type":"Feature","geometry":{"type":"Polygon","coordinates":[[[144.7418,13.2593],[144.7903,13.5269],[144.6493,13.4287],[144.65,13.3135],[144.7418,13.2593]]]},"properties":{"scalerank":0,"featurecla":"Land","min_zoom":3}},
{"type":"Feature","geometry":{"type":"Polygon","coordinates":[[[145.6623,14.9705],[145.6474,15.0595],[145.5867,15.0308],[145.6623,14.9705]]]},"properties":{"scalerank":0,"featurecla":"Land","min_zoom":4}},
{"type":"Feature","geometry":{"type":"Polygon","coordinates":[[[138.1427,9.5007],[138.2136,9.5472],[138.1858,9.5933],[138.1169,9.5502],[138.1427,9.5007]]]},"properties":{"scalerank":0,"featurecla":"Land","min_zoom":3}},
{"type":"Feature","geometry":{"type":"Polygon","coordinates":[[[178.4879,-18.9741],[178.3343,-18.9345],[178.359,-19.0456],[178.4879,-18.9741]]]},"properties":{"scalerank":0,"featurecla":"Land","min_zoom":3}},
{"type":"Feature","geometry":{"type":"Polygon","coordinates":[[[167.5849,-14.2609],[167.5064,-14.1422],[167.4035,-14.2815],[167.5849,-14.2609]]]},"properties":{"scalerank":0,"featurecla":"Land","min_zoom":3}},
{"type":"Feature","geometry":{"type":"Polygon","coordinates":[[[167.4889,-13.9072],[167.5473,-13.7767],[167.3918,-13.7884],[167.4889,-13.9072]]]},"properties":{"scalerank":0,"featurecla":"Land","min_zoom":3}},
{"type":"Feature","geometry":{"type":"Polygon","coordinates":[[[169.8963,-20.1866],[169.8523,-20.1479],[169.7507,-20.1533],[169.7375,-20.2021],[169.8611,-20.2418],[169.8963,-20.1866]]]},"properties":{"scalerank":0,"featurecla":"Land","min_zoom":3}},
{"type":"Feature","geometry":{"type":"Polygon","coordinates":[[[169.4913,-19.5401],[169.2475,-19.3447],[169.2175,-19.4764],[169.3473,-19.6235],[169.4913,-19.5401]]]},"properties":{"scalerank":0,"featurecla":"Land","min_zoom":3}},
{"type":"Feature","geometry":{"type":"Polygon","coordinates":[[[169.3344,-18.9402],[169.2012,-18.7957],[169.1438,-18.6311],[169.0158,-18.6437],[168.9869,-18.8713],[169.248,-18.9833],[169.3344,-18.9402]]]},"properties":{"scalerank":0,"featurecla":"Land","min_zoom":2}},
{"type":"Feature","geometry":{"type":"Polygon","coordinates":[[[168.0109,-21.43],[167.8154,-21.3927],[167.8759,-21.5821],[168.0064,-21.6432],[168.1207,-21.6158],[168.1391,-21.4452],[168.0109,-21.43]]]},"properties":{"scalerank":0,"featurecla":"Land","min_zoom":2}},
{"type":"Feature","geometry":{"type":"Polygon","coordinates":[[[166.5468,-20.6987],[166.6226,-20.5963],[166.5854,-20.4505],[166.5468,-20.6987]]]},"properties":{"scalerank":0,"featurecla":"Land","min_zoom":3}},
{"type":"Feature","geometry":{"type":"Polygon","coordinates":[[[167.4009,-21.1606],[167.4306,-21.0553],[167.2935,-20.8915],[167.1117,-20.9041],[167.1339,-21.0606],[167.4009,-21.1606]]]},"properties":{"scalerank":0,"featurecla":"Land","min_zoom":2}},
{"type":"Feature","geometry":{"type":"Polygon","coordinates":[[[167.5444,-22.6232],[167.4435,-22.5414],[167.4221,-22.6186],[167.5444,-22.6232]]]},"properties":{"scalerank":0,"featurecla":"Land","min_zoom":3}},
{"type":"Feature","geometry":{"type":"Polygon","coordinates":[[[159.9518,-19.3117],[159.9751,-19.2383],[159.9599,-19.1146],[159.9282,-19.1743],[159.9518,-19.3117]]]},"properties":{"scalerank":0,"featurecla":"Land","min_zoom":4}},
{"type":"Feature","geometry":{"type":"Polygon","coordinates":[[[166.9292,-11.6651],[166.8555,-11.5788],[166.806,-11.6773],[166.9292,-11.6651]]]},"properties":{"scalerank":0,"featurecla":"Land","min_zoom":3}},
{"type":"Feature","geometry":{"type":"Polygon","coordinates":[[[166.1332,-10.7578],[166.0238,-10.6611],[165.9092,-10.6743],[165.791,-10.7848],[165.904,-10.8515],[165.9682,-10.7795],[166.1332,-10.7578]]]},"properties":{"scalerank":0,"featurecla":"Land","min_zoom":3}},
{"type":"Feature","geometry":{"type":"Polygon","coordinates":[[[160.5763,-11.7979],[160.4487,-11.6959],[160.0773,-11.4929],[160.0035,-11.5796],[160.3551,-11.7119],[160.3945,-11.7889],[160.5763,-11.7979]]]},"properties":{"scalerank":0,"featurecla":"Land","min_zoom":2}},
{"type":"Feature","geometry":{"type":"Polygon","coordinates":[[[160.7494,-8.314],[160.5904,-8.3728],[160.7141,-8.5393],[160.6626,-8.6206],[160.7721,-8.9639],[160.8734,-9.1568],[161.0415,-9.308],[161.368,-9.4903],[161.2585,-9.3169],[161.2566,-9.192],[161.1587,-8.9618],[160.9443,-8.799],[160.9977,-8.612],[160.7494,-8.314]]]},"properties":{"scalerank":0,"featurecla":"Land","min_zoom":1.5}},
{"type":"Feature","geometry":{"type":"Polygon","coordinates":[[[161.7153,-10.3873],[161.4757,-10.238],[161.3048,-10.2044],[161.2939,-10.3265],[161.487,-10.3614],[161.5379,-10.5664],[161.7868,-10.7169],[162.1236,-10.8244],[162.3013,-10.8321],[162.2872,-10.71],[162.1054,-10.4538],[161.8411,-10.4461],[161.7153,-10.3873]]]},"properties":{"scalerank":0,"featurecla":"Land","min_zoom":1.5}},
{"type":"Feature","geometry":{"type":"Polygon","coordinates":[[[161.5479,-9.6257],[161.4068,-9.3685],[161.4098,-9.6816],[161.5479,-9.6257]]]},"properties":{"scalerank":0,"featurecla":"Land","min_zoom":1}},
{"type":"Feature","geometry":{"type":"Polygon","coordinates":[[[159.1886,-9.1235],[159.1298,-8.9931],[159.0363,-9.075],[159.1886,-9.1235]]]},"properties":{"scalerank":0,"featurecla":"Land","min_zoom":3}},
{"type":"Feature","geometry":{"type":"Polygon","coordinates":[[[160.1682,-8.9955],[160.0963,-9.034],[160.3715,-9.1812],[160.2535,-9.0073],[160.1682,-8.9955]]]},"properties":{"scalerank":0,"featurecla":"Land","min_zoom":3}},
{"type":"Feature","geometry":{"type":"Polygon","coordinates":[[[159.6877,-8.5079],[159.5946,-8.3795],[159.5385,-8.4514],[159.6877,-8.5079]]]},"properties":{"scalerank":0,"featurecla":"Land","min_zoom":3}},
{"type":"Feature","geometry":{"type":"Polygon","coordinates":[[[157.7635,-8.2422],[157.6123,-8.1648],[157.5988,-8.006],[157.4334,-7.9847],[157.3216,-8.1612],[157.3514,-8.2753],[157.558,-8.2699],[157.5879,-8.4454],[157.8337,-8.5727],[157.8984,-8.5063],[157.7635,-8.2422]]]},"properties":{"scalerank":0,"featurecla":"Land","min_zoom":2}},
{"type":"Feature","geometry":{"type":"Polygon","coordinates":[[[158.2008,-8.822],[158.2534,-8.7974],[158.21,-8.6781],[158.1554,-8.7859],[158.2008,-8.822]]]},"properties":{"scalerank":0,"featurecla":"Land","min_zoom":4}},
{"type":"Feature","geometry":{"type":"Polygon","coordinates":[[[158.1079,-8.6842],[157.9984,-8.5082],[157.8793,-8.6687],[158.0095,-8.7631],[158.1079,-8.6842]]]},"properties":{"scalerank":0,"featurecla":"Land","min_zoom":3}},
{"type":"Feature","geometry":{"type":"Polygon","coordinates":[[[157.389,-8.7135],[157.3322,-8.6507],[157.4109,-8.4751],[157.3451,-8.4324],[157.2123,-8.565],[157.389,-8.7135]]]},"properties":{"scalerank":0,"featurecla":"Land","min_zoom":3}},
{"type":"Feature","geometry":{"type":"Polygon","coordinates":[[[156.6879,-7.923],[156.8091,-7.7229],[156.5609,-7.574],[156.5109,-7.7078],[156.6879,-7.923]]]},"properties":{"scalerank":0,"featurecla":"Land","min_zoom":2}},
{"type":"Feature","geometry":{"type":"Polygon","coordinates":[[[156.6039,-8.1716],[156.6124,-8.0962],[156.5513,-7.971],[156.5396,-8.0729],[156.6039,-8.1716]]]},"properties":{"scalerank":0,"featurecla":"Land","min_zoom":3}},
{"type":"Feature","geometry":{"type":"Polygon","coordinates":[[[157.1719,-8.1081],[157.1861,-7.9412],[157.1027,-7.8555],[156.959,-7.938],[157.0412,-8.1175],[157.1719,-8.1081]]]},"properties":{"scalerank":0,"featurecla":"Land","min_zoom":2}},
{"type":"Feature","geometry":{"type":"Polygon","coordinates":[[[155.8398,-7.0972],[155.739,-6.9729],[155.6775,-7.089],[155.8398,-7.0972]]]},"properties":{"scalerank":0,"featurecla":"Land","min_zoom":3}},
{"type":"Feature","geometry":{"type":"Polygon","coordinates":[[[162.9832,5.3257],[162.9299,5.3008],[162.9935,5.2772],[162.9832,5.3257]]]},"properties":{"scalerank":0,"featurecla":"Land","min_zoom":4}},
{"type":"Feature","geometry":{"type":"Polygon","coordinates":[[[158.3148,6.8137],[158.2946,6.9511],[158.1348,6.9448],[158.1834,6.8013],[158.3148,6.8137]]]},"properties":{"scalerank":0,"featurecla":"Land","min_zoom":3}},
{"type":"Feature","geometry":{"type":"Polygon","coordinates":[[[175.5432,-36.2793],[175.4094,-36.0709],[175.3462,-36.2178],[175.5432,-36.2793]]]},"properties":{"scalerank":0,"featurecla":"Land","min_zoom":3}},
{"type":"Feature","geometry":{"type":"Polygon","coordinates":[[[173.9146,-40.8637],[173.9645,-40.713],[173.8124,-40.7937],[173.9146,-40.8637]]]},"properties":{"scalerank":0,"featurecla":"Land","min_zoom":3}},
{"type":"Feature","geometry":{"type":"Polygon","coordinates":[[[166.7463,-45.6559],[166.6856,-45.615],[166.532,-45.6998],[166.7292,-45.7297],[166.7463,-45.6559]]]},"properties":{"scalerank":0,"featurecla":"Land","min_zoom":3}},
{"type":"Feature","geometry":{"type":"Polygon","coordinates":[[[-176.1776,-43.7403],[-176.5661,-43.7176],[-176.7611,-43.7579],[-176.5238,-43.901],[-176.6315,-44.0062],[-176.5155,-44.1166],[-176.3338,-44.0484],[-176.5001,-43.8602],[-176.1776,-43.7403]]]},"properties":{"scalerank":0,"featurecla":"Land","min_zoom":2}},
{"type":"Feature","geometry":{"type":"Polygon","coordinates":[[[-176.1765,-44.3217],[-176.1226,-44.2685],[-176.1547,-44.2245],[-176.2293,-44.2367],[-176.1765,-44.3217]]]},"properties":{"scalerank":0,"featurecla":"Land","min_zoom":4}},
{"type":"Feature","geometry":{"type":"Polygon","coordinates":[[[169.1782,-52.4973],[169.0398,-52.5285],[169.1275,-52.5703],[169.2335,-52.5482],[169.1782,-52.4973]]]},"properties":{"scalerank":0,"featurecla":"Land","min_zoom":4}},
{"type":"Feature","geometry":{"type":"Polygon","coordinates":[[[166.2211,-50.7615],[166.2251,-50.531],[165.8892,-50.8077],[166.2429,-50.8457],[166.2211,-50.7615]]]},"properties":{"scalerank":0,"featurecla":"Land","min_zoom":3}},
{"type":"Feature","geometry":{"type":"Polygon","coordinates":[[[168.1449,-46.8622],[167.9558,-46.6944],[167.784,-46.6998],[167.8008,-46.9065],[167.629,-47.1423],[167.9056,-47.1799],[168.2409,-47.07],[168.0432,-46.9326],[168.1449,-46.8622]]]},"properties":{"scalerank":0,"featurecla":"Land","min_zoom":2}},
{"type":"Feature","geometry":{"type":"Polygon","coordinates":[[[137.0937,-15.7781],[137.0096,-15.5948],[136.9427,-15.7117],[137.0937,-15.7781]]]},"properties":{"scalerank":0,"featurecla":"Land","min_zoom":3}},
{"type":"Feature","geometry":{"type":"Polygon","coordinates":[[[136.8627,-15.6199],[136.8902,-15.5889],[136.8769,-15.5025],[136.8456,-15.544],[136.8627,-15.6199]]]},"properties":{"scalerank":0,"featurecla":"Land","min_zoom":4}},
{"type":"Feature","geometry":{"type":"Polygon","coordinates":[[[136.591,-15.6282],[136.6123,-15.5441],[136.5226,-15.5432],[136.5143,-15.6273],[136.591,-15.6282]]]},"properties":{"scalerank":0,"featurecla":"Land","min_zoom":3}},
{"type":"Feature","geometry":{"type":"Polygon","coordinates":[[[132.5934,-11.3028],[132.6291,-11.1691],[132.5933,-10.9977],[132.4838,-11.0373],[132.4938,-11.1637],[132.5934,-11.3028]]]},"properties":{"scalerank":0,"featurecla":"Land","min_zoom":3}},
{"type":"Feature","geometry":{"type":"Polygon","coordinates":[[[149.0438,-20.2915],[148.9811,-20.1535],[148.9389,-20.2837],[149.0438,-20.2915]]]},"properties":{"scalerank":0,"featurecla":"Land","min_zoom":4}},
{"type":"Feature","geometry":{"type":"Polygon","coordinates":[[[148.9355,-20.1499],[148.9563,-20.1347],[148.9316,-20.0689],[148.8869,-20.1436],[148.9355,-20.1499]]]},"properties":{"scalerank":0,"featurecla":"Land","min_zoom":4}},
{"type":"Feature","geometry":{"type":"Polygon","coordinates":[[[146.2783,-18.2312],[146.1162,-18.2924],[146.2356,-18.4508],[146.342,-18.4001],[146.2783,-18.2312]]]},"properties":{"scalerank":0,"featurecla":"Land","min_zoom":3}},
{"type":"Feature","geometry":{"type":"Polygon","coordinates":[[[142.2748,-10.7048],[142.1979,-10.592],[142.1311,-10.6406],[142.1914,-10.762],[142.2748,-10.7048]]]},"properties":{"scalerank":0,"featurecla":"Land","min_zoom":3}},
{"type":"Feature","geometry":{"type":"Polygon","coordinates":[[[142.339,-10.1922],[142.2188,-10.1494],[142.2162,-10.2356],[142.2794,-10.2542],[142.339,-10.1922]]]},"properties":{"scalerank":0,"featurecla":"Land","min_zoom":3}},
{"type":"Feature","geometry":{"type":"Polygon","coordinates":[[[142.1676,-10.1541],[142.192,-10.0853],[142.1488,-10.0518],[142.0977,-10.1218],[142.1676,-10.1541]]]},"properties":{"scalerank":0,"featurecla":"Land","min_zoom":4}},
{"type":"Feature","geometry":{"type":"Polygon","coordinates":[[[139.5078,-16.573],[139.6978,-16.5149],[139.5879,-16.3952],[139.293,-16.4673],[139.1627,-16.6259],[139.1596,-16.7417],[139.4306,-16.661],[139.5078,-16.573]]]},"properties":{"scalerank":0,"featurecla":"Land","min_zoom":2}},
{"type":"Feature","geometry":{"type":"Polygon","coordinates":[[[139.4592,-17.1146],[139.5709,-17.0944],[139.4928,-16.9904],[139.4592,-17.1146]]]},"properties":{"scalerank":0,"featurecla":"Land","min_zoom":3}},
{"type":"Feature","geometry":{"type":"Polygon","coordinates":[[[136.7146,-13.8039],[136.6557,-13.6759],[136.4247,-13.8648],[136.4277,-14.1265],[136.3633,-14.2289],[136.6497,-14.2805],[136.8943,-14.2931],[136.8854,-14.1973],[136.7453,-14.0727],[136.8045,-13.8425],[136.7146,-13.8039]]]},"properties":{"scalerank":0,"featurecla":"Land","min_zoom":2}},
{"type":"Feature","geometry":{"type":"Polygon","coordinates":[[[136.2374,-13.8245],[136.2754,-13.7911],[136.2154,-13.6647],[136.1227,-13.8166],[136.2374,-13.8245]]]},"properties":{"scalerank":0,"featurecla":"Land","min_zoom":3}},
{"type":"Feature","geometry":{"type":"Polygon","coordinates":[[[136.5985,-11.3789],[136.7414,-11.1946],[136.649,-11.2116],[136.5598,-11.3579],[136.5985,-11.3789]]]},"properties":{"scalerank":0,"featurecla":"Land","min_zoom":3}},
{"type":"Feature","geometry":{"type":"Polygon","coordinates":[[[136.3387,-11.6023],[136.4705,-11.5093],[136.4492,-11.4871],[136.2674,-11.5765],[136.3387,-11.6023]]]},"properties":{"scalerank":0,"featurecla":"Land","min_zoom":3}},
{"type":"Feature","geometry":{"type":"Polygon","coordinates":[[[130.4593,-11.6793],[130.3393,-11.337],[130.1528,-11.4775],[130.1976,-11.6582],[130.0721,-11.6808],[130.1313,-11.8245],[130.3175,-11.7718],[130.5025,-11.8356],[130.4593,-11.6793]]]},"properties":{"scalerank":0,"featurecla":"Land","min_zoom":2}},
{"type":"Feature","geometry":{"type":"Polygon","coordinates":[[[130.6188,-11.3761],[130.4267,-11.1831],[130.3686,-11.2149],[130.4228,-11.4458],[130.5119,-11.6179],[130.6449,-11.7424],[130.951,-11.9265],[131.2921,-11.7109],[131.5386,-11.4369],[131.4369,-11.3132],[131.2683,-11.1898],[131.023,-11.3344],[130.9128,-11.3093],[130.7522,-11.3844],[130.6188,-11.3761]]]},"properties":{"scalerank":0,"featurecla":"Land","min_zoom":2}},
{"type":"Feature","geometry":{"type":"Polygon","coordinates":[[[125.1988,-14.5795],[125.1981,-14.4748],[125.1174,-14.492],[125.0912,-14.5917],[125.1988,-14.5795]]]},"properties":{"scalerank":0,"featurecla":"Land","min_zoom":3}},
{"type":"Feature","geometry":{"type":"Polygon","coordinates":[[[124.5973,-15.402],[124.6051,-15.3565],[124.5193,-15.2675],[124.4828,-15.3403],[124.5973,-15.402]]]},"properties":{"scalerank":0,"featurecla":"Land","min_zoom":3}},
{"type":"Feature","geometry":{"type":"Polygon","coordinates":[[[115.4462,-20.7878],[115.4346,-20.668],[115.3086,-20.8111],[115.3881,-20.866],[115.4462,-20.7878]]]},"properties":{"scalerank":0,"featurecla":"Land","min_zoom":3}},
{"type":"Feature","geometry":{"type":"Polygon","coordinates":[[[113.183,-26.0531],[112.9824,-25.5202],[112.9082,-25.5698],[112.9643,-25.7831],[113.183,-26.0531]]]},"properties":{"scalerank":0,"featurecla":"Land","min_zoom":3}},
{"type":"Feature","geometry":{"type":"Polygon","coordinates":[[[147.3561,-43.397],[147.3125,-43.2803],[147.1631,-43.4303],[147.3089,-43.5008],[147.3561,-43.397]]]},"properties":{"scalerank":0,"featurecla":"Land","min_zoom":3}},
{"type":"Feature","geometry":{"type":"Polygon","coordinates":[[[148.1043,-42.7104],[148.1695,-42.6518],[148.0726,-42.5932],[148.0228,-42.6404],[148.1043,-42.7104]]]},"properties":{"scalerank":0,"featurecla":"Land","min_zoom":3}},
{"type":"Feature","geometry":{"type":"Polygon","coordinates":[[[147.4346,-43.2407],[147.3973,-43.1183],[147.3191,-43.1453],[147.3488,-43.2324],[147.4346,-43.2407]]]},"properties":{"scalerank":0,"featurecla":"Land","min_zoom":3}},
{"type":"Feature","geometry":{"type":"Polygon","coordinates":[[[144.7844,-40.5067],[144.7102,-40.4853],[144.748,-40.5895],[144.7844,-40.5067]]]},"properties":{"scalerank":0,"featurecla":"Land","min_zoom":4}},
{"type":"Feature","geometry":{"type":"Polygon","coordinates":[[[143.9279,-40.1161],[144.141,-39.9538],[144.0913,-39.6381],[144.0008,-39.5802],[143.8618,-39.738],[143.8386,-39.9041],[143.9279,-40.1161]]]},"properties":{"scalerank":0,"featurecla":"Land","min_zoom":2}},
{"type":"Feature","geometry":{"type":"Polygon","coordinates":[[[148.3263,-40.3069],[148.1025,-40.4517],[148.4742,-40.4324],[148.3263,-40.3069]]]},"properties":{"scalerank":0,"featurecla":"Land","min_zoom":3}},
{"type":"Feature","geometry":{"type":"Polygon","coordinates":[[[148.0004,-39.7576],[147.8392,-39.8315],[147.8905,-40.0146],[148.1057,-40.2621],[148.3232,-40.1444],[148.2974,-39.9857],[148.1779,-39.9385],[148.0004,-39.7576]]]},"properties":{"scalerank":0,"featurecla":"Land","min_zoom":2}},
{"type":"Feature","geometry":{"type":"Polygon","coordinates":[[[148.2369,-40.5151],[148.1173,-40.5215],[148.1878,-40.5926],[148.2369,-40.5151]]]},"properties":{"scalerank":0,"featurecla":"Land","min_zoom":4}},
{"type":"Feature","geometry":{"type":"Polygon","coordinates":[[[137.5965,-35.7387],[137.5305,-35.6051],[137.3341,-35.5925],[137.0918,-35.6639],[136.6387,-35.7488],[136.5406,-35.8901],[136.7551,-36.0331],[137.1478,-36.0391],[137.2096,-35.9824],[137.4484,-36.0748],[137.5902,-36.0271],[137.6709,-35.8979],[137.8355,-35.8678],[138.0119,-35.9076],[138.0466,-35.7552],[137.5965,-35.7387]]]},"properties":{"scalerank":0,"featurecla":"Land","min_zoom":2}},
{"type":"Feature","geometry":{"type":"Polygon","coordinates":[[[145.4865,-38.3549],[145.2953,-38.3189],[145.3358,-38.421],[145.4865,-38.3549]]]},"properties":{"scalerank":0,"featurecla":"Land","min_zoom":3}},
{"type":"Feature","geometry":{"type":"Polygon","coordinates":[[[145.3145,-38.4908],[145.2178,-38.4586],[145.1284,-38.5276],[145.2709,-38.5197],[145.3145,-38.4908]]]},"properties":{"scalerank":0,"featurecla":"Land","min_zoom":4}},
{"type":"Feature","geometry":{"type":"Polygon","coordinates":[[[153.5388,-27.4364],[153.4354,-27.4054],[153.3958,-27.665],[153.4527,-27.7117],[153.5388,-27.4364]]]},"properties":{"scalerank":0,"featurecla":"Land","min_zoom":3}},
{"type":"Feature","geometry":{"type":"Polygon","coordinates":[[[153.4425,-27.316],[153.4264,-27.2015],[153.4668,-27.0381],[153.3799,-27.0494],[153.3766,-27.2354],[153.4425,-27.316]]]},"properties":{"scalerank":0,"featurecla":"Land","min_zoom":3}},
{"type":"Feature","geometry":{"type":"Polygon","coordinates":[[[153.0774,-25.7508],[153.1414,-25.5128],[153.3502,-25.0631],[153.2821,-24.7383],[153.181,-24.7648],[153.242,-24.9226],[153.1893,-25.0705],[153.0381,-25.1932],[153.0607,-25.3022],[152.9767,-25.5514],[153.0069,-25.7289],[153.0774,-25.7508]]]},"properties":{"scalerank":0,"featurecla":"Land","min_zoom":2}},
{"type":"Feature","geometry":{"type":"Polygon","coordinates":[[[151.1466,-23.4908],[151.0333,-23.5302],[151.1842,-23.7407],[151.2958,-23.7203],[151.1466,-23.4908]]]},"properties":{"scalerank":0,"featurecla":"Land","min_zoom":3}},
{"type":"Feature","geometry":{"type":"Polygon","coordinates":[[[150.5167,-22.3226],[150.5488,-22.3069],[150.5215,-22.2283],[150.4624,-22.3077],[150.5167,-22.3226]]]},"properties":{"scalerank":0,"featurecla":"Land","min_zoom":4}},
{"type":"Feature","geometry":{"type":"Polygon","coordinates":[[[149.9283,-22.1931],[149.9123,-22.0487],[149.8754,-22.074],[149.8695,-22.1504],[149.9283,-22.1931]]]},"properties":{"scalerank":0,"featurecla":"Land","min_zoom":4}},
{"type":"Feature","geometry":{"type":"Polygon","coordinates":[[[117.3553,8.2146],[117.3537,8.2893],[117.2809,8.315],[117.287,8.191],[117.3553,8.2146]]]},"properties":{"scalerank":0,"featurecla":"Land","min_zoom":3}},
{"type":"Feature","geometry":{"type":"Polygon","coordinates":[[[117.0799,7.8834],[117.0771,8.0691],[116.9936,8.0505],[116.9695,7.8949],[117.0799,7.8834]]]},"properties":{"scalerank":0,"featurecla":"Land","min_zoom":3}},
{"type":"Feature","geometry":{"type":"Polygon","coordinates":[[[119.9162,10.486],[120.0084,10.5701],[119.8521,10.6401],[119.7645,10.5516],[119.9162,10.486]]]},"properties":{"scalerank":0,"featurecla":"Land","min_zoom":3}},
{"type":"Feature","geometry":{"type":"Polygon","coordinates":[[[119.8614,11.5253],[119.73,11.4319],[119.8549,11.3931],[119.8614,11.5253]]]},"properties":{"scalerank":0,"featurecla":"Land","min_zoom":3}},
{"type":"Feature","geometry":{"type":"Polygon","coordinates":[[[120.1,12.1677],[119.8967,12.3134],[119.8659,12.199],[120.0105,12.0083],[120.3146,12.0124],[120.3414,12.0774],[120.1,12.1677]]]},"properties":{"scalerank":0,"featurecla":"Land","min_zoom":2}},
{"type":"Feature","geometry":{"type":"Polygon","coordinates":[[[120.0388,11.7033],[120.0359,11.9172],[119.8609,11.954],[119.9639,11.6694],[120.0388,11.7033]]]},"properties":{"scalerank":0,"featurecla":"Land","min_zoom":3}},
{"type":"Feature","geometry":{"type":"Polygon","coordinates":[[[122.6495,10.4727],[122.7372,10.6546],[122.6726,10.7388],[122.5375,10.6076],[122.5384,10.425],[122.6495,10.4727]]]},"properties":{"scalerank":0,"featurecla":"Land","min_zoom":3}},
{"type":"Feature","geometry":{"type":"Polygon","coordinates":[[[123.3703,9.4496],[123.4936,9.5893],[123.634,9.9217],[123.6434,10.0202],[123.7887,10.2208],[123.9521,10.3166],[124.0513,10.5856],[124.0275,10.7679],[124.0533,10.9258],[123.9299,10.9638],[123.7114,10.4737],[123.5144,10.1403],[123.3862,9.9671],[123.4037,9.8893],[123.316,9.489],[123.3703,9.4496]]]},"properties":{"scalerank":0,"featurecla":"Land","min_zoom":1}},
{"type":"Feature","geometry":{"type":"Polygon","coordinates":[[[123.757,11.2833],[123.7367,11.1515],[123.8156,11.1507],[123.757,11.2833]]]},"properties":{"scalerank":0,"featurecla":"Land","min_zoom":3}},
{"type":"Feature","geometry":{"type":"Polygon","coordinates":[[[124.5938,9.7872],[124.5771,10.0267],[124.3357,10.1599],[124.1729,10.1352],[124.0598,10.0002],[123.8172,9.8174],[123.9356,9.624],[124.1225,9.5993],[124.3599,9.6302],[124.4775,9.7479],[124.5938,9.7872]]]},"properties":{"scalerank":0,"featurecla":"Land","min_zoom":2}},
{"type":"Feature","geometry":{"type":"Polygon","coordinates":[[[124.8066,9.1426],[124.7368,9.2432],[124.6658,9.1323],[124.8066,9.1426]]]},"properties":{"scalerank":0,"featurecla":"Land","min_zoom":3}},
{"type":"Feature","geometry":{"type":"Polygon","coordinates":[[[123.6977,9.2373],[123.4935,9.1921],[123.6145,9.1033],[123.6977,9.2373]]]},"properties":{"scalerank":0,"featurecla":"Land","min_zoom":3}},
{"type":"Feature","geometry":{"type":"Polygon","coordinates":[[[120.2504,5.2566],[120.208,5.3401],[119.8273,5.1332],[119.9581,5.0795],[120.0133,5.1511],[120.1916,5.1683],[120.2504,5.2566]]]},"properties":{"scalerank":0,"featurecla":"Land","min_zoom":3}},
{"type":"Feature","geometry":{"type":"Polygon","coordinates":[[[122.0929,6.4283],[122.201,6.4829],[122.2881,6.6389],[122.0583,6.7407],[121.8087,6.6137],[121.9592,6.4158],[122.0929,6.4283]]]},"properties":{"scalerank":0,"featurecla":"Land","min_zoom":2}},
{"type":"Feature","geometry":{"type":"Polygon","coordinates":[[[126.0594,9.7662],[126.1295,9.9436],[126.0738,10.0592],[125.9912,9.8385],[126.0594,9.7662]]]},"properties":{"scalerank":0,"featurecla":"Land","min_zoom":3}},
{"type":"Feature","geometry":{"type":"Polygon","coordinates":[[[125.6902,9.9145],[125.7033,10.0718],[125.6467,10.2454],[125.5246,10.3097],[125.4948,10.1187],[125.6902,9.9145]]]},"properties":{"scalerank":0,"featurecla":"Land","min_zoom":2}},
{"type":"Feature","geometry":{"type":"Polygon","coordinates":[[[120.2713,13.7507],[120.2114,13.8207],[120.1042,13.7824],[120.2729,13.683],[120.2713,13.7507]]]},"properties":{"scalerank":0,"featurecla":"Land","min_zoom":3}},
{"type":"Feature","geometry":{"type":"Polygon","coordinates":[[[121.9148,13.5403],[121.815,13.4245],[121.8292,13.3286],[122.0049,13.205],[122.1224,13.3651],[122.1146,13.4632],[121.9148,13.5403]]]},"properties":{"scalerank":0,"featurecla":"Land","min_zoom":2}},
{"type":"Feature","geometry":{"type":"Polygon","coordinates":[[[122.094,12.3549],[122.1316,12.5375],[122.0016,12.5985],[121.9895,12.4353],[122.094,12.3549]]]},"properties":{"scalerank":0,"featurecla":"Land","min_zoom":2}},
{"type":"Feature","geometry":{"type":"Polygon","coordinates":[[[122.3108,12.5288],[122.2875,12.5893],[122.2479,12.5569],[122.2609,12.5031],[122.3108,12.5288]]]},"properties":{"scalerank":0,"featurecla":"Land","min_zoom":4}},
{"type":"Feature","geometry":{"type":"Polygon","coordinates":[[[122.6545,12.309],[122.6036,12.4916],[122.4229,12.4551],[122.6033,12.2856],[122.6545,12.309]]]},"properties":{"scalerank":0,"featurecla":"Land","min_zoom":3}},
{"type":"Feature","geometry":{"type":"Polygon","coordinates":[[[123.2818,12.8534],[123.2063,12.9054],[123.0436,13.1134],[122.949,13.0587],[123.0542,12.9935],[123.1664,12.8759],[123.2818,12.8534]]]},"properties":{"scalerank":0,"featurecla":"Land","min_zoom":3}},
{"type":"Feature","geometry":{"type":"Polygon","coordinates":[[[123.7754,12.4539],[123.7087,12.6108],[123.5872,12.6333],[123.7415,12.3985],[123.7754,12.4539]]]},"properties":{"scalerank":0,"featurecla":"Land","min_zoom":3}},
{"type":"Feature","geometry":{"type":"Polygon","coordinates":[[[123.7166,12.2874],[123.463,12.5012],[123.2364,12.5835],[123.2672,12.3955],[123.2105,12.1066],[123.2927,12.0364],[123.4188,12.1942],[123.5311,12.1966],[123.612,12.0902],[123.9827,11.8189],[124.0403,11.9668],[123.9083,12.1691],[123.7166,12.2874]]]},"properties":{"scalerank":0,"featurecla":"Land","min_zoom":2}},
{"type":"Feature","geometry":{"type":"Polygon","coordinates":[[[124.3536,13.6322],[124.4172,13.871],[124.2249,14.0776],[124.1229,13.9797],[124.1237,13.7905],[124.0389,13.6631],[124.1754,13.5315],[124.3536,13.6322]]]},"properties":{"scalerank":0,"featurecla":"Land","min_zoom":2}},
{"type":"Feature","geometry":{"type":"Polygon","coordinates":[[[122.1754,14.0488],[121.9592,14.2288],[121.9563,14.1561],[122.1754,14.0488]]]},"properties":{"scalerank":0,"featurecla":"Land","min_zoom":3}},
{"type":"Feature","geometry":{"type":"Polygon","coordinates":[[[122.0335,15.005],[121.8398,15.0381],[121.8203,14.9636],[121.923,14.8],[122.0335,15.005]]]},"properties":{"scalerank":0,"featurecla":"Land","min_zoom":3}},
{"type":"Feature","geometry":{"type":"Polygon","coordinates":[[[121.9217,18.8947],[121.9879,18.9566],[121.8889,18.9916],[121.8252,18.8427],[121.9217,18.8947]]]},"properties":{"scalerank":0,"featurecla":"Land","min_zoom":3}},
{"type":"Feature","geometry":{"type":"Polygon","coordinates":[[[121.2522,19.0824],[121.2447,19.143],[121.1849,19.1014],[121.1961,19.0507],[121.2522,19.0824]]]},"properties":{"scalerank":0,"featurecla":"Land","min_zoom":4}},
{"type":"Feature","geometry":{"type":"Polygon","coordinates":[[[121.5209,19.362],[121.3916,19.3994],[121.3829,19.3285],[121.4721,19.2733],[121.5209,19.362]]]},"properties":{"scalerank":0,"featurecla":"Land","min_zoom":3}},
{"type":"Feature","geometry":{"type":"Polygon","coordinates":[[[121.9601,20.3659],[122.0312,20.4694],[121.9412,20.4537],[121.9601,20.3659]]]},"properties":{"scalerank":0,"featurecla":"Land","min_zoom":4}},
{"type":"Feature","geometry":{"type":"Polygon","coordinates":[[[121.8781,20.7819],[121.8479,20.8413],[121.7965,20.7466],[121.8296,20.7003],[121.8781,20.7819]]]},"properties":{"scalerank":0,"featurecla":"Land","min_zoom":4}},
{"type":"Feature","geometry":{"type":"Polygon","coordinates":[[[148.0258,-5.8264],[148.0548,-5.6115],[147.8465,-5.4908],[147.7811,-5.6272],[147.8745,-5.7492],[148.0258,-5.8264]]]},"properties":{"scalerank":0,"featurecla":"Land","min_zoom":2}},
{"type":"Feature","geometry":{"type":"Polygon","coordinates":[[[147.1763,-5.4319],[147.2063,-5.2516],[147.1311,-5.1908],[147.0059,-5.307],[147.1763,-5.4319]]]},"properties":{"scalerank":0,"featurecla":"Land","min_zoom":3}},
{"type":"Feature","geometry":{"type":"Polygon","coordinates":[[[146.0193,-4.7262],[145.9958,-4.5393],[145.9002,-4.6042],[145.904,-4.733],[146.0193,-4.7262]]]},"properties":{"scalerank":0,"featurecla":"Land","min_zoom":3}},
{"type":"Feature","geometry":{"type":"Polygon","coordinates":[[[147.877,-2.2831],[147.8358,-2.2468],[147.7689,-2.3312],[147.8445,-2.3357],[147.877,-2.2831]]]},"properties":{"scalerank":0,"featurecla":"Land","min_zoom":4}},
{"type":"Feature","geometry":{"type":"Polygon","coordinates":[[[147.0676,-1.9602],[146.6563,-1.974],[146.5465,-2.2086],[146.7479,-2.1488],[146.9264,-2.1891],[147.2063,-2.1819],[147.4006,-2.0251],[147.0676,-1.9602]]]},"properties":{"scalerank":0,"featurecla":"Land","min_zoom":2}},
{"type":"Feature","geometry":{"type":"Polygon","coordinates":[[[154.6473,-5.4327],[154.7271,-5.2181],[154.682,-5.054],[154.54,-5.1108],[154.6473,-5.4327]]]},"properties":{"scalerank":0,"featurecla":"Land","min_zoom":1}},
{"type":"Feature","geometry":{"type":"Polygon","coordinates":[[[152.6706,-3.1334],[152.6388,-3.0428],[152.5433,-3.0956],[152.6462,-3.2212],[152.6706,-3.1334]]]},"properties":{"scalerank":0,"featurecla":"Land","min_zoom":3}},
{"type":"Feature","geometry":{"type":"Polygon","coordinates":[[[152.0992,-2.9474],[151.9747,-2.8456],[151.9546,-2.8705],[152.0573,-2.9949],[152.0992,-2.9474]]]},"properties":{"scalerank":0,"featurecla":"Land","min_zoom":3}},
{"type":"Feature","geometry":{"type":"Polygon","coordinates":[[[151.9572,-2.8302],[152.0113,-2.8092],[152.002,-2.7378],[151.9298,-2.7506],[151.9572,-2.8302]]]},"properties":{"scalerank":0,"featurecla":"Land","min_zoom":4}},
{"type":"Feature","geometry":{"type":"Polygon","coordinates":[[[149.7654,-1.553],[149.7253,-1.4307],[149.581,-1.3532],[149.5459,-1.4717],[149.6711,-1.5763],[149.7654,-1.553]]]},"properties":{"scalerank":0,"featurecla":"Land","min_zoom":3}},
{"type":"Feature","geometry":{"type":"Polygon","coordinates":[[[150.4366,-2.6618],[150.4295,-2.4704],[150.2271,-2.3842],[150.1025,-2.405],[150.0435,-2.5125],[150.1657,-2.6603],[150.4366,-2.6618]]]},"properties":{"scalerank":0,"featurecla":"Land","min_zoom":2}},
{"type":"Feature","geometry":{"type":"Polygon","coordinates":[[[151.081,-10.0201],[151.0515,-9.939],[150.8623,-9.8024],[150.9592,-10.0926],[151.2309,-10.1947],[151.2965,-9.9567],[151.081,-10.0201]]]},"properties":{"scalerank":0,"featurecla":"Land","min_zoom":2}},
{"type":"Feature","geometry":{"type":"Polygon","coordinates":[[[150.3454,-9.4938],[150.3201,-9.2642],[150.2083,-9.2063],[150.1098,-9.3619],[150.2729,-9.5004],[150.3454,-9.4938]]]},"properties":{"scalerank":0,"featurecla":"Land","min_zoom":2}},
{"type":"Feature","geometry":{"type":"Polygon","coordinates":[[[150.5284,-9.3466],[150.4347,-9.435],[150.5085,-9.5361],[150.4362,-9.6246],[150.894,-9.6675],[150.8791,-9.5127],[150.7887,-9.418],[150.669,-9.4285],[150.5284,-9.3466]]]},"properties":{"scalerank":0,"featurecla":"Land","min_zoom":2}},
{"type":"Feature","geometry":{"type":"Polygon","coordinates":[[[151.1068,-8.7335],[151.1386,-8.5681],[151.1176,-8.4188],[151.005,-8.5238],[151.0828,-8.5687],[151.1068,-8.7335]]]},"properties":{"scalerank":0,"featurecla":"Land","min_zoom":3}},
{"type":"Feature","geometry":{"type":"Polygon","coordinates":[[[152.631,-8.9594],[152.7201,-9.1665],[152.8675,-9.2243],[152.985,-9.1508],[152.8101,-8.9672],[152.631,-8.9594]]]},"properties":{"scalerank":0,"featurecla":"Land","min_zoom":2}},
{"type":"Feature","geometry":{"type":"Polygon","coordinates":[[[150.8987,-10.5653],[150.7993,-10.5541],[150.8023,-10.6202],[150.8847,-10.6435],[150.8987,-10.5653]]]},"properties":{"scalerank":0,"featurecla":"Land","min_zoom":4}},
{"type":"Feature","geometry":{"type":"Polygon","coordinates":[[[154.2808,-11.3614],[154.1018,-11.3114],[154.0641,-11.4193],[154.2808,-11.3614]]]},"properties":{"scalerank":0,"featurecla":"Land","min_zoom":3}},
{"type":"Feature","geometry":{"type":"Polygon","coordinates":[[[153.5361,-11.4762],[153.3067,-11.3563],[153.2345,-11.4203],[153.379,-11.5596],[153.5537,-11.6306],[153.7032,-11.5285],[153.5361,-11.4762]]]},"properties":{"scalerank":0,"featurecla":"Land","min_zoom":2}},
{"type":"Feature","geometry":{"type":"Polygon","coordinates":[[[143.5868,-8.4817],[143.5814,-8.3909],[143.3669,-8.4169],[143.5868,-8.4817]]]},"properties":{"scalerank":0,"featurecla":"Land","min_zoom":3}},
{"type":"Feature","geometry":{"type":"Polygon","coordinates":[[[143.5903,-8.6334],[143.4434,-8.5189],[143.4628,-8.6171],[143.5903,-8.6334]]]},"properties":{"scalerank":0,"featurecla":"Land","min_zoom":3}},
{"type":"Feature","geometry":{"type":"Polygon","coordinates":[[[135.383,-0.6514],[135.4316,-0.7688],[135.6457,-0.8819],[135.7471,-0.823],[135.8388,-1.1194],[135.915,-1.1784],[136.1104,-1.2168],[136.3054,-1.1731],[136.2826,-1.0646],[136.1547,-0.9783],[135.8936,-0.7258],[135.749,-0.7325],[135.383,-0.6514]]]},"properties":{"scalerank":0,"featurecla":"Land","min_zoom":2}},
{"type":"Feature","geometry":{"type":"Polygon","coordinates":[[[135.4742,-1.5918],[135.4876,-1.6684],[135.8657,-1.7521],[136.1926,-1.8592],[136.4608,-1.8904],[136.8926,-1.7997],[136.7186,-1.734],[136.3896,-1.7216],[136.2016,-1.655],[135.8691,-1.642],[135.4742,-1.5918]]]},"properties":{"scalerank":0,"featurecla":"Land","min_zoom":2}},
{"type":"Feature","geometry":{"type":"Polygon","coordinates":[[[134.9653,-1.116],[134.9963,-1.0341],[134.8893,-0.9385],[134.8089,-1.0376],[134.9653,-1.116]]]},"properties":{"scalerank":0,"featurecla":"Land","min_zoom":3}},
{"type":"Feature","geometry":{"type":"Polygon","coordinates":[[[134.3742,-2.1235],[134.419,-2.0518],[134.3508,-2.0369],[134.3742,-2.1235]]]},"properties":{"scalerank":0,"featurecla":"Land","min_zoom":4}},
{"type":"Feature","geometry":{"type":"Polygon","coordinates":[[[138.8951,-8.3887],[138.7962,-8.1736],[138.6767,-8.1992],[138.5942,-8.3715],[138.8951,-8.3887]]]},"properties":{"scalerank":0,"featurecla":"Land","min_zoom":2}},
{"type":"Feature","geometry":{"type":"Polygon","coordinates":[[[133.5708,-4.2459],[133.4644,-4.1998],[133.3209,-4.111],[133.333,-4.1696],[133.5029,-4.2574],[133.5708,-4.2459]]]},"properties":{"scalerank":0,"featurecla":"Land","min_zoom":3}},
{"type":"Feature","geometry":{"type":"Polygon","coordinates":[[[130.3533,-1.6905],[129.9937,-1.7589],[129.7377,-1.8669],[129.8865,-1.9864],[130.248,-2.0478],[130.4188,-1.9713],[130.425,-1.8046],[130.3533,-1.6905]]]},"properties":{"scalerank":0,"featurecla":"Land","min_zoom":2}},
{"type":"Feature","geometry":{"type":"Polygon","coordinates":[[[131.0019,-1.3155],[131.0739,-0.9683],[130.8972,-0.89],[130.6729,-0.9598],[130.7823,-1.2555],[130.8451,-1.3173],[131.0019,-1.3155]]]},"properties":{"scalerank":0,"featurecla":"Land","min_zoom":0.5}},
{"type":"Feature","geometry":{"type":"Polygon","coordinates":[[[130.9053,-0.7774],[130.8135,-0.8139],[130.4843,-0.8325],[130.4024,-0.9239],[130.8324,-0.8629],[130.9053,-0.7774]]]},"properties":{"scalerank":0,"featurecla":"Land","min_zoom":3}},
{"type":"Feature","geometry":{"type":"Polygon","coordinates":[[[130.6267,-0.5287],[130.6159,-0.4173],[130.4654,-0.4865],[130.6267,-0.5287]]]},"properties":{"scalerank":0,"featurecla":"Land","min_zoom":3}},
{"type":"Feature","geometry":{"type":"Polygon","coordinates":[[[130.8133,-0.0041],[130.2949,-0.1015],[130.2366,-0.2097],[130.4963,-0.2674],[130.5508,-0.3664],[130.6887,-0.2966],[130.7502,-0.4438],[131.0978,-0.3301],[131.2575,-0.3657],[131.3397,-0.2903],[131.2769,-0.1498],[131.0258,-0.0399],[130.8133,-0.0041]]]},"properties":{"scalerank":0,"featurecla":"Land","min_zoom":2}},
{"type":"Feature","geometry":{"type":"Polygon","coordinates":[[[129.5489,-0.187],[129.542,-0.1393],[129.3088,0.0454],[129.3701,-0.0664],[129.5489,-0.187]]]},"properties":{"scalerank":0,"featurecla":"Land","min_zoom":3}},
{"type":"Feature","geometry":{"type":"Polygon","coordinates":[[[128.4539,2.0518],[128.6232,2.2244],[128.6885,2.4737],[128.6021,2.5976],[128.4721,2.5705],[128.3304,2.4693],[128.218,2.2975],[128.2959,2.0347],[128.4539,2.0518]]]},"properties":{"scalerank":0,"featurecla":"Land","min_zoom":2}},
{"type":"Feature","geometry":{"type":"Polygon","coordinates":[[[127.4534,-0.0059],[127.4494,0.069],[127.3968,0.0166],[127.4534,-0.0059]]]},"properties":{"scalerank":0,"featurecla":"Land","min_zoom":4}},
{"type":"Feature","geometry":{"type":"Polygon","coordinates":[[[127.4197,0.6421],[127.4426,0.7334],[127.3826,0.7436],[127.3629,0.6751],[127.4197,0.6421]]]},"properties":{"scalerank":0,"featurecla":"Land","min_zoom":4}},
{"type":"Feature","geometry":{"type":"Polygon","coordinates":[[[127.2499,-0.4953],[127.2806,-0.391],[127.1265,-0.2786],[127.1191,-0.5205],[127.2499,-0.4953]]]},"properties":{"scalerank":0,"featurecla":"Land","min_zoom":3}},
{"type":"Feature","geometry":{"type":"Polygon","coordinates":[[[127.3004,-0.781],[127.2582,-0.6234],[127.1564,-0.7609],[127.3004,-0.781]]]},"properties":{"scalerank":0,"featurecla":"Land","min_zoom":3}},
{"type":"Feature","geometry":{"type":"Polygon","coordinates":[[[127.567,-0.3189],[127.4552,-0.4063],[127.3712,-0.3316],[127.3,-0.5003],[127.4687,-0.643],[127.4627,-0.806],[127.6238,-0.766],[127.7611,-0.8837],[127.8802,-0.8087],[127.8043,-0.6944],[127.6586,-0.6895],[127.605,-0.6102],[127.6824,-0.4684],[127.567,-0.3189]]]},"properties":{"scalerank":0,"featurecla":"Land","min_zoom":2}},
{"type":"Feature","geometry":{"type":"Polygon","coordinates":[[[128.153,-1.6605],[128.1487,-1.6037],[127.743,-1.3603],[127.5918,-1.3508],[127.4567,-1.4537],[127.3922,-1.6448],[127.5616,-1.7285],[127.9138,-1.6852],[128.0612,-1.7124],[128.153,-1.6605]]]},"properties":{"scalerank":0,"featurecla":"Land","min_zoom":2}},
{"type":"Feature","geometry":{"type":"Polygon","coordinates":[[[134.747,-5.707],[134.6165,-5.4386],[134.4903,-5.5251],[134.3413,-5.7129],[134.302,-6.0098],[134.1549,-6.0629],[134.4411,-6.3349],[134.6376,-6.3653],[134.7559,-6.1706],[134.7122,-5.9497],[134.747,-5.707]]]},"properties":{"scalerank":0,"featurecla":"Land","min_zoom":1.5}},
{"type":"Feature","geometry":{"type":"Polygon","coordinates":[[[134.5368,-6.4423],[134.415,-6.3867],[134.1681,-6.1763],[134.1146,-6.1908],[134.1246,-6.4265],[134.0592,-6.7693],[134.2,-6.9088],[134.356,-6.8148],[134.5043,-6.5914],[134.5368,-6.4423]]]},"properties":{"scalerank":0,"featurecla":"Land","min_zoom":1.5}},
{"type":"Feature","geometry":{"type":"Polygon","coordinates":[[[132.9263,-5.9021],[132.9711,-5.7358],[133.1196,-5.576],[133.1729,-5.3481],[133.1146,-5.3106],[133.0088,-5.6214],[132.9377,-5.6826],[132.9263,-5.9021]]]},"properties":{"scalerank":0,"featurecla":"Land","min_zoom":3}},
{"type":"Feature","geometry":{"type":"Polygon","coordinates":[[[132.8071,-5.8508],[132.6979,-5.609],[132.6814,-5.9126],[132.8071,-5.8508]]]},"properties":{"scalerank":0,"featurecla":"Land","min_zoom":3}},
{"type":"Feature","geometry":{"type":"Polygon","coordinates":[[[128.7225,-3.5469],[128.5949,-3.4948],[128.6195,-3.5886],[128.7225,-3.5469]]]},"properties":{"scalerank":0,"featurecla":"Land","min_zoom":3}},
{"type":"Feature","geometry":{"type":"Polygon","coordinates":[[[128.5626,-3.5854],[128.4516,-3.5147],[128.3916,-3.6379],[128.5626,-3.5854]]]},"properties":{"scalerank":0,"featurecla":"Land","min_zoom":3}},
{"type":"Feature","geometry":{"type":"Polygon","coordinates":[[[128.2756,-3.6746],[128.2644,-3.5123],[128.0162,-3.6009],[128.1432,-3.7327],[128.2756,-3.6746]]]},"properties":{"scalerank":0,"featurecla":"Land","min_zoom":2}},
{"type":"Feature","geometry":{"type":"Polygon","coordinates":[[[123.1798,-4.5512],[123.0383,-4.3947],[122.9469,-4.4427],[122.8533,-4.6184],[122.8494,-4.8312],[122.7665,-5.2102],[122.6701,-5.3309],[122.585,-5.5446],[122.645,-5.6634],[122.8121,-5.6713],[122.9857,-5.3936],[123.0434,-5.4193],[123.202,-5.2733],[122.9717,-5.1385],[122.9865,-4.9631],[123.0552,-4.7482],[123.203,-4.7662],[123.1798,-4.5512]]]},"properties":{"scalerank":0,"featurecla":"Land","min_zoom":0.5}},
{"type":"Feature","geometry":{"type":"Polygon","coordinates":[[[122.6451,-5.2694],[122.6141,-5.1387],[122.7599,-4.9339],[122.7397,-4.675],[122.702,-4.6187],[122.3689,-4.7672],[122.3345,-4.8466],[122.3963,-5.0698],[122.329,-5.1377],[122.2831,-5.3195],[122.5639,-5.3875],[122.6451,-5.2694]]]},"properties":{"scalerank":0,"featurecla":"Land","min_zoom":0.5}},
{"type":"Feature","geometry":{"type":"Polygon","coordinates":[[[122.043,-5.438],[122.0618,-5.2213],[121.9657,-5.0756],[121.8085,-5.2562],[121.9796,-5.4647],[122.043,-5.438]]]},"properties":{"scalerank":0,"featurecla":"Land","min_zoom":2}},
{"type":"Feature","geometry":{"type":"Polygon","coordinates":[[[123.2424,-4.113],[123.2119,-3.9976],[123.0249,-3.981],[122.9947,-4.148],[123.1445,-4.2333],[123.2424,-4.113]]]},"properties":{"scalerank":0,"featurecla":"Land","min_zoom":2}},
{"type":"Feature","geometry":{"type":"Polygon","coordinates":[[[126.0551,-2.4513],[126.0657,-2.3658],[125.976,-2.1681],[125.9927,-2.0118],[125.8629,-2.0771],[125.9779,-2.4154],[126.0551,-2.4513]]]},"properties":{"scalerank":0,"featurecla":"Land","min_zoom":3}},
{"type":"Feature","geometry":{"type":"Polygon","coordinates":[[[126.0242,-1.7897],[125.7203,-1.8138],[125.5209,-1.8009],[125.4792,-1.94],[125.9564,-1.9166],[126.2881,-1.8589],[126.0242,-1.7897]]]},"properties":{"scalerank":0,"featurecla":"Land","min_zoom":2}},
{"type":"Feature","geometry":{"type":"Polygon","coordinates":[[[124.9695,-1.7055],[124.664,-1.6359],[124.3809,-1.6875],[124.3297,-1.8589],[124.4178,-2.0052],[124.6392,-1.9782],[124.8345,-1.8944],[125.0067,-1.9431],[125.3202,-1.8101],[124.9695,-1.7055]]]},"properties":{"scalerank":0,"featurecla":"Land","min_zoom":2}},
{"type":"Feature","geometry":{"type":"Polygon","coordinates":[[[123.8482,-1.9555],[123.7772,-1.9187],[123.8035,-1.9943],[123.8482,-1.9555]]]},"properties":{"scalerank":0,"featurecla":"Land","min_zoom":4}},
{"type":"Feature","geometry":{"type":"Polygon","coordinates":[[[123.2123,-1.1713],[122.908,-1.1822],[122.8322,-1.283],[122.8108,-1.4321],[122.8904,-1.5872],[123.1504,-1.3045],[123.1829,-1.4928],[123.2749,-1.4372],[123.367,-1.5071],[123.5119,-1.4474],[123.5473,-1.3374],[123.4348,-1.2368],[123.3386,-1.254],[123.2123,-1.1713]]]},"properties":{"scalerank":0,"featurecla":"Land","min_zoom":2}},
{"type":"Feature","geometry":{"type":"Polygon","coordinates":[[[123.1525,-1.8165],[123.1064,-1.7867],[123.0709,-1.8549],[123.0788,-1.8989],[123.1525,-1.8165]]]},"properties":{"scalerank":0,"featurecla":"Land","min_zoom":4}},
{"type":"Feature","geometry":{"type":"Polygon","coordinates":[[[121.8644,-0.4068],[121.7493,-0.407],[121.7218,-0.4947],[121.8469,-0.4898],[121.8644,-0.4068]]]},"properties":{"scalerank":0,"featurecla":"Land","min_zoom":3}},
{"type":"Feature","geometry":{"type":"Polygon","coordinates":[[[126.8166,4.0335],[126.9211,4.291],[126.8651,4.4798],[126.7573,4.5479],[126.7221,4.3442],[126.8136,4.2585],[126.7045,4.071],[126.8166,4.0335]]]},"properties":{"scalerank":0,"featurecla":"Land","min_zoom":2}},
{"type":"Feature","geometry":{"type":"Polygon","coordinates":[[[126.7193,3.8747],[126.7396,3.9177],[126.6855,4.0014],[126.6612,3.9284],[126.7193,3.8747]]]},"properties":{"scalerank":0,"featurecla":"Land","min_zoom":3}},
{"type":"Feature","geometry":{"type":"Polygon","coordinates":[[[126.8519,3.7685],[126.857,3.8124],[126.8045,3.8579],[126.7775,3.8134],[126.8519,3.7685]]]},"properties":{"scalerank":0,"featurecla":"Land","min_zoom":4}},
{"type":"Feature","geometry":{"type":"Polygon","coordinates":[[[125.6581,3.436],[125.5435,3.6704],[125.5115,3.4611],[125.6581,3.436]]]},"properties":{"scalerank":0,"featurecla":"Land","min_zoom":3}},
{"type":"Feature","geometry":{"type":"Polygon","coordinates":[[[125.4074,2.6516],[125.4465,2.763],[125.3601,2.7468],[125.4074,2.6516]]]},"properties":{"scalerank":0,"featurecla":"Land","min_zoom":4}},
{"type":"Feature","geometry":{"type":"Polygon","coordinates":[[[120.5283,-6.2984],[120.5492,-5.9692],[120.4465,-5.8763],[120.4607,-6.254],[120.5283,-6.2984]]]},"properties":{"scalerank":0,"featurecla":"Land","min_zoom":3}},
{"type":"Feature","geometry":{"type":"Polygon","coordinates":[[[131.982,-7.2021],[131.9223,-7.1045],[131.8845,-7.1675],[131.982,-7.2021]]]},"properties":{"scalerank":0,"featurecla":"Land","min_zoom":3}},
{"type":"Feature","geometry":{"type":"Polygon","coordinates":[[[130.8622,-8.3187],[131.0438,-8.212],[131.0201,-8.0913],[130.8334,-8.2708],[130.8622,-8.3187]]]},"properties":{"scalerank":0,"featurecla":"Land","min_zoom":3}},
{"type":"Feature","geometry":{"type":"Polygon","coordinates":[[[131.3256,-7.9995],[131.3771,-7.8691],[131.6244,-7.6262],[131.6911,-7.4389],[131.5607,-7.1357],[131.3492,-7.4254],[131.2601,-7.4705],[131.1378,-7.6849],[131.0868,-7.865],[131.1138,-7.9974],[131.3256,-7.9995]]]},"properties":{"scalerank":0,"featurecla":"Land","min_zoom":2}},
{"type":"Feature","geometry":{"type":"Polygon","coordinates":[[[129.8389,-7.9546],[129.813,-7.8197],[129.609,-7.8034],[129.5919,-7.9174],[129.7135,-8.0407],[129.8389,-7.9546]]]},"properties":{"scalerank":0,"featurecla":"Land","min_zoom":3}},
{"type":"Feature","geometry":{"type":"Polygon","coordinates":[[[128.6701,-7.1833],[128.6277,-7.0687],[128.5298,-7.1346],[128.6701,-7.1833]]]},"properties":{"scalerank":0,"featurecla":"Land","min_zoom":3}},
{"type":"Feature","geometry":{"type":"Polygon","coordinates":[[[127.8234,-8.0988],[127.8209,-8.1902],[128.0235,-8.2554],[128.1192,-8.1707],[127.8234,-8.0988]]]},"properties":{"scalerank":0,"featurecla":"Land","min_zoom":3}},
{"type":"Feature","geometry":{"type":"Polygon","coordinates":[[[127.4194,-7.623],[127.4752,-7.5311],[127.3707,-7.5128],[127.4194,-7.623]]]},"properties":{"scalerank":0,"featurecla":"Land","min_zoom":3}},
{"type":"Feature","geometry":{"type":"Polygon","coordinates":[[[126.801,-7.6679],[126.6096,-7.5718],[126.2137,-7.7067],[125.9753,-7.6634],[125.8432,-7.8167],[125.9516,-7.9109],[126.1084,-7.884],[126.4721,-7.9504],[126.5773,-7.8076],[126.8127,-7.7379],[126.801,-7.6679]]]},"properties":{"scalerank":0,"featurecla":"Land","min_zoom":2}},
{"type":"Feature","geometry":{"type":"Polygon","coordinates":[[[125.6461,-8.1399],[125.5071,-8.2751],[125.5795,-8.3118],[125.6461,-8.1399]]]},"properties":{"scalerank":0,"featurecla":"Land","min_zoom":3}},
{"type":"Feature","geometry":{"type":"Polygon","coordinates":[[[123.4162,-10.3026],[123.3953,-10.1714],[123.3256,-10.2642],[123.4162,-10.3026]]]},"properties":{"scalerank":0,"featurecla":"Land","min_zoom":1}},
{"type":"Feature","geometry":{"type":"Polygon","coordinates":[[[122.9489,-10.9093],[123.2148,-10.8062],[123.4182,-10.6513],[123.3711,-10.4749],[123.2654,-10.5182],[123.0614,-10.6984],[122.8457,-10.7618],[122.8262,-10.8991],[122.9489,-10.9093]]]},"properties":{"scalerank":0,"featurecla":"Land","min_zoom":2}},
{"type":"Feature","geometry":{"type":"Polygon","coordinates":[[[121.883,-10.5903],[121.867,-10.4389],[121.7262,-10.5731],[121.883,-10.5903]]]},"properties":{"scalerank":0,"featurecla":"Land","min_zoom":3}},
{"type":"Feature","geometry":{"type":"Polygon","coordinates":[[[124.5756,-8.1408],[124.4307,-8.1832],[124.4442,-8.4446],[125.0968,-8.3528],[125.1246,-8.2048],[124.5756,-8.1408]]]},"properties":{"scalerank":0,"featurecla":"Land","min_zoom":2}},
{"type":"Feature","geometry":{"type":"Polygon","coordinates":[[[124.2866,-8.3295],[124.2396,-8.2034],[124.1105,-8.3643],[123.9715,-8.3541],[124.0657,-8.5517],[124.1844,-8.4987],[124.2866,-8.3295]]]},"properties":{"scalerank":0,"featurecla":"Land","min_zoom":2}},
{"type":"Feature","geometry":{"type":"Polygon","coordinates":[[[123.9248,-8.2725],[123.776,-8.1904],[123.6006,-8.2913],[123.53,-8.2652],[123.325,-8.4391],[123.4107,-8.5866],[123.553,-8.5668],[123.6292,-8.4225],[123.7839,-8.2996],[123.9248,-8.2725]]]},"properties":{"scalerank":0,"featurecla":"Land","min_zoom":2}},
{"type":"Feature","geometry":{"type":"Polygon","coordinates":[[[123.3175,-8.3548],[123.336,-8.269],[123.1335,-8.2538],[123.025,-8.3955],[123.2973,-8.3986],[123.3175,-8.3548]]]},"properties":{"scalerank":0,"featurecla":"Land","min_zoom":3}},
{"type":"Feature","geometry":{"type":"Polygon","coordinates":[[[119.4641,-8.741],[119.547,-8.4826],[119.4302,-8.455],[119.3789,-8.5865],[119.4641,-8.741]]]},"properties":{"scalerank":0,"featurecla":"Land","min_zoom":3}},
{"type":"Feature","geometry":{"type":"Polygon","coordinates":[[[119.0738,-8.2389],[119.1349,-8.1971],[119.0978,-8.1392],[119.0366,-8.1578],[119.0738,-8.2389]]]},"properties":{"scalerank":0,"featurecla":"Land","min_zoom":3}},
{"type":"Feature","geometry":{"type":"Polygon","coordinates":[[[115.61,-8.7698],[115.5614,-8.6699],[115.4805,-8.7154],[115.61,-8.7698]]]},"properties":{"scalerank":0,"featurecla":"Land","min_zoom":3}},
{"type":"Feature","geometry":{"type":"Polygon","coordinates":[[[115.3771,-6.9708],[115.4145,-6.8397],[115.2405,-6.8612],[115.2203,-6.9525],[115.3771,-6.9708]]]},"properties":{"scalerank":0,"featurecla":"Land","min_zoom":3}},
{"type":"Feature","geometry":{"type":"Polygon","coordinates":[[[112.7194,-5.811],[112.6485,-5.7309],[112.6021,-5.8437],[112.7194,-5.811]]]},"properties":{"scalerank":0,"featurecla":"Land","min_zoom":3}},
{"type":"Feature","geometry":{"type":"Polygon","coordinates":[[[117.9229,4.0543],[117.8848,4.1861],[117.6621,4.2502],[117.6251,4.1215],[117.7368,4.004],[117.9229,4.0543]]]},"properties":{"scalerank":0,"featurecla":"Land","min_zoom":2}},
{"type":"Feature","geometry":{"type":"Polygon","coordinates":[[[117.6584,3.2805],[117.6809,3.4075],[117.5479,3.432],[117.5604,3.3282],[117.6584,3.2805]]]},"properties":{"scalerank":0,"featurecla":"Land","min_zoom":3}},
{"type":"Feature","geometry":{"type":"Polygon","coordinates":[[[116.4241,-3.4645],[116.3266,-3.5391],[116.3878,-3.6367],[116.4241,-3.4645]]]},"properties":{"scalerank":0,"featurecla":"Land","min_zoom":3}},
{"type":"Feature","geometry":{"type":"Polygon","coordinates":[[[116.3033,-3.8682],[116.3187,-3.763],[116.2621,-3.3948],[116.1174,-3.3396],[116.0184,-3.6999],[116.077,-3.8175],[116.0934,-4.0541],[116.3033,-3.8682]]]},"properties":{"scalerank":0,"featurecla":"Land","min_zoom":0.5}},
{"type":"Feature","geometry":{"type":"Polygon","coordinates":[[[108.9531,-1.6196],[108.8772,-1.5398],[108.8037,-1.5678],[108.8379,-1.6616],[108.9531,-1.6196]]]},"properties":{"scalerank":0,"featurecla":"Land","min_zoom":3}},
{"type":"Feature","geometry":{"type":"Polygon","coordinates":[[[109.7103,-1.1807],[109.7434,-1.0394],[109.6146,-0.9791],[109.476,-0.9854],[109.4281,-1.2412],[109.5108,-1.2828],[109.7103,-1.1807]]]},"properties":{"scalerank":0,"featurecla":"Land","min_zoom":2}},
{"type":"Feature","geometry":{"type":"Polygon","coordinates":[[[108.8875,2.9054],[108.8671,2.9919],[108.7865,2.8856],[108.8389,2.853],[108.8875,2.9054]]]},"properties":{"scalerank":0,"featurecla":"Land","min_zoom":4}},
{"type":"Feature","geometry":{"type":"Polygon","coordinates":[[[108.316,3.6896],[108.3936,3.8362],[108.3929,3.9862],[108.202,4.2005],[108.0035,4.0426],[108.0885,3.8521],[108.2433,3.8104],[108.316,3.6896]]]},"properties":{"scalerank":0,"featurecla":"Land","min_zoom":2}},
{"type":"Feature","geometry":{"type":"Polygon","coordinates":[[[106.2853,3.1571],[106.2712,3.2163],[106.201,3.2049],[106.2146,3.1286],[106.2853,3.1571]]]},"properties":{"scalerank":0,"featurecla":"Land","min_zoom":3}},
{"type":"Feature","geometry":{"type":"Polygon","coordinates":[[[105.7604,2.863],[105.8367,2.9765],[105.6922,3.0625],[105.7062,2.8889],[105.7604,2.863]]]},"properties":{"scalerank":0,"featurecla":"Land","min_zoom":3}},
{"type":"Feature","geometry":{"type":"Polygon","coordinates":[[[101.7081,2.0784],[101.6407,2.1267],[101.4097,2.0217],[101.4034,1.9013],[101.4678,1.7594],[101.6027,1.7157],[101.7194,1.7892],[101.7735,1.9435],[101.7081,2.0784]]]},"properties":{"scalerank":0,"featurecla":"Land","min_zoom":0.5}},
{"type":"Feature","geometry":{"type":"Polygon","coordinates":[[[102.4271,0.9901],[102.4429,1.2342],[102.3586,1.3457],[102.2286,1.3479],[102.2555,1.1472],[102.3253,1.007],[102.4271,0.9901]]]},"properties":{"scalerank":0,"featurecla":"Land","min_zoom":2}},
{"type":"Feature","geometry":{"type":"Polygon","coordinates":[[[102.4919,1.4592],[102.4695,1.5101],[102.0422,1.6254],[102.0787,1.4986],[102.2742,1.4531],[102.4994,1.3309],[102.4919,1.4592]]]},"properties":{"scalerank":0,"featurecla":"Land","min_zoom":2}},
{"type":"Feature","geometry":{"type":"Polygon","coordinates":[[[103.0275,0.7466],[103.0024,0.8593],[102.7801,0.9594],[102.5492,1.1302],[102.4539,0.8895],[102.5416,0.8316],[102.9715,0.7365],[103.0275,0.7466]]]},"properties":{"scalerank":0,"featurecla":"Land","min_zoom":0.5}},
{"type":"Feature","geometry":{"type":"Polygon","coordinates":[[[103.1664,0.8702],[103.0676,1.0147],[102.7901,1.1655],[102.7019,1.0537],[102.8863,0.9968],[103.0867,0.8481],[103.1664,0.8702]]]},"properties":{"scalerank":0,"featurecla":"Land","min_zoom":2}},
{"type":"Feature","geometry":{"type":"Polygon","coordinates":[[[103.2845,0.5419],[103.2382,0.6986],[103.1396,0.5491],[103.2845,0.5419]]]},"properties":{"scalerank":0,"featurecla":"Land","min_zoom":3}},
{"type":"Feature","geometry":{"type":"Polygon","coordinates":[[[103.4239,1.0483],[103.38,1.1336],[103.3154,1.0713],[103.3633,1.0068],[103.4239,1.0483]]]},"properties":{"scalerank":0,"featurecla":"Land","min_zoom":3}},
{"type":"Feature","geometry":{"type":"Polygon","coordinates":[[[103.4502,0.6645],[103.4975,0.7227],[103.3861,0.8696],[103.3444,0.7779],[103.4502,0.6645]]]},"properties":{"scalerank":0,"featurecla":"Land","min_zoom":3}},
{"type":"Feature","geometry":{"type":"Polygon","coordinates":[[[103.8286,0.801],[103.752,0.8914],[103.7424,0.83],[103.8286,0.801]]]},"properties":{"scalerank":0,"featurecla":"Land","min_zoom":4}},
{"type":"Feature","geometry":{"type":"Polygon","coordinates":[[[104.0248,1.1806],[103.9636,1.0132],[104.0661,0.9896],[104.1273,1.0924],[104.0248,1.1806]]]},"properties":{"scalerank":0,"featurecla":"Land","min_zoom":3}},
{"type":"Feature","geometry":{"type":"Polygon","coordinates":[[[104.5854,1.2161],[104.3618,1.1815],[104.2502,1.1026],[104.252,1.0149],[104.4286,0.9565],[104.5752,0.8319],[104.6528,0.961],[104.6481,1.1046],[104.5854,1.2161]]]},"properties":{"scalerank":0,"featurecla":"Land","min_zoom":2}},
{"type":"Feature","geometry":{"type":"Polygon","coordinates":[[[104.2394,0.834],[104.2271,0.8799],[104.0981,0.8962],[104.1768,0.8049],[104.2394,0.834]]]},"properties":{"scalerank":0,"featurecla":"Land","min_zoom":3}},
{"type":"Feature","geometry":{"type":"Polygon","coordinates":[[[104.6893,0.0595],[104.5438,0.2233],[104.6035,0.0952],[104.6893,0.0595]]]},"properties":{"scalerank":0,"featurecla":"Land","min_zoom":3}},
{"type":"Feature","geometry":{"type":"Polygon","coordinates":[[[104.7786,-0.176],[104.5427,0.0177],[104.4471,-0.1892],[104.5666,-0.2456],[104.7022,-0.2087],[104.9143,-0.3233],[104.9497,-0.2473],[104.7786,-0.176]]]},"properties":{"scalerank":0,"featurecla":"Land","min_zoom":2}},
{"type":"Feature","geometry":{"type":"Polygon","coordinates":[[[104.4742,-0.3347],[104.2571,-0.4633],[104.4854,-0.6129],[104.5901,-0.4666],[104.4742,-0.3347]]]},"properties":{"scalerank":0,"featurecla":"Land","min_zoom":2}},
{"type":"Feature","geometry":{"type":"Polygon","coordinates":[[[103.7365,-0.3479],[103.7239,-0.2767],[103.5489,-0.2275],[103.4613,-0.3576],[103.7365,-0.3479]]]},"properties":{"scalerank":0,"featurecla":"Land","min_zoom":3}},
{"type":"Feature","geometry":{"type":"Polygon","coordinates":[[[108.2072,-2.9977],[108.2906,-2.83],[108.2151,-2.697],[108.0744,-2.597],[107.8378,-2.5303],[107.6663,-2.5663],[107.5981,-2.7997],[107.6145,-3.2094],[107.9411,-3.1293],[108.0553,-3.2269],[108.1673,-3.1428],[108.2072,-2.9977]]]},"properties":{"scalerank":0,"featurecla":"Land","min_zoom":2}},
{"type":"Feature","geometry":{"type":"Polygon","coordinates":[[[107.4733,-2.8995],[107.4997,-2.845],[107.4193,-2.8381],[107.4328,-2.9253],[107.4733,-2.8995]]]},"properties":{"scalerank":0,"featurecla":"Land","min_zoom":4}},
{"type":"Feature","geometry":{"type":"Polygon","coordinates":[[[106.8864,-3.0053],[106.9106,-2.934],[106.7969,-2.8989],[106.7492,-2.9604],[106.8864,-3.0053]]]},"properties":{"scalerank":0,"featurecla":"Land","min_zoom":3}},
{"type":"Feature","geometry":{"type":"Polygon","coordinates":[[[105.2528,-6.6404],[105.1923,-6.5456],[105.1214,-6.6149],[105.2528,-6.6404]]]},"properties":{"scalerank":0,"featurecla":"Land","min_zoom":3}},
{"type":"Feature","geometry":{"type":"Polygon","coordinates":[[[97.4815,1.4651],[97.356,1.5397],[97.2442,1.4236],[97.0792,1.4255],[97.2969,1.1874],[97.4054,0.947],[97.6039,0.8339],[97.684,0.5961],[97.8204,0.5645],[97.8765,0.6283],[97.9319,0.9739],[97.7864,1.1459],[97.6983,1.1837],[97.4815,1.4651]]]},"properties":{"scalerank":0,"featurecla":"Land","min_zoom":2}},
{"type":"Feature","geometry":{"type":"Polygon","coordinates":[[[102.3672,-5.4787],[102.3718,-5.3664],[102.1984,-5.2889],[102.1355,-5.3605],[102.2859,-5.4835],[102.3672,-5.4787]]]},"properties":{"scalerank":0,"featurecla":"Land","min_zoom":3}},
{"type":"Feature","geometry":{"type":"Polygon","coordinates":[[[100.4251,-3.1829],[100.4546,-3.002],[100.2456,-2.7832],[100.1793,-2.8202],[100.2043,-2.9868],[100.4251,-3.1829]]]},"properties":{"scalerank":0,"featurecla":"Land","min_zoom":2}},
{"type":"Feature","geometry":{"type":"Polygon","coordinates":[[[100.2041,-2.741],[100.202,-2.6797],[100.0119,-2.5103],[100.0149,-2.8197],[100.1327,-2.8214],[100.2041,-2.741]]]},"properties":{"scalerank":0,"featurecla":"Land","min_zoom":3}},
{"type":"Feature","geometry":{"type":"Polygon","coordinates":[[[99.8431,-2.3431],[99.6864,-2.0634],[99.5722,-2.0258],[99.5374,-2.1615],[99.607,-2.2575],[99.8431,-2.3431]]]},"properties":{"scalerank":0,"featurecla":"Land","min_zoom":3}},
{"type":"Feature","geometry":{"type":"Polygon","coordinates":[[[99.1639,-1.7779],[99.2715,-1.7385],[99.2673,-1.6277],[99.1307,-1.4424],[99.065,-1.2407],[98.869,-0.9156],[98.6761,-0.9705],[98.6018,-1.1979],[98.8743,-1.6637],[99.0718,-1.7835],[99.1639,-1.7779]]]},"properties":{"scalerank":0,"featurecla":"Land","min_zoom":2}},
{"type":"Feature","geometry":{"type":"Polygon","coordinates":[[[98.4593,-0.5305],[98.5441,-0.2576],[98.4271,-0.2265],[98.3097,-0.5318],[98.4593,-0.5305]]]},"properties":{"scalerank":0,"featurecla":"Land","min_zoom":2}},
{"type":"Feature","geometry":{"type":"Polygon","coordinates":[[[97.3342,2.0756],[97.2914,2.2008],[97.2251,2.1585],[97.3342,2.0756]]]},"properties":{"scalerank":0,"featurecla":"Land","min_zoom":3}},
{"type":"Feature","geometry":{"type":"Polygon","coordinates":[[[96.4637,2.36],[96.4173,2.5152],[95.8063,2.916],[95.7172,2.826],[95.8086,2.6556],[96.022,2.5958],[96.2904,2.4296],[96.4637,2.36]]]},"properties":{"scalerank":0,"featurecla":"Land","min_zoom":2}},
{"type":"Feature","geometry":{"type":"Polygon","coordinates":[[[95.3621,5.8124],[95.3592,5.8768],[95.242,5.907],[95.2832,5.7985],[95.3621,5.8124]]]},"properties":{"scalerank":0,"featurecla":"Land","min_zoom":3}},
{"type":"Feature","geometry":{"type":"Polygon","coordinates":[[[111.3893,2.4153],[111.3783,2.7093],[111.3004,2.7412],[111.3115,2.4376],[111.3893,2.4153]]]},"properties":{"scalerank":0,"featurecla":"Land","min_zoom":3}},
{"type":"Feature","geometry":{"type":"Polygon","coordinates":[[[117.1416,7.1682],[117.2394,7.1848],[117.2641,7.3517],[117.0643,7.2607],[117.1416,7.1682]]]},"properties":{"scalerank":0,"featurecla":"Land","min_zoom":3}},
{"type":"Feature","geometry":{"type":"Polygon","coordinates":[[[32.0122,46.2039],[31.6385,46.2726],[31.7002,46.2141],[32.0094,46.1678],[32.0122,46.2039]]]},"properties":{"scalerank":0,"featurecla":"Land","min_zoom":3}},
{"type":"Feature","geometry":{"type":"Polygon","coordinates":[[[22.9237,58.8269],[22.9099,58.9912],[22.5872,59.0812],[22.411,58.8634],[22.5422,58.69],[22.7673,58.8209],[22.9237,58.8269]]]},"properties":{"scalerank":0,"featurecla":"Land","min_zoom":2}},
{"type":"Feature","geometry":{"type":"Polygon","coordinates":[[[23.3436,58.5503],[23.3328,58.6486],[23.1654,58.6781],[23.0635,58.6111],[23.3436,58.5503]]]},"properties":{"scalerank":0,"featurecla":"Land","min_zoom":3}},
{"type":"Feature","geometry":{"type":"Polygon","coordinates":[[[35.8161,65.1821],[35.5586,65.0936],[35.8423,65.0015],[35.8161,65.1821]]]},"properties":{"scalerank":0,"featurecla":"Land","min_zoom":3}},
{"type":"Feature","geometry":{"type":"Polygon","coordinates":[[[42.7137,66.7017],[42.6314,66.7822],[42.4773,66.7351],[42.7137,66.7017]]]},"properties":{"scalerank":0,"featurecla":"Land","min_zoom":4}},
{"type":"Feature","geometry":{"type":"Polygon","coordinates":[[[26.876,78.6489],[26.5859,78.8115],[26.4596,78.7203],[26.876,78.6489]]]},"properties":{"scalerank":0,"featurecla":"Land","min_zoom":3}},
{"type":"Feature","geometry":{"type":"Polygon","coordinates":[[[29.0471,78.9121],[28.4147,78.9614],[27.8891,78.8521],[29.0471,78.9121]]]},"properties":{"scalerank":0,"featurecla":"Land","min_zoom":3}},
{"type":"Feature","geometry":{"type":"Polygon","coordinates":[[[50.0518,80.0743],[50.3191,80.1724],[49.8837,80.2302],[49.5561,80.1589],[50.0518,80.0743]]]},"properties":{"scalerank":0,"featurecla":"Land","min_zoom":3}},
{"type":"Feature","geometry":{"type":"Polygon","coordinates":[[[51.4093,79.9442],[50.9363,80.0942],[50.4541,79.9244],[51.4093,79.9442]]]},"properties":{"scalerank":0,"featurecla":"Land","min_zoom":3}},
{"type":"Feature","geometry":{"type":"Polygon","coordinates":[[[32.526,80.1191],[33.5566,80.1981],[33.384,80.2423],[32.526,80.1191]]]},"properties":{"scalerank":0,"featurecla":"Land","min_zoom":3}},
{"type":"Feature","geometry":{"type":"Polygon","coordinates":[[[57.8103,81.546],[57.0915,81.5412],[55.7167,81.1885],[56.8219,81.2379],[57.451,81.1355],[58.0153,81.2548],[57.8587,81.3681],[58.436,81.4642],[57.8103,81.546]]]},"properties":{"scalerank":0,"featurecla":"Land","min_zoom":2}},
{"type":"Feature","geometry":{"type":"Polygon","coordinates":[[[54.7189,81.116],[54.0666,80.8136],[55.1172,80.7519],[55.7125,80.6373],[56.8147,80.6636],[57.6941,80.7923],[56.1701,81.0292],[55.4707,81.0199],[54.7189,81.116]]]},"properties":{"scalerank":0,"featurecla":"Land","min_zoom":2}},
{"type":"Feature","geometry":{"type":"Polygon","coordinates":[[[50.7537,81.0474],[50.8786,81.1509],[50.3685,81.1225],[50.7537,81.0474]]]},"properties":{"scalerank":0,"featurecla":"Land","min_zoom":4}},
{"type":"Feature","geometry":{"type":"Polygon","coordinates":[[[58.6224,81.0417],[58.0495,81.1185],[57.4052,80.9151],[57.9379,80.7934],[58.86,80.7794],[58.6224,81.0417]]]},"properties":{"scalerank":0,"featurecla":"Land","min_zoom":2}},
{"type":"Feature","geometry":{"type":"Polygon","coordinates":[[[63.651,81.6093],[63.7096,81.6873],[62.7949,81.7189],[62.885,81.6089],[63.651,81.6093]]]},"properties":{"scalerank":0,"featurecla":"Land","min_zoom":3}},
{"type":"Feature","geometry":{"type":"Polygon","coordinates":[[[58.2954,81.7152],[59.3564,81.759],[59.2618,81.8542],[58.1346,81.828],[58.2954,81.7152]]]},"properties":{"scalerank":0,"featurecla":"Land","min_zoom":3}},
{"type":"Feature","geometry":{"type":"Polygon","coordinates":[[[18.7416,80.3009],[18.2917,80.3584],[18.1622,80.2882],[18.525,80.2456],[18.7416,80.3009]]]},"properties":{"scalerank":0,"featurecla":"Land","min_zoom":4}},
{"type":"Feature","geometry":{"type":"Polygon","coordinates":[[[11.2503,78.6107],[10.9608,78.8464],[10.6284,78.7539],[11.2503,78.6107]]]},"properties":{"scalerank":0,"featurecla":"Land","min_zoom":3}},
{"type":"Feature","geometry":{"type":"Polygon","coordinates":[[[19.2193,74.391],[19.1829,74.5179],[18.7975,74.4857],[19.2193,74.391]]]},"properties":{"scalerank":0,"featurecla":"Land","min_zoom":3}},
{"type":"Feature","geometry":{"type":"Polygon","coordinates":[[[53.1414,71.2419],[52.7768,71.3998],[52.2966,71.3568],[52.8354,71.0858],[53.2052,71.1597],[53.1414,71.2419]]]},"properties":{"scalerank":0,"featurecla":"Land","min_zoom":2}},
{"type":"Feature","geometry":{"type":"Polygon","coordinates":[[[74.6605,72.8734],[74.7253,73.1082],[74.1985,73.1091],[74.1002,73.0215],[74.6605,72.8734]]]},"properties":{"scalerank":0,"featurecla":"Land","min_zoom":3}},
{"type":"Feature","geometry":{"type":"Polygon","coordinates":[[[75.5037,73.4566],[75.8271,73.4591],[75.9302,73.5736],[75.5697,73.5406],[75.5037,73.4566]]]},"properties":{"scalerank":0,"featurecla":"Land","min_zoom":3}},
{"type":"Feature","geometry":{"type":"Polygon","coordinates":[[[76.7561,73.4458],[76.2507,73.5553],[76.2345,73.4762],[76.7561,73.4458]]]},"properties":{"scalerank":0,"featurecla":"Land","min_zoom":3}},
{"type":"Feature","geometry":{"type":"Polygon","coordinates":[[[77.6325,72.2913],[78.3651,72.4824],[78.2791,72.5532],[77.7485,72.6312],[77.3778,72.5653],[76.9031,72.3656],[76.906,72.2977],[77.6325,72.2913]]]},"properties":{"scalerank":0,"featurecla":"Land","min_zoom":2}},
{"type":"Feature","geometry":{"type":"Polygon","coordinates":[[[79.5015,72.7219],[79.5413,72.9187],[79.1643,73.0943],[78.6568,72.8923],[78.8806,72.7516],[79.5015,72.7219]]]},"properties":{"scalerank":0,"featurecla":"Land","min_zoom":2}},
{"type":"Feature","geometry":{"type":"Polygon","coordinates":[[[82.71,74.0909],[82.5256,74.1614],[82.3294,74.1311],[82.6128,74.0564],[82.71,74.0909]]]},"properties":{"scalerank":0,"featurecla":"Land","min_zoom":4}},
{"type":"Feature","geometry":{"type":"Polygon","coordinates":[[[83.549,74.0718],[83.5135,74.1224],[83.1498,74.1516],[82.9029,74.1289],[83.4106,74.0396],[83.549,74.0718]]]},"properties":{"scalerank":0,"featurecla":"Land","min_zoom":3}},
{"type":"Feature","geometry":{"type":"Polygon","coordinates":[[[84.759,74.4594],[84.6799,74.5124],[84.3895,74.4544],[84.7104,74.3998],[84.759,74.4594]]]},"properties":{"scalerank":0,"featurecla":"Land","min_zoom":4}},
{"type":"Feature","geometry":{"type":"Polygon","coordinates":[[[86.6531,74.9813],[86.3905,74.8509],[86.9271,74.8308],[87.1243,74.9399],[86.6531,74.9813]]]},"properties":{"scalerank":0,"featurecla":"Land","min_zoom":3}},
{"type":"Feature","geometry":{"type":"Polygon","coordinates":[[[82.1724,75.4194],[81.9128,75.4977],[81.5006,75.3679],[81.6548,75.2889],[82.2216,75.3505],[82.1724,75.4194]]]},"properties":{"scalerank":0,"featurecla":"Land","min_zoom":3}},
{"type":"Feature","geometry":{"type":"Polygon","coordinates":[[[96.5324,76.2781],[95.7862,76.2939],[96.1088,76.1555],[96.5324,76.2781]]]},"properties":{"scalerank":0,"featurecla":"Land","min_zoom":3}},
{"type":"Feature","geometry":{"type":"Polygon","coordinates":[[[97.5884,76.5994],[97.3816,76.7067],[97.3104,76.6896],[97.4304,76.5907],[97.5884,76.5994]]]},"properties":{"scalerank":0,"featurecla":"Land","min_zoom":4}},
{"type":"Feature","geometry":{"type":"Polygon","coordinates":[[[96.2854,77.0267],[96.5284,77.2055],[95.4207,77.0565],[95.8547,76.975],[96.2854,77.0267]]]},"properties":{"scalerank":0,"featurecla":"Land","min_zoom":3}},
{"type":"Feature","geometry":{"type":"Polygon","coordinates":[[[89.5143,77.1888],[89.6162,77.311],[89.2815,77.3015],[89.1417,77.2268],[89.5143,77.1888]]]},"properties":{"scalerank":0,"featurecla":"Land","min_zoom":3}},
{"type":"Feature","geometry":{"type":"Polygon","coordinates":[[[76.2489,79.6511],[76.6495,79.4934],[77.3602,79.5568],[76.2489,79.6511]]]},"properties":{"scalerank":0,"featurecla":"Land","min_zoom":3}},
{"type":"Feature","geometry":{"type":"Polygon","coordinates":[[[80.0267,80.8481],[79.2174,80.9604],[79.0985,80.8121],[80.0267,80.8481]]]},"properties":{"scalerank":0,"featurecla":"Land","min_zoom":3}},
{"type":"Feature","geometry":{"type":"Polygon","coordinates":[[[91.5672,81.1412],[90.0699,81.2137],[89.9758,81.1131],[91.2229,81.0638],[91.5672,81.1412]]]},"properties":{"scalerank":0,"featurecla":"Land","min_zoom":3}},
{"type":"Feature","geometry":{"type":"Polygon","coordinates":[[[107.6955,78.1309],[107.5083,78.1894],[106.5833,78.1676],[107.0017,78.0957],[107.6955,78.1309]]]},"properties":{"scalerank":0,"featurecla":"Land","min_zoom":3}},
{"type":"Feature","geometry":{"type":"Polygon","coordinates":[[[106.2704,78.2062],[106.5047,78.2617],[106.7189,78.265],[106.6404,78.3362],[106.4568,78.34],[106.2704,78.2062]]]},"properties":{"scalerank":0,"featurecla":"Land","min_zoom":3}},
{"type":"Feature","geometry":{"type":"Polygon","coordinates":[[[107.4147,77.2427],[107.6795,77.2683],[107.5937,77.33],[107.2695,77.289],[107.4147,77.2427]]]},"properties":{"scalerank":0,"featurecla":"Land","min_zoom":4}},
{"type":"Feature","geometry":{"type":"Polygon","coordinates":[[[112.478,76.6209],[112.0111,76.6329],[112.5316,76.45],[112.6608,76.5096],[112.478,76.6209]]]},"properties":{"scalerank":0,"featurecla":"Land","min_zoom":3}},
{"type":"Feature","geometry":{"type":"Polygon","coordinates":[[[120.2613,73.0898],[120.0785,73.1567],[119.6404,73.1243],[119.7921,73.0454],[120.2613,73.0898]]]},"properties":{"scalerank":0,"featurecla":"Land","min_zoom":3}},
{"type":"Feature","geometry":{"type":"Polygon","coordinates":[[[124.543,73.8501],[124.6529,73.888],[124.5477,73.9338],[124.3664,73.8746],[124.543,73.8501]]]},"properties":{"scalerank":0,"featurecla":"Land","min_zoom":4}},
{"type":"Feature","geometry":{"type":"Polygon","coordinates":[[[135.9486,75.4096],[136.1689,75.6056],[135.6139,75.7663],[135.452,75.3896],[135.9486,75.4096]]]},"properties":{"scalerank":0,"featurecla":"Land","min_zoom":3}},
{"type":"Feature","geometry":{"type":"Polygon","coordinates":[[[149.1502,76.6599],[148.7196,76.7466],[148.3986,76.6482],[149.1502,76.6599]]]},"properties":{"scalerank":0,"featurecla":"Land","min_zoom":3}},
{"type":"Feature","geometry":{"type":"Polygon","coordinates":[[[136.1975,73.9136],[136.2592,73.985],[135.6283,74.2199],[135.4024,74.2017],[136.1975,73.9136]]]},"properties":{"scalerank":0,"featurecla":"Land","min_zoom":3}},
{"type":"Feature","geometry":{"type":"Polygon","coordinates":[[[137.9599,71.5077],[137.8168,71.5879],[137.2818,71.5799],[137.7118,71.4232],[137.9599,71.5077]]]},"properties":{"scalerank":0,"featurecla":"Land","min_zoom":3}},
{"type":"Feature","geometry":{"type":"Polygon","coordinates":[[[160.7189,70.8227],[160.5658,70.9238],[160.4369,70.851],[160.7189,70.8227]]]},"properties":{"scalerank":0,"featurecla":"Land","min_zoom":4}},
{"type":"Feature","geometry":{"type":"Polygon","coordinates":[[[169.2008,69.5805],[169.3748,69.8826],[168.3579,70.0157],[167.7889,69.8369],[168.348,69.6644],[168.9157,69.5714],[169.2008,69.5805]]]},"properties":{"scalerank":0,"featurecla":"Land","min_zoom":2}},
{"type":"Feature","geometry":{"type":"Polygon","coordinates":[[[163.6352,58.6034],[164.2788,58.8381],[164.6157,58.8856],[164.6293,59.1122],[164.5174,59.2268],[164.2021,59.0962],[163.7609,59.015],[163.6352,58.6034]]]},"properties":{"scalerank":0,"featurecla":"Land","min_zoom":2}},
{"type":"Feature","geometry":{"type":"Polygon","coordinates":[[[168.0391,54.565],[167.8826,54.6905],[167.7106,54.7702],[167.6773,54.6977],[168.0391,54.565]]]},"properties":{"scalerank":0,"featurecla":"Land","min_zoom":3}},
{"type":"Feature","geometry":{"type":"Polygon","coordinates":[[[166.6503,54.8391],[166.248,55.1654],[166.2758,55.312],[165.9313,55.3515],[165.9919,55.1905],[166.3248,54.8646],[166.6503,54.8391]]]},"properties":{"scalerank":0,"featurecla":"Land","min_zoom":2}},
{"type":"Feature","geometry":{"type":"Polygon","coordinates":[[[156.4051,50.6576],[156.4875,50.843],[156.3765,50.8621],[156.168,50.7319],[156.4051,50.6576]]]},"properties":{"scalerank":0,"featurecla":"Land","min_zoom":3}},
{"type":"Feature","geometry":{"type":"Polygon","coordinates":[[[155.9211,50.3022],[156.0444,50.4518],[156.1229,50.6713],[155.8848,50.6841],[155.6802,50.4007],[155.2184,50.2979],[155.2431,50.0946],[155.3972,50.0413],[155.5164,50.1456],[155.7924,50.2021],[155.9211,50.3022]]]},"properties":{"scalerank":0,"featurecla":"Land","min_zoom":2}},
{"type":"Feature","geometry":{"type":"Polygon","coordinates":[[[154.0813,48.7903],[154.2047,48.8572],[154.1264,48.9044],[154.0813,48.7903]]]},"properties":{"scalerank":0,"featurecla":"Land","min_zoom":3}},
{"type":"Feature","geometry":{"type":"Polygon","coordinates":[[[155.6448,50.8219],[155.6396,50.9105],[155.4674,50.9136],[155.5535,50.8106],[155.6448,50.8219]]]},"properties":{"scalerank":0,"featurecla":"Land","min_zoom":3}},
{"type":"Feature","geometry":{"type":"Polygon","coordinates":[[[153.1011,47.7629],[153.0491,47.797],[152.9843,47.7279],[153.0538,47.7061],[153.1011,47.7629]]]},"properties":{"scalerank":0,"featurecla":"Land","min_zoom":4}},
{"type":"Feature","geometry":{"type":"Polygon","coordinates":[[[152.0021,46.8972],[152.2889,47.1422],[152.1658,47.1104],[151.8644,46.869],[152.0021,46.8972]]]},"properties":{"scalerank":0,"featurecla":"Land","min_zoom":3}},
{"type":"Feature","geometry":{"type":"Polygon","coordinates":[[[149.6877,45.642],[149.8834,45.7832],[150.195,45.9332],[150.2346,46.0123],[150.5531,46.2085],[150.3486,46.2134],[149.9623,46.0219],[149.7963,45.8761],[149.6659,45.8398],[149.4471,45.5934],[149.6877,45.642]]]},"properties":{"scalerank":0,"featurecla":"Land","min_zoom":2}},
{"type":"Feature","geometry":{"type":"Polygon","coordinates":[[[148.5995,45.3176],[148.7907,45.324],[148.8122,45.51],[148.6123,45.4847],[148.3242,45.2824],[148.0561,45.2621],[147.9646,45.3777],[147.7694,45.1907],[147.4305,44.9452],[147.2466,44.8561],[147.1409,44.6633],[147.3102,44.6776],[147.5631,44.8355],[147.6578,44.9771],[147.9138,44.9904],[148.2623,45.2168],[148.5995,45.3176]]]},"properties":{"scalerank":0,"featurecla":"Land","min_zoom":2}},
{"type":"Feature","geometry":{"type":"Polygon","coordinates":[[[150.5899,59.0188],[150.7277,59.0952],[150.5925,59.0972],[150.4702,59.0541],[150.5899,59.0188]]]},"properties":{"scalerank":0,"featurecla":"Land","min_zoom":3}},
{"type":"Feature","geometry":{"type":"Polygon","coordinates":[[[137.9405,55.0926],[137.5773,55.197],[137.4355,55.016],[137.4627,54.8734],[137.6611,54.6533],[137.9912,54.8207],[138.1721,55.0601],[137.9405,55.0926]]]},"properties":{"scalerank":0,"featurecla":"Land","min_zoom":2}},
{"type":"Feature","geometry":{"type":"Polygon","coordinates":[[[137.1786,55.1004],[136.7953,55.0094],[137.0553,54.9268],[137.1786,55.1004]]]},"properties":{"scalerank":0,"featurecla":"Land","min_zoom":3}},
{"type":"Feature","geometry":{"type":"Polygon","coordinates":[[[146.714,43.7438],[146.899,43.8042],[146.8246,43.8605],[146.622,43.813],[146.714,43.7438]]]},"properties":{"scalerank":0,"featurecla":"Land","min_zoom":3}},
{"type":"Feature","geometry":{"type":"Polygon","coordinates":[[[146.2076,44.4977],[146.1121,44.5001],[145.9404,44.2727],[145.6663,43.9991],[145.767,43.9407],[146.1123,44.2459],[146.2962,44.281],[146.4365,44.3757],[146.2076,44.4977]]]},"properties":{"scalerank":0,"featurecla":"Land","min_zoom":0}},
{"type":"Feature","geometry":{"type":"Polygon","coordinates":[[[124.2932,24.5159],[124.0848,24.4358],[124.2343,24.3581],[124.2932,24.5159]]]},"properties":{"scalerank":0,"featurecla":"Land","min_zoom":3}},
{"type":"Feature","geometry":{"type":"Polygon","coordinates":[[[123.8887,24.2801],[123.7715,24.4145],[123.6807,24.288],[123.8887,24.2801]]]},"properties":{"scalerank":0,"featurecla":"Land","min_zoom":3}},
{"type":"Feature","geometry":{"type":"Polygon","coordinates":[[[125.4441,24.7432],[125.3346,24.8047],[125.2689,24.7325],[125.3594,24.7171],[125.4441,24.7432]]]},"properties":{"scalerank":0,"featurecla":"Land","min_zoom":3}},
{"type":"Feature","geometry":{"type":"Polygon","coordinates":[[[128.2588,26.6528],[128.2165,26.7969],[127.926,26.5557],[128.127,26.5522],[128.2588,26.6528]]]},"properties":{"scalerank":0,"featurecla":"Land","min_zoom":2}},
{"type":"Feature","geometry":{"type":"Polygon","coordinates":[[[128.9981,27.7208],[128.9517,27.9103],[128.8828,27.8424],[128.9,27.7278],[128.9981,27.7208]]]},"properties":{"scalerank":0,"featurecla":"Land","min_zoom":3}},
{"type":"Feature","geometry":{"type":"Polygon","coordinates":[[[129.4525,28.209],[129.6417,28.4113],[129.3225,28.3596],[129.2479,28.2825],[129.3664,28.1277],[129.4525,28.209]]]},"properties":{"scalerank":0,"featurecla":"Land","min_zoom":2}},
{"type":"Feature","geometry":{"type":"Polygon","coordinates":[[[129.324,28.1049],[129.2574,28.1762],[129.2324,28.1011],[129.324,28.1049]]]},"properties":{"scalerank":0,"featurecla":"Land","min_zoom":4}},
{"type":"Feature","geometry":{"type":"Polygon","coordinates":[[[130.6228,30.263],[130.6732,30.3669],[130.4972,30.4655],[130.3881,30.3882],[130.4456,30.2647],[130.6228,30.263]]]},"properties":{"scalerank":0,"featurecla":"Land","min_zoom":3}},
{"type":"Feature","geometry":{"type":"Polygon","coordinates":[[[130.9598,30.3969],[131.0574,30.6425],[130.9399,30.5751],[130.8703,30.4442],[130.9598,30.3969]]]},"properties":{"scalerank":0,"featurecla":"Land","min_zoom":3}},
{"type":"Feature","geometry":{"type":"Polygon","coordinates":[[[128.6653,32.7839],[128.6573,32.6284],[128.8945,32.6521],[128.8386,32.7629],[128.6653,32.7839]]]},"properties":{"scalerank":0,"featurecla":"Land","min_zoom":3}},
{"type":"Feature","geometry":{"type":"Polygon","coordinates":[[[130.0825,32.2297],[130.1995,32.3406],[130.1678,32.5412],[130.0098,32.5216],[129.9793,32.3462],[130.0825,32.2297]]]},"properties":{"scalerank":0,"featurecla":"Land","min_zoom":3}},
{"type":"Feature","geometry":{"type":"Polygon","coordinates":[[[130.3811,32.4237],[130.3654,32.5272],[130.2417,32.4628],[130.3811,32.4237]]]},"properties":{"scalerank":0,"featurecla":"Land","min_zoom":3}},
{"type":"Feature","geometry":{"type":"Polygon","coordinates":[[[133.3705,36.2039],[133.2957,36.3401],[133.2062,36.2934],[133.2393,36.1788],[133.3705,36.2039]]]},"properties":{"scalerank":0,"featurecla":"Land","min_zoom":3}},
{"type":"Feature","geometry":{"type":"Polygon","coordinates":[[[138.344,37.8221],[138.497,37.9039],[138.4536,38.0757],[138.4613,38.2915],[138.25,38.0785],[138.344,37.8221]]]},"properties":{"scalerank":0,"featurecla":"Land","min_zoom":2}},
{"type":"Feature","geometry":{"type":"Polygon","coordinates":[[[139.4813,42.081],[139.5584,42.2352],[139.4313,42.1996],[139.4813,42.081]]]},"properties":{"scalerank":0,"featurecla":"Land","min_zoom":3}},
{"type":"Feature","geometry":{"type":"Polygon","coordinates":[[[141.0728,45.3329],[141.0567,45.4496],[140.9717,45.4655],[140.9821,45.3638],[141.0728,45.3329]]]},"properties":{"scalerank":0,"featurecla":"Land","min_zoom":3}},
{"type":"Feature","geometry":{"type":"Polygon","coordinates":[[[141.2954,45.1193],[141.2519,45.2325],[141.1453,45.1539],[141.2954,45.1193]]]},"properties":{"scalerank":0,"featurecla":"Land","min_zoom":3}},
{"type":"Feature","geometry":{"type":"Polygon","coordinates":[[[139.8411,33.0561],[139.8736,33.0935],[139.8089,33.1292],[139.7757,33.0782],[139.8411,33.0561]]]},"properties":{"scalerank":0,"featurecla":"Land","min_zoom":4}},
{"type":"Feature","geometry":{"type":"Polygon","coordinates":[[[139.4564,34.7265],[139.4262,34.7759],[139.37,34.7754],[139.3669,34.7205],[139.4564,34.7265]]]},"properties":{"scalerank":0,"featurecla":"Land","min_zoom":4}},
{"type":"Feature","geometry":{"type":"Polygon","coordinates":[[[134.9328,34.2881],[134.8343,34.4727],[134.6679,34.2941],[134.8244,34.2029],[134.9328,34.2881]]]},"properties":{"scalerank":0,"featurecla":"Land","min_zoom":3}},
{"type":"Feature","geometry":{"type":"Polygon","coordinates":[[[129.077,32.8403],[129.1527,33.0033],[129.1098,33.1326],[129.0196,32.9196],[129.077,32.8403]]]},"properties":{"scalerank":0,"featurecla":"Land","min_zoom":3}},
{"type":"Feature","geometry":{"type":"Polygon","coordinates":[[[129.4918,33.223],[129.5081,33.2843],[129.4619,33.3313],[129.417,33.2311],[129.4918,33.223]]]},"properties":{"scalerank":0,"featurecla":"Land","min_zoom":3}},
{"type":"Feature","geometry":{"type":"Polygon","coordinates":[[[129.7957,33.7488],[129.7173,33.8584],[129.6748,33.7397],[129.7957,33.7488]]]},"properties":{"scalerank":0,"featurecla":"Land","min_zoom":3}},
{"type":"Feature","geometry":{"type":"Polygon","coordinates":[[[129.2795,34.1234],[129.3371,34.2848],[129.2148,34.3207],[129.1864,34.145],[129.2795,34.1234]]]},"properties":{"scalerank":0,"featurecla":"Land","min_zoom":3}},
{"type":"Feature","geometry":{"type":"Polygon","coordinates":[[[129.3856,34.3537],[129.4754,34.5404],[129.3259,34.6073],[129.2667,34.3705],[129.3856,34.3537]]]},"properties":{"scalerank":0,"featurecla":"Land","min_zoom":3}},
{"type":"Feature","geometry":{"type":"Polygon","coordinates":[[[132.5784,34.1152],[132.5235,34.1641],[132.4609,34.0873],[132.5494,34.0751],[132.5784,34.1152]]]},"properties":{"scalerank":0,"featurecla":"Land","min_zoom":4}},
{"type":"Feature","geometry":{"type":"Polygon","coordinates":[[[132.266,33.9452],[132.2088,33.8729],[132.36,33.847],[132.266,33.9452]]]},"properties":{"scalerank":0,"featurecla":"Land","min_zoom":3}},
{"type":"Feature","geometry":{"type":"Polygon","coordinates":[[[118.4074,24.5221],[118.2951,24.4363],[118.4327,24.4144],[118.4074,24.5221]]]},"properties":{"scalerank":0,"featurecla":"Land","min_zoom":3}},
{"type":"Feature","geometry":{"type":"Polygon","coordinates":[[[118.183,24.4963],[118.1038,24.5523],[118.0905,24.4461],[118.183,24.4963]]]},"properties":{"scalerank":0,"featurecla":"Land","min_zoom":4}},
{"type":"Feature","geometry":{"type":"Polygon","coordinates":[[[128.741,34.7985],[128.7219,35.0136],[128.4893,34.8653],[128.6467,34.7369],[128.741,34.7985]]]},"properties":{"scalerank":0,"featurecla":"Land","min_zoom":3}},
{"type":"Feature","geometry":{"type":"Polygon","coordinates":[[[128.0658,34.8059],[127.9154,34.921],[127.8322,34.8745],[127.8734,34.735],[128.0547,34.7081],[128.0658,34.8059]]]},"properties":{"scalerank":0,"featurecla":"Land","min_zoom":3}},
{"type":"Feature","geometry":{"type":"Polygon","coordinates":[[[127.799,34.615],[127.7871,34.6821],[127.7373,34.6309],[127.799,34.615]]]},"properties":{"scalerank":0,"featurecla":"Land","min_zoom":4}},
{"type":"Feature","geometry":{"type":"Polygon","coordinates":[[[126.327,33.2236],[126.5817,33.2383],[126.8729,33.3412],[126.9012,33.5151],[126.6955,33.5493],[126.3377,33.4604],[126.1656,33.312],[126.327,33.2236]]]},"properties":{"scalerank":0,"featurecla":"Land","min_zoom":2}},
{"type":"Feature","geometry":{"type":"Polygon","coordinates":[[[126.2337,34.3705],[126.3799,34.4979],[126.2475,34.5633],[126.1229,34.4439],[126.2337,34.3705]]]},"properties":{"scalerank":0,"featurecla":"Land","min_zoom":3}},
{"type":"Feature","geometry":{"type":"Polygon","coordinates":[[[126.5207,37.7368],[126.3693,37.772],[126.4233,37.6236],[126.5207,37.7368]]]},"properties":{"scalerank":0,"featurecla":"Land","min_zoom":3}},
{"type":"Feature","geometry":{"type":"Polygon","coordinates":[[[121.8627,31.4923],[121.5766,31.6373],[121.4642,31.7564],[121.3364,31.6438],[121.7805,31.4638],[121.8627,31.4923]]]},"properties":{"scalerank":0,"featurecla":"Land","min_zoom":2}},
{"type":"Feature","geometry":{"type":"Polygon","coordinates":[[[122.2959,29.9634],[122.2845,30.068],[122.1105,30.1397],[122.024,30.0133],[122.2959,29.9634]]]},"properties":{"scalerank":0,"featurecla":"Land","min_zoom":3}},
{"type":"Feature","geometry":{"type":"Polygon","coordinates":[[[122.1726,29.679],[122.1196,29.7822],[122.0838,29.7253],[122.1726,29.679]]]},"properties":{"scalerank":0,"featurecla":"Land","min_zoom":4}},
{"type":"Feature","geometry":{"type":"Polygon","coordinates":[[[122.4039,29.8924],[122.4016,29.9502],[122.3318,29.935],[122.3676,29.8527],[122.4039,29.8924]]]},"properties":{"scalerank":0,"featurecla":"Land","min_zoom":4}},
{"type":"Feature","geometry":{"type":"Polygon","coordinates":[[[119.8209,25.457],[119.8287,25.6074],[119.7226,25.6388],[119.7003,25.4327],[119.8209,25.457]]]},"properties":{"scalerank":0,"featurecla":"Land","min_zoom":3}},
{"type":"Feature","geometry":{"type":"Polygon","coordinates":[[[110.3852,21.0932],[110.4219,21.0069],[110.5039,20.9677],[110.5216,21.0831],[110.3852,21.0932]]]},"properties":{"scalerank":0,"featurecla":"Land","min_zoom":3}},
{"type":"Feature","geometry":{"type":"Polygon","coordinates":[[[107.6027,21.2168],[107.4763,21.2689],[107.4587,21.0917],[107.6027,21.2168]]]},"properties":{"scalerank":0,"featurecla":"Land","min_zoom":3}},
{"type":"Feature","geometry":{"type":"Polygon","coordinates":[[[107.5213,20.9266],[107.5511,20.9812],[107.5189,21.0128],[107.4786,20.9523],[107.5213,20.9266]]]},"properties":{"scalerank":0,"featurecla":"Land","min_zoom":4}},
{"type":"Feature","geometry":{"type":"Polygon","coordinates":[[[107.0313,20.747],[107.0438,20.8368],[106.9534,20.867],[106.9106,20.8242],[107.0313,20.747]]]},"properties":{"scalerank":0,"featurecla":"Land","min_zoom":3}},
{"type":"Feature","geometry":{"type":"Polygon","coordinates":[[[106.8656,20.8157],[106.7953,20.9279],[106.7694,20.8642],[106.8656,20.8157]]]},"properties":{"scalerank":0,"featurecla":"Land","min_zoom":4}},
{"type":"Feature","geometry":{"type":"Polygon","coordinates":[[[106.6175,8.6828],[106.6525,8.7011],[106.6586,8.7664],[106.568,8.7009],[106.6175,8.6828]]]},"properties":{"scalerank":0,"featurecla":"Land","min_zoom":4}},
{"type":"Feature","geometry":{"type":"Polygon","coordinates":[[[104.064,10.3908],[103.9858,10.427],[103.868,10.3354],[103.9521,10.2429],[104.0758,10.2249],[104.064,10.3908]]]},"properties":{"scalerank":0,"featurecla":"Land","min_zoom":3}},
{"type":"Feature","geometry":{"type":"Polygon","coordinates":[[[103.0451,11.2851],[103.0368,11.3899],[103.0075,11.3833],[102.9934,11.2904],[103.0451,11.2851]]]},"properties":{"scalerank":0,"featurecla":"Land","min_zoom":4}},
{"type":"Feature","geometry":{"type":"Polygon","coordinates":[[[102.6064,11.6765],[102.5328,11.6149],[102.5899,11.5722],[102.6064,11.6765]]]},"properties":{"scalerank":0,"featurecla":"Land","min_zoom":4}},
{"type":"Feature","geometry":{"type":"Polygon","coordinates":[[[102.4268,11.9887],[102.3188,12.1417],[102.302,11.9808],[102.4268,11.9887]]]},"properties":{"scalerank":0,"featurecla":"Land","min_zoom":3}},
{"type":"Feature","geometry":{"type":"Polygon","coordinates":[[[103.9697,1.3314],[103.818,1.4471],[103.7053,1.4234],[103.6502,1.3255],[103.8199,1.2654],[103.9697,1.3314]]]},"properties":{"scalerank":0,"featurecla":"Land","min_zoom":2}},
{"type":"Feature","geometry":{"type":"Polygon","coordinates":[[[104.2216,2.7317],[104.1848,2.8717],[104.1291,2.7672],[104.2216,2.7317]]]},"properties":{"scalerank":0,"featurecla":"Land","min_zoom":3}},
{"type":"Feature","geometry":{"type":"Polygon","coordinates":[[[100.289,5.2947],[100.3389,5.4101],[100.2039,5.4469],[100.191,5.2829],[100.289,5.2947]]]},"properties":{"scalerank":0,"featurecla":"Land","min_zoom":3}},
{"type":"Feature","geometry":{"type":"Polygon","coordinates":[[[99.848,6.4657],[99.7492,6.4096],[99.7438,6.2633],[99.9187,6.3586],[99.848,6.4657]]]},"properties":{"scalerank":0,"featurecla":"Land","min_zoom":3}},
{"type":"Feature","geometry":{"type":"Polygon","coordinates":[[[99.6631,6.5219],[99.7014,6.5706],[99.654,6.7141],[99.6066,6.5968],[99.6631,6.5219]]]},"properties":{"scalerank":0,"featurecla":"Land","min_zoom":3}},
{"type":"Feature","geometry":{"type":"Polygon","coordinates":[[[100.0741,9.6967],[100.0435,9.7917],[99.9834,9.7936],[100.0257,9.7117],[100.0741,9.6967]]]},"properties":{"scalerank":0,"featurecla":"Land","min_zoom":4}},
{"type":"Feature","geometry":{"type":"Polygon","coordinates":[[[100.0707,9.586],[99.9536,9.581],[99.9313,9.4761],[100.0537,9.4614],[100.0707,9.586]]]},"properties":{"scalerank":0,"featurecla":"Land","min_zoom":3}},
{"type":"Feature","geometry":{"type":"Polygon","coordinates":[[[98.592,7.9339],[98.6043,8.0573],[98.5294,8.1085],[98.592,7.9339]]]},"properties":{"scalerank":0,"featurecla":"Land","min_zoom":4}},
{"type":"Feature","geometry":{"type":"Polygon","coordinates":[[[98.4091,7.9021],[98.435,8.0856],[98.3014,8.1362],[98.2623,7.9261],[98.4091,7.9021]]]},"properties":{"scalerank":0,"featurecla":"Land","min_zoom":3}},
{"type":"Feature","geometry":{"type":"Polygon","coordinates":[[[98.3075,9.0515],[98.2736,9.1299],[98.2508,9.0408],[98.3075,9.0515]]]},"properties":{"scalerank":0,"featurecla":"Land","min_zoom":4}},
{"type":"Feature","geometry":{"type":"Polygon","coordinates":[[[93.89,6.8311],[93.9296,6.9735],[93.859,7.2068],[93.6842,7.1836],[93.7093,7.0007],[93.8288,6.7487],[93.89,6.8311]]]},"properties":{"scalerank":0,"featurecla":"Land","min_zoom":2}},
{"type":"Feature","geometry":{"type":"Polygon","coordinates":[[[93.7336,7.3565],[93.6925,7.4106],[93.5973,7.3188],[93.6385,7.2619],[93.7336,7.3565]]]},"properties":{"scalerank":0,"featurecla":"Land","min_zoom":3}},
{"type":"Feature","geometry":{"type":"Polygon","coordinates":[[[93.1407,8.2495],[93.097,8.3494],[93.0643,8.275],[93.1407,8.2495]]]},"properties":{"scalerank":0,"featurecla":"Land","min_zoom":4}},
{"type":"Feature","geometry":{"type":"Polygon","coordinates":[[[93.4426,7.8778],[93.3755,8.0179],[93.3094,7.964],[93.4426,7.8778]]]},"properties":{"scalerank":0,"featurecla":"Land","min_zoom":3}},
{"type":"Feature","geometry":{"type":"Polygon","coordinates":[[[93.5369,8.0566],[93.494,8.2247],[93.4564,8.1719],[93.4782,8.0245],[93.5369,8.0566]]]},"properties":{"scalerank":0,"featurecla":"Land","min_zoom":3}},
{"type":"Feature","geometry":{"type":"Polygon","coordinates":[[[92.7875,9.1367],[92.7857,9.2405],[92.7133,9.2049],[92.7875,9.1367]]]},"properties":{"scalerank":0,"featurecla":"Land","min_zoom":4}},
{"type":"Feature","geometry":{"type":"Polygon","coordinates":[[[92.5028,10.5549],[92.5743,10.7042],[92.5104,10.8975],[92.3528,10.7511],[92.3695,10.5474],[92.5028,10.5549]]]},"properties":{"scalerank":0,"featurecla":"Land","min_zoom":2}},
{"type":"Feature","geometry":{"type":"Polygon","coordinates":[[[92.6932,11.3812],[92.69,11.4634],[92.6402,11.5091],[92.6445,11.3613],[92.6932,11.3812]]]},"properties":{"scalerank":0,"featurecla":"Land","min_zoom":4}},
{"type":"Feature","geometry":{"type":"Polygon","coordinates":[[[93.0174,12.0368],[92.9554,12.0024],[93.0621,11.8994],[93.0174,12.0368]]]},"properties":{"scalerank":0,"featurecla":"Land","min_zoom":4}},
{"type":"Feature","geometry":{"type":"Polygon","coordinates":[[[92.7176,12.8649],[92.7309,12.9485],[92.6797,12.9393],[92.7176,12.8649]]]},"properties":{"scalerank":0,"featurecla":"Land","min_zoom":4}},
{"type":"Feature","geometry":{"type":"Polygon","coordinates":[[[92.7228,11.5361],[92.7976,11.8747],[92.7477,11.9928],[92.8795,12.2279],[92.8637,12.436],[92.9902,12.5385],[92.965,12.8505],[92.8862,12.9423],[93.0047,13.0894],[93.0738,13.2521],[93.0623,13.5455],[92.9246,13.4858],[92.8573,13.3581],[92.807,12.8789],[92.74,12.7796],[92.6947,12.2147],[92.6075,11.9495],[92.5339,11.8734],[92.6684,11.5387],[92.7228,11.5361]]]},"properties":{"scalerank":0,"featurecla":"Land","min_zoom":2}},
{"type":"Feature","geometry":{"type":"Polygon","coordinates":[[[98.5417,10.9615],[98.5266,11.087],[98.4774,10.9797],[98.5417,10.9615]]]},"properties":{"scalerank":0,"featurecla":"Land","min_zoom":4}},
{"type":"Feature","geometry":{"type":"Polygon","coordinates":[[[98.2098,10.9527],[98.1554,10.8979],[98.2935,10.7797],[98.2098,10.9527]]]},"properties":{"scalerank":0,"featurecla":"Land","min_zoom":3}},
{"type":"Feature","geometry":{"type":"Polygon","coordinates":[[[98.1826,9.9334],[98.2834,10.0076],[98.2207,10.0452],[98.1826,9.9334]]]},"properties":{"scalerank":0,"featurecla":"Land","min_zoom":3}},
{"type":"Feature","geometry":{"type":"Polygon","coordinates":[[[98.2217,11.4782],[98.2633,11.5236],[98.3075,11.7229],[98.2781,11.7584],[98.2011,11.5672],[98.2217,11.4782]]]},"properties":{"scalerank":0,"featurecla":"Land","min_zoom":3}},
{"type":"Feature","geometry":{"type":"Polygon","coordinates":[[[98.516,11.905],[98.6096,11.9566],[98.4545,12.0613],[98.516,11.905]]]},"properties":{"scalerank":0,"featurecla":"Land","min_zoom":3}},
{"type":"Feature","geometry":{"type":"Polygon","coordinates":[[[98.0755,11.6924],[98.0596,11.7567],[98.0104,11.8603],[98.0211,11.6959],[98.0755,11.6924]]]},"properties":{"scalerank":0,"featurecla":"Land","min_zoom":4}},
{"type":"Feature","geometry":{"type":"Polygon","coordinates":[[[98.5538,11.7449],[98.3765,11.7915],[98.4348,11.5671],[98.5284,11.5387],[98.5538,11.7449]]]},"properties":{"scalerank":0,"featurecla":"Land","min_zoom":3}},
{"type":"Feature","geometry":{"type":"Polygon","coordinates":[[[98.1367,12.1504],[98.1284,12.2612],[98.0373,12.2325],[98.1367,12.1504]]]},"properties":{"scalerank":0,"featurecla":"Land","min_zoom":3}},
{"type":"Feature","geometry":{"type":"Polygon","coordinates":[[[98.0661,12.3898],[97.9387,12.3461],[98.0023,12.279],[98.0661,12.3898]]]},"properties":{"scalerank":0,"featurecla":"Land","min_zoom":3}},
{"type":"Feature","geometry":{"type":"Polygon","coordinates":[[[98.414,12.5979],[98.3314,12.5114],[98.3809,12.3537],[98.4595,12.4737],[98.414,12.5979]]]},"properties":{"scalerank":0,"featurecla":"Land","min_zoom":3}},
{"type":"Feature","geometry":{"type":"Polygon","coordinates":[[[98.3154,13.0991],[98.2546,13.1886],[98.2593,13.014],[98.3154,13.0991]]]},"properties":{"scalerank":0,"featurecla":"Land","min_zoom":3}},
{"type":"Feature","geometry":{"type":"Polygon","coordinates":[[[97.575,16.2532],[97.5996,16.4295],[97.4691,16.461],[97.4804,16.3057],[97.575,16.2532]]]},"properties":{"scalerank":0,"featurecla":"Land","min_zoom":3}},
{"type":"Feature","geometry":{"type":"Polygon","coordinates":[[[99.0784,7.5918],[99.0377,7.5485],[99.0679,7.4959],[99.1044,7.4713],[99.0784,7.5918]]]},"properties":{"scalerank":0,"featurecla":"Land","min_zoom":4}},
{"type":"Feature","geometry":{"type":"Polygon","coordinates":[[[94.8049,15.8193],[94.8382,15.8921],[94.828,15.933],[94.7335,15.823],[94.8049,15.8193]]]},"properties":{"scalerank":0,"featurecla":"Land","min_zoom":4}},
{"type":"Feature","geometry":{"type":"Polygon","coordinates":[[[94.4768,15.9459],[94.5661,16.0193],[94.6187,16.1413],[94.3879,15.9941],[94.4768,15.9459]]]},"properties":{"scalerank":0,"featurecla":"Land","min_zoom":3}},
{"type":"Feature","geometry":{"type":"Polygon","coordinates":[[[93.6908,18.6843],[93.7447,18.8655],[93.4875,18.8675],[93.6908,18.6843]]]},"properties":{"scalerank":0,"featurecla":"Land","min_zoom":3}},
{"type":"Feature","geometry":{"type":"Polygon","coordinates":[[[93.4918,19.8926],[93.4129,19.9503],[93.4446,19.8064],[93.4918,19.8926]]]},"properties":{"scalerank":0,"featurecla":"Land","min_zoom":3}},
{"type":"Feature","geometry":{"type":"Polygon","coordinates":[[[93.0102,19.9239],[92.9596,20.0462],[92.9127,19.9998],[93.0102,19.9239]]]},"properties":{"scalerank":0,"featurecla":"Land","min_zoom":3}},
{"type":"Feature","geometry":{"type":"Polygon","coordinates":[[[93.7148,19.5583],[93.644,19.4951],[93.7559,19.3257],[93.902,19.332],[93.9457,19.4286],[93.7148,19.5583]]]},"properties":{"scalerank":0,"featurecla":"Land","min_zoom":3}},
{"type":"Feature","geometry":{"type":"Polygon","coordinates":[[[91.8738,21.8321],[91.8825,21.8836],[91.8352,21.8854],[91.8197,21.8098],[91.8738,21.8321]]]},"properties":{"scalerank":0,"featurecla":"Land","min_zoom":4}},
{"type":"Feature","geometry":{"type":"Polygon","coordinates":[[[91.9492,21.5081],[91.934,21.7222],[91.857,21.7088],[91.9492,21.5081]]]},"properties":{"scalerank":0,"featurecla":"Land","min_zoom":3}},
{"type":"Feature","geometry":{"type":"Polygon","coordinates":[[[91.1508,22.1752],[91.1782,22.283],[91.0795,22.5197],[91.0447,22.1052],[91.1508,22.1752]]]},"properties":{"scalerank":0,"featurecla":"Land","min_zoom":3}},
{"type":"Feature","geometry":{"type":"Polygon","coordinates":[[[91.5567,22.3822],[91.484,22.5766],[91.4113,22.4757],[91.5567,22.3822]]]},"properties":{"scalerank":0,"featurecla":"Land","min_zoom":3}},
{"type":"Feature","geometry":{"type":"Polygon","coordinates":[[[90.6418,22.963],[90.5799,23.0354],[90.5363,23.0149],[90.6039,22.9456],[90.6418,22.963]]]},"properties":{"scalerank":0,"featurecla":"Land","min_zoom":4}},
{"type":"Feature","geometry":{"type":"Polygon","coordinates":[[[90.7776,22.0893],[90.8299,22.16],[90.8682,22.4849],[90.7369,22.6387],[90.6723,22.8132],[90.5029,22.8354],[90.5649,22.6176],[90.6492,22.5407],[90.6805,22.3275],[90.515,22.0651],[90.7776,22.0893]]]},"properties":{"scalerank":0,"featurecla":"Land","min_zoom":0}},
{"type":"Feature","geometry":{"type":"Polygon","coordinates":[[[79.9695,9.6307],[79.9119,9.6792],[79.8885,9.7412],[79.8457,9.7146],[79.9068,9.6198],[79.9695,9.6307]]]},"properties":{"scalerank":0,"featurecla":"Land","min_zoom":4}},
{"type":"Feature","geometry":{"type":"Polygon","coordinates":[[[79.8748,9.0507],[79.7668,9.0698],[79.9037,8.975],[79.8748,9.0507]]]},"properties":{"scalerank":0,"featurecla":"Land","min_zoom":4}},
{"type":"Feature","geometry":{"type":"Polygon","coordinates":[[[-8.9536,70.8392],[-8.6354,70.9404],[-8.0021,71.0413],[-8.3437,71.1401],[-8.5208,71.0307],[-8.9646,70.9159],[-8.9536,70.8392]]]},"properties":{"scalerank":0,"featurecla":"Land","min_zoom":3}},
{"type":"Feature","geometry":{"type":"Polygon","coordinates":[[[-155.5813,19.012],[-155.5353,19.1091],[-155.3096,19.2602],[-155.0535,19.3192],[-154.8042,19.5245],[-155.0659,19.7482],[-155.0861,19.8756],[-155.1988,19.9944],[-155.6221,20.1634],[-155.8316,20.2758],[-155.8928,20.1674],[-155.8203,20.0142],[-156.0487,19.75],[-155.8907,19.3825],[-155.8813,19.0705],[-155.6808,18.9677],[-155.5813,19.012]]]},"properties":{"scalerank":0,"featurecla":"Land","min_zoom":0.5}},
{"type":"Feature","geometry":{"type":"Polygon","coordinates":[[[-157.2136,21.2154],[-157.2903,21.1126],[-157.0209,21.0978],[-156.8599,21.0563],[-156.7422,21.1635],[-157.2136,21.2154]]]},"properties":{"scalerank":0,"featurecla":"Land","min_zoom":1.5}},
{"type":"Feature","geometry":{"type":"Polygon","coordinates":[[[-156.4868,20.9326],[-156.5854,21.0343],[-156.6897,20.9014],[-156.4801,20.8012],[-156.4382,20.6179],[-156.31,20.5988],[-156.1071,20.6448],[-155.9898,20.7571],[-156.2775,20.9513],[-156.4868,20.9326]]]},"properties":{"scalerank":0,"featurecla":"Land","min_zoom":1.5}},
{"type":"Feature","geometry":{"type":"Polygon","coordinates":[[[-160.18,21.8411],[-160.08,21.9074],[-160.1006,22.0152],[-160.2209,21.8973],[-160.18,21.8411]]]},"properties":{"scalerank":0,"featurecla":"Land","min_zoom":3}},
{"type":"Feature","geometry":{"type":"Polygon","coordinates":[[[-157.7994,21.4566],[-157.9625,21.7014],[-158.1231,21.6002],[-158.2731,21.5853],[-158.1104,21.3186],[-157.9018,21.3406],[-157.7988,21.2686],[-157.6354,21.3076],[-157.7994,21.4566]]]},"properties":{"scalerank":0,"featurecla":"Land","min_zoom":1}},
{"type":"Feature","geometry":{"type":"Polygon","coordinates":[[[-159.3728,21.9324],[-159.3007,22.1053],[-159.3521,22.2196],[-159.5792,22.2231],[-159.7266,22.1402],[-159.7892,22.0418],[-159.6088,21.9095],[-159.4607,21.8761],[-159.3728,21.9324]]]},"properties":{"scalerank":0,"featurecla":"Land","min_zoom":1.5}},
{"type":"Feature","geometry":{"type":"Polygon","coordinates":[[[-156.8496,20.7727],[-156.9418,20.93],[-157.0506,20.9125],[-156.9734,20.7575],[-156.8496,20.7727]]]},"properties":{"scalerank":0,"featurecla":"Land","min_zoom":3}},
{"type":"Feature","geometry":{"type":"Polygon","coordinates":[[[179.4516,51.3726],[179.1817,51.4699],[178.908,51.6156],[178.9259,51.5351],[179.2781,51.3722],[179.4516,51.3726]]]},"properties":{"scalerank":0,"featurecla":"Land","min_zoom":3}},
{"type":"Feature","geometry":{"type":"Polygon","coordinates":[[[179.7277,51.9054],[179.6271,52.0304],[179.5039,51.9796],[179.5496,51.894],[179.7277,51.9054]]]},"properties":{"scalerank":0,"featurecla":"Land","min_zoom":3}},
{"type":"Feature","geometry":{"type":"Polygon","coordinates":[[[177.4154,51.8828],[177.5941,51.9476],[177.5205,52.0182],[177.2503,51.9029],[177.4154,51.8828]]]},"properties":{"scalerank":0,"featurecla":"Land","min_zoom":3}},
{"type":"Feature","geometry":{"type":"Polygon","coordinates":[[[173.7228,52.3596],[173.6576,52.5041],[173.4023,52.4048],[173.7228,52.3596]]]},"properties":{"scalerank":0,"featurecla":"Land","min_zoom":3}},
{"type":"Feature","geometry":{"type":"Polygon","coordinates":[[[172.8118,53.013],[172.7218,52.8855],[172.9352,52.7521],[173.0803,52.8145],[173.436,52.8521],[173.1021,52.9956],[172.8118,53.013]]]},"properties":{"scalerank":0,"featurecla":"Land","min_zoom":2}},
{"type":"Feature","geometry":{"type":"Polygon","coordinates":[[[-172.7422,60.4574],[-172.8602,60.5057],[-173.074,60.4932],[-172.6357,60.3289],[-172.5261,60.3917],[-172.7422,60.4574]]]},"properties":{"scalerank":0,"featurecla":"Land","min_zoom":3}},
{"type":"Feature","geometry":{"type":"Polygon","coordinates":[[[-170.1605,57.1839],[-170.1162,57.2418],[-170.3866,57.203],[-170.264,57.1368],[-170.1605,57.1839]]]},"properties":{"scalerank":0,"featurecla":"Land","min_zoom":3}},
{"type":"Feature","geometry":{"type":"Polygon","coordinates":[[[-160.3293,55.3377],[-160.4808,55.309],[-160.3433,55.2588],[-160.3293,55.3377]]]},"properties":{"scalerank":0,"featurecla":"Land","min_zoom":4}},
{"type":"Feature","geometry":{"type":"Polygon","coordinates":[[[-160.6849,55.3148],[-160.8255,55.174],[-160.4875,55.1849],[-160.6849,55.3148]]]},"properties":{"scalerank":0,"featurecla":"Land","min_zoom":3}},
{"type":"Feature","geometry":{"type":"Polygon","coordinates":[[[-162.2981,54.847],[-162.2337,54.932],[-162.2937,54.9829],[-162.4339,54.9315],[-162.2981,54.847]]]},"properties":{"scalerank":0,"featurecla":"Land","min_zoom":3}},
{"type":"Feature","geometry":{"type":"Polygon","coordinates":[[[-162.5544,54.4014],[-162.6454,54.4621],[-162.8117,54.4444],[-162.6411,54.3795],[-162.5544,54.4014]]]},"properties":{"scalerank":0,"featurecla":"Land","min_zoom":3}},
{"type":"Feature","geometry":{"type":"Polygon","coordinates":[[[-159.362,54.9724],[-159.3904,55.0409],[-159.4585,55.035],[-159.4213,54.9781],[-159.362,54.9724]]]},"properties":{"scalerank":0,"featurecla":"Land","min_zoom":4}},
{"type":"Feature","geometry":{"type":"Polygon","coordinates":[[[-159.873,55.1288],[-159.8982,55.2213],[-160.1721,55.123],[-160.0384,55.0445],[-159.873,55.1288]]]},"properties":{"scalerank":0,"featurecla":"Land","min_zoom":3}},
{"type":"Feature","geometry":{"type":"Polygon","coordinates":[[[-159.5151,55.1519],[-159.5979,55.1257],[-159.6485,55.0746],[-159.5204,55.0722],[-159.5151,55.1519]]]},"properties":{"scalerank":0,"featurecla":"Land","min_zoom":4}},
{"type":"Feature","geometry":{"type":"Polygon","coordinates":[[[-169.6919,52.8474],[-169.7549,52.8836],[-169.9826,52.851],[-169.7228,52.7923],[-169.6919,52.8474]]]},"properties":{"scalerank":0,"featurecla":"Land","min_zoom":3}},
{"type":"Feature","geometry":{"type":"Polygon","coordinates":[[[-170.7334,52.5815],[-170.5866,52.6424],[-170.6821,52.6976],[-170.7334,52.5815]]]},"properties":{"scalerank":0,"featurecla":"Land","min_zoom":3}},
{"type":"Feature","geometry":{"type":"Polygon","coordinates":[[[-165.8416,54.0707],[-165.8929,54.207],[-166.0877,54.1691],[-166.0364,54.0472],[-165.8416,54.0707]]]},"properties":{"scalerank":0,"featurecla":"Land","min_zoom":3}},
{"type":"Feature","geometry":{"type":"Polygon","coordinates":[[[-165.5611,54.1367],[-165.4676,54.1809],[-165.5506,54.2845],[-165.6541,54.2533],[-165.5611,54.1367]]]},"properties":{"scalerank":0,"featurecla":"Land","min_zoom":3}},
{"type":"Feature","geometry":{"type":"Polygon","coordinates":[[[-167.9644,53.3451],[-167.8047,53.485],[-167.9857,53.5582],[-168.2877,53.5001],[-168.4366,53.2569],[-168.639,53.2558],[-168.7958,53.0449],[-168.5056,53.0432],[-168.2707,53.238],[-167.9644,53.3451]]]},"properties":{"scalerank":0,"featurecla":"Land","min_zoom":2}},
{"type":"Feature","geometry":{"type":"Polygon","coordinates":[[[-166.6153,53.9009],[-166.6274,53.9957],[-166.9781,53.9629],[-167.1182,53.8726],[-167.0157,53.6984],[-167.1361,53.5265],[-167.8088,53.3238],[-167.5225,53.2762],[-167.1537,53.4079],[-166.7704,53.476],[-166.4442,53.6518],[-166.4888,53.7855],[-166.2309,53.9326],[-166.3723,53.999],[-166.6153,53.9009]]]},"properties":{"scalerank":0,"featurecla":"Land","min_zoom":2}},
{"type":"Feature","geometry":{"type":"Polygon","coordinates":[[[-166.2098,53.7233],[-166.1027,53.8328],[-166.1877,53.8225],[-166.2507,53.7678],[-166.2098,53.7233]]]},"properties":{"scalerank":0,"featurecla":"Land","min_zoom":4}},
{"type":"Feature","geometry":{"type":"Polygon","coordinates":[[[-172.4648,52.2723],[-172.3136,52.3296],[-172.4704,52.388],[-172.4648,52.2723]]]},"properties":{"scalerank":0,"featurecla":"Land","min_zoom":3}},
{"type":"Feature","geometry":{"type":"Polygon","coordinates":[[[-173.5533,52.1363],[-173.6726,52.0626],[-173.461,52.0416],[-173.5533,52.1363]]]},"properties":{"scalerank":0,"featurecla":"Land","min_zoom":3}},
{"type":"Feature","geometry":{"type":"Polygon","coordinates":[[[-174.6774,52.035],[-174.1207,52.1352],[-174.0184,52.3318],[-174.1689,52.4202],[-174.4355,52.3172],[-174.3062,52.2162],[-175.1177,52.0471],[-174.6774,52.035]]]},"properties":{"scalerank":0,"featurecla":"Land","min_zoom":2}},
{"type":"Feature","geometry":{"type":"Polygon","coordinates":[[[-176.009,51.8124],[-176.1937,51.8863],[-176.2044,51.8348],[-176.0934,51.7905],[-176.009,51.8124]]]},"properties":{"scalerank":0,"featurecla":"Land","min_zoom":4}},
{"type":"Feature","geometry":{"type":"Polygon","coordinates":[[[-176.2867,51.792],[-176.4137,51.8406],[-176.3961,51.7599],[-176.2867,51.792]]]},"properties":{"scalerank":0,"featurecla":"Land","min_zoom":4}},
{"type":"Feature","geometry":{"type":"Polygon","coordinates":[[[-176.5933,51.8667],[-176.8744,51.7905],[-176.7709,51.6299],[-176.4374,51.7543],[-176.5933,51.8667]]]},"properties":{"scalerank":0,"featurecla":"Land","min_zoom":2}},
{"type":"Feature","geometry":{"type":"Polygon","coordinates":[[[-176.0215,52.0024],[-176.0312,52.0823],[-176.1557,52.0994],[-176.1429,52.0043],[-176.0215,52.0024]]]},"properties":{"scalerank":0,"featurecla":"Land","min_zoom":3}},
{"type":"Feature","geometry":{"type":"Polygon","coordinates":[[[-177.1482,51.7167],[-177.2098,51.8413],[-177.5776,51.6942],[-177.1482,51.7167]]]},"properties":{"scalerank":0,"featurecla":"Land","min_zoom":3}},
{"type":"Feature","geometry":{"type":"Polygon","coordinates":[[[-177.8791,51.6497],[-177.7707,51.7779],[-177.9538,51.9185],[-178.1945,51.8822],[-177.8791,51.6497]]]},"properties":{"scalerank":0,"featurecla":"Land","min_zoom":3}},
{"type":"Feature","geometry":{"type":"Polygon","coordinates":[[[73.7074,-53.1371],[73.5857,-53.0271],[73.3363,-53.0299],[73.4651,-53.1842],[73.7074,-53.1371]]]},"properties":{"scalerank":0,"featurecla":"Land","min_zoom":3}},
{"type":"Feature","geometry":{"type":"Polygon","coordinates":[[[69.2824,-49.0589],[69.3688,-48.8904],[69.1501,-48.919],[69.2824,-49.0589]]]},"properties":{"scalerank":0,"featurecla":"Land","min_zoom":3}},
{"type":"Feature","geometry":{"type":"Polygon","coordinates":[[[51.8346,-46.4399],[51.7419,-46.3269],[51.6966,-46.4281],[51.8346,-46.4399]]]},"properties":{"scalerank":0,"featurecla":"Land","min_zoom":3}},
{"type":"Feature","geometry":{"type":"Polygon","coordinates":[[[37.8569,-46.9442],[37.6849,-46.824],[37.6118,-46.9465],[37.8569,-46.9442]]]},"properties":{"scalerank":0,"featurecla":"Land","min_zoom":3}},
{"type":"Feature","geometry":{"type":"Polygon","coordinates":[[[27.8428,35.9293],[28.144,36.2099],[28.2301,36.3703],[28.1715,36.4262],[27.9145,36.3453],[27.7163,36.1716],[27.7155,35.9573],[27.8428,35.9293]]]},"properties":{"scalerank":0,"featurecla":"Land","min_zoom":2}},
{"type":"Feature","geometry":{"type":"Polygon","coordinates":[[[27.1761,35.4653],[27.1572,35.6295],[27.0707,35.5978],[27.1761,35.4653]]]},"properties":{"scalerank":0,"featurecla":"Land","min_zoom":3}},
{"type":"Feature","geometry":{"type":"Polygon","coordinates":[[[27.8602,36.5539],[27.8625,36.6412],[27.7857,36.6075],[27.8602,36.5539]]]},"properties":{"scalerank":0,"featurecla":"Land","min_zoom":4}},
{"type":"Feature","geometry":{"type":"Polygon","coordinates":[[[27.0197,36.959],[27.0401,37.0016],[26.9666,37.0521],[26.9199,36.9452],[27.0197,36.959]]]},"properties":{"scalerank":0,"featurecla":"Land","min_zoom":4}},
{"type":"Feature","geometry":{"type":"Polygon","coordinates":[[[26.9496,36.7271],[27.151,36.7776],[27.0611,36.8404],[26.9496,36.7271]]]},"properties":{"scalerank":0,"featurecla":"Land","min_zoom":3}},
{"type":"Feature","geometry":{"type":"Polygon","coordinates":[[[25.5459,36.9676],[25.5879,37.1525],[25.3619,37.0704],[25.5459,36.9676]]]},"properties":{"scalerank":0,"featurecla":"Land","min_zoom":3}},
{"type":"Feature","geometry":{"type":"Polygon","coordinates":[[[25.2789,37.0684],[25.2351,37.1485],[25.1055,37.035],[25.1994,36.9913],[25.2789,37.0684]]]},"properties":{"scalerank":0,"featurecla":"Land","min_zoom":3}},
{"type":"Feature","geometry":{"type":"Polygon","coordinates":[[[25.4824,36.3926],[25.4674,36.4351],[25.3705,36.3589],[25.4359,36.3401],[25.4824,36.3926]]]},"properties":{"scalerank":0,"featurecla":"Land","min_zoom":4}},
{"type":"Feature","geometry":{"type":"Polygon","coordinates":[[[25.3817,36.674],[25.4069,36.7173],[25.2959,36.7892],[25.26,36.7584],[25.3817,36.674]]]},"properties":{"scalerank":0,"featurecla":"Land","min_zoom":4}},
{"type":"Feature","geometry":{"type":"Polygon","coordinates":[[[26.8244,37.8114],[26.6387,37.7809],[26.8449,37.6447],[27.0396,37.77],[26.8244,37.8114]]]},"properties":{"scalerank":0,"featurecla":"Land","min_zoom":3}},
{"type":"Feature","geometry":{"type":"Polygon","coordinates":[[[26.0293,37.5294],[26.2049,37.5685],[26.0863,37.6349],[26.0293,37.5294]]]},"properties":{"scalerank":0,"featurecla":"Land","min_zoom":3}},
{"type":"Feature","geometry":{"type":"Polygon","coordinates":[[[25.8594,36.7904],[25.9847,36.8797],[25.942,36.8866],[25.8524,36.8476],[25.8594,36.7904]]]},"properties":{"scalerank":0,"featurecla":"Land","min_zoom":3}},
{"type":"Feature","geometry":{"type":"Polygon","coordinates":[[[26.4606,36.5854],[26.4213,36.6242],[26.27,36.5469],[26.3314,36.5114],[26.4606,36.5854]]]},"properties":{"scalerank":0,"featurecla":"Land","min_zoom":3}},
{"type":"Feature","geometry":{"type":"Polygon","coordinates":[[[24.356,37.5769],[24.4008,37.649],[24.3204,37.6777],[24.2774,37.6011],[24.356,37.5769]]]},"properties":{"scalerank":0,"featurecla":"Land","min_zoom":3}},
{"type":"Feature","geometry":{"type":"Polygon","coordinates":[[[24.4357,37.3444],[24.4814,37.408],[24.4313,37.4752],[24.3697,37.4196],[24.4357,37.3444]]]},"properties":{"scalerank":0,"featurecla":"Land","min_zoom":4}},
{"type":"Feature","geometry":{"type":"Polygon","coordinates":[[[24.5357,36.7638],[24.4252,36.7129],[24.3574,36.7443],[24.326,36.6556],[24.5307,36.684],[24.5357,36.7638]]]},"properties":{"scalerank":0,"featurecla":"Land","min_zoom":3}},
{"type":"Feature","geometry":{"type":"Polygon","coordinates":[[[24.9429,37.4935],[24.8962,37.4066],[24.9379,37.3897],[24.9429,37.4935]]]},"properties":{"scalerank":0,"featurecla":"Land","min_zoom":4}},
{"type":"Feature","geometry":{"type":"Polygon","coordinates":[[[24.9917,37.7596],[24.9563,37.9048],[24.7144,37.8989],[24.8841,37.7705],[24.9917,37.7596]]]},"properties":{"scalerank":0,"featurecla":"Land","min_zoom":3}},
{"type":"Feature","geometry":{"type":"Polygon","coordinates":[[[25.2559,37.5996],[25.0918,37.648],[25.1563,37.5451],[25.2559,37.5996]]]},"properties":{"scalerank":0,"featurecla":"Land","min_zoom":3}},
{"type":"Feature","geometry":{"type":"Polygon","coordinates":[[[24.7209,36.9214],[24.7632,36.9492],[24.7161,37.0238],[24.6765,36.9593],[24.7209,36.9214]]]},"properties":{"scalerank":0,"featurecla":"Land","min_zoom":4}},
{"type":"Feature","geometry":{"type":"Polygon","coordinates":[[[26.094,38.2181],[26.157,38.3029],[26.1496,38.4685],[26.0125,38.6017],[25.8513,38.5084],[25.9914,38.3535],[25.8743,38.2696],[25.9985,38.1615],[26.094,38.2181]]]},"properties":{"scalerank":0,"featurecla":"Land","min_zoom":2}},
{"type":"Feature","geometry":{"type":"Polygon","coordinates":[[[26.4102,39.3294],[26.1654,39.3735],[25.9096,39.2875],[25.9063,39.139],[26.1608,39.0259],[26.4688,38.9728],[26.5782,39.1095],[26.3928,39.2701],[26.4102,39.3294]]]},"properties":{"scalerank":0,"featurecla":"Land","min_zoom":0}},
{"type":"Feature","geometry":{"type":"Polygon","coordinates":[[[23.7798,39.1144],[23.5939,39.2086],[23.6661,39.0954],[23.7798,39.1144]]]},"properties":{"scalerank":0,"featurecla":"Land","min_zoom":4}},
{"type":"Feature","geometry":{"type":"Polygon","coordinates":[[[23.888,39.1583],[23.9397,39.2005],[23.8881,39.2264],[23.888,39.1583]]]},"properties":{"scalerank":0,"featurecla":"Land","min_zoom":4}},
{"type":"Feature","geometry":{"type":"Polygon","coordinates":[[[24.6747,38.8092],[24.5813,38.8789],[24.5641,38.9422],[24.4856,38.9803],[24.461,38.8886],[24.6747,38.8092]]]},"properties":{"scalerank":0,"featurecla":"Land","min_zoom":3}},
{"type":"Feature","geometry":{"type":"Polygon","coordinates":[[[25.6857,40.4266],[25.5686,40.5159],[25.448,40.4828],[25.5727,40.4004],[25.6857,40.4266]]]},"properties":{"scalerank":0,"featurecla":"Land","min_zoom":3}},
{"type":"Feature","geometry":{"type":"Polygon","coordinates":[[[25.4377,39.9833],[25.058,39.9997],[25.0622,39.8524],[25.357,39.8081],[25.4377,39.9833]]]},"properties":{"scalerank":0,"featurecla":"Land","min_zoom":3}},
{"type":"Feature","geometry":{"type":"Polygon","coordinates":[[[24.7742,40.6152],[24.7863,40.7039],[24.6233,40.7929],[24.5155,40.647],[24.6459,40.5794],[24.7742,40.6152]]]},"properties":{"scalerank":0,"featurecla":"Land","min_zoom":3}},
{"type":"Feature","geometry":{"type":"Polygon","coordinates":[[[25.97,40.1363],[25.9184,40.238],[25.7409,40.1963],[25.7402,40.1055],[25.97,40.1363]]]},"properties":{"scalerank":0,"featurecla":"Land","min_zoom":3}},
{"type":"Feature","geometry":{"type":"Polygon","coordinates":[[[-16.1145,11.0594],[-16.0673,11.1972],[-16.2364,11.1134],[-16.1145,11.0594]]]},"properties":{"scalerank":0,"featurecla":"Land","min_zoom":3}},
{"type":"Feature","geometry":{"type":"Polygon","coordinates":[[[-16.3733,19.7064],[-16.3933,19.8493],[-16.477,19.7104],[-16.3733,19.7064]]]},"properties":{"scalerank":0,"featurecla":"Land","min_zoom":3}},
{"type":"Feature","geometry":{"type":"Polygon","coordinates":[[[-17.1909,32.8686],[-17.1712,32.7219],[-16.8374,32.6483],[-16.6933,32.758],[-16.9292,32.8414],[-17.1909,32.8686]]]},"properties":{"scalerank":0,"featurecla":"Land","min_zoom":2}},
{"type":"Feature","geometry":{"type":"Polygon","coordinates":[[[-15.8959,11.0825],[-15.9091,11.1613],[-15.9465,11.1797],[-15.964,11.059],[-15.8959,11.0825]]]},"properties":{"scalerank":0,"featurecla":"Land","min_zoom":4}},
{"type":"Feature","geometry":{"type":"Polygon","coordinates":[[[-16.3345,28.3799],[-16.1191,28.5283],[-16.319,28.5582],[-16.5174,28.4127],[-16.9053,28.3396],[-16.7947,28.1492],[-16.658,28.0072],[-16.5428,28.0321],[-16.4182,28.1514],[-16.3345,28.3799]]]},"properties":{"scalerank":0,"featurecla":"Land","min_zoom":2}},
{"type":"Feature","geometry":{"type":"Polygon","coordinates":[[[-13.716,28.9112],[-13.4779,29.0066],[-13.4538,29.1514],[-13.7882,29.0561],[-13.716,28.9112]]]},"properties":{"scalerank":0,"featurecla":"Land","min_zoom":2}},
{"type":"Feature","geometry":{"type":"Polygon","coordinates":[[[-14.1968,28.1693],[-13.928,28.2535],[-13.8276,28.5852],[-13.8572,28.738],[-14.0034,28.7067],[-14.232,28.2158],[-14.1968,28.1693]]]},"properties":{"scalerank":0,"featurecla":"Land","min_zoom":2}},
{"type":"Feature","geometry":{"type":"Polygon","coordinates":[[[-12.5261,7.4363],[-12.5125,7.5824],[-12.6152,7.6372],[-12.8544,7.622],[-12.9516,7.5709],[-12.5261,7.4363]]]},"properties":{"scalerank":0,"featurecla":"Land","min_zoom":2}},
{"type":"Feature","geometry":{"type":"Polygon","coordinates":[[[-15.4006,28.1474],[-15.6828,28.1541],[-15.8095,27.9945],[-15.8073,27.8875],[-15.7103,27.7841],[-15.5594,27.747],[-15.3892,27.8747],[-15.4006,28.1474]]]},"properties":{"scalerank":0,"featurecla":"Land","min_zoom":2}},
{"type":"Feature","geometry":{"type":"Polygon","coordinates":[[[-15.7251,11.2155],[-15.6672,11.2579],[-15.7175,11.3018],[-15.7547,11.2687],[-15.7251,11.2155]]]},"properties":{"scalerank":0,"featurecla":"Land","min_zoom":3}},
{"type":"Feature","geometry":{"type":"Polygon","coordinates":[[[-15.5534,11.537],[-15.4844,11.5675],[-15.5366,11.6176],[-15.5534,11.537]]]},"properties":{"scalerank":0,"featurecla":"Land","min_zoom":4}},
{"type":"Feature","geometry":{"type":"Polygon","coordinates":[[[-25.1698,16.9465],[-24.9797,17.0947],[-25.1135,17.1937],[-25.3371,17.091],[-25.3083,16.9358],[-25.1698,16.9465]]]},"properties":{"scalerank":0,"featurecla":"Land","min_zoom":2}},
{"type":"Feature","geometry":{"type":"Polygon","coordinates":[[[-24.8871,16.8181],[-24.9365,16.9221],[-25.0701,16.8707],[-25.02,16.7972],[-24.8871,16.8181]]]},"properties":{"scalerank":0,"featurecla":"Land","min_zoom":3}},
{"type":"Feature","geometry":{"type":"Polygon","coordinates":[[[-17.1847,28.022],[-17.1296,28.156],[-17.2586,28.2032],[-17.3249,28.1177],[-17.1847,28.022]]]},"properties":{"scalerank":0,"featurecla":"Land","min_zoom":3}},
{"type":"Feature","geometry":{"type":"Polygon","coordinates":[[[-15.9018,11.4658],[-15.9646,11.5983],[-16.0232,11.4771],[-15.9018,11.4658]]]},"properties":{"scalerank":0,"featurecla":"Land","min_zoom":3}},
{"type":"Feature","geometry":{"type":"Polygon","coordinates":[[[-15.9864,11.882],[-16.1524,11.8768],[-16.0383,11.7597],[-15.9864,11.882]]]},"properties":{"scalerank":0,"featurecla":"Land","min_zoom":3}},
{"type":"Feature","geometry":{"type":"Polygon","coordinates":[[[-17.8879,27.8096],[-18.1066,27.7075],[-17.9848,27.6464],[-17.8879,27.8096]]]},"properties":{"scalerank":0,"featurecla":"Land","min_zoom":3}},
{"type":"Feature","geometry":{"type":"Polygon","coordinates":[[[-22.9177,16.2373],[-22.9593,16.0451],[-22.8205,15.986],[-22.7101,16.0434],[-22.7494,16.2215],[-22.9177,16.2373]]]},"properties":{"scalerank":0,"featurecla":"Land","min_zoom":3}},
{"type":"Feature","geometry":{"type":"Polygon","coordinates":[[[-24.3083,14.8563],[-24.3295,15.0195],[-24.4969,14.9803],[-24.4922,14.8742],[-24.3083,14.8563]]]},"properties":{"scalerank":0,"featurecla":"Land","min_zoom":3}},
{"type":"Feature","geometry":{"type":"Polygon","coordinates":[[[-17.8343,28.4932],[-17.758,28.5691],[-17.7445,28.7866],[-17.9288,28.8446],[-18.0008,28.7583],[-17.8343,28.4932]]]},"properties":{"scalerank":0,"featurecla":"Land","min_zoom":2}},
{"type":"Feature","geometry":{"type":"Polygon","coordinates":[[[-24.0877,16.6225],[-24.3767,16.6778],[-24.3224,16.4931],[-24.2431,16.5994],[-24.0877,16.6225]]]},"properties":{"scalerank":0,"featurecla":"Land","min_zoom":3}},
{"type":"Feature","geometry":{"type":"Polygon","coordinates":[[[-22.8883,16.6591],[-22.9047,16.8438],[-22.9909,16.8088],[-22.9806,16.7009],[-22.8883,16.6591]]]},"properties":{"scalerank":0,"featurecla":"Land","min_zoom":3}},
{"type":"Feature","geometry":{"type":"Polygon","coordinates":[[[-23.1821,15.1368],[-23.1159,15.1667],[-23.1377,15.3177],[-23.2103,15.3235],[-23.2518,15.1781],[-23.1821,15.1368]]]},"properties":{"scalerank":0,"featurecla":"Land","min_zoom":3}},
{"type":"Feature","geometry":{"type":"Polygon","coordinates":[[[-23.4442,15.008],[-23.5353,15.1393],[-23.7006,15.2716],[-23.785,15.0769],[-23.7054,14.9613],[-23.5047,14.9161],[-23.4442,15.008]]]},"properties":{"scalerank":0,"featurecla":"Land","min_zoom":2}},
{"type":"Feature","geometry":{"type":"Polygon","coordinates":[[[44.4764,-12.0815],[44.4126,-12.093],[44.3774,-12.2522],[44.5268,-12.2195],[44.4764,-12.0815]]]},"properties":{"scalerank":0,"featurecla":"Land","min_zoom":3}},
{"type":"Feature","geometry":{"type":"Polygon","coordinates":[[[43.7887,-12.307],[43.7043,-12.256],[43.6637,-12.3429],[43.7887,-12.307]]]},"properties":{"scalerank":0,"featurecla":"Land","min_zoom":3}},
{"type":"Feature","geometry":{"type":"Polygon","coordinates":[[[45.1803,-12.9768],[45.2231,-12.7521],[45.1348,-12.7092],[45.0694,-12.8956],[45.1803,-12.9768]]]},"properties":{"scalerank":0,"featurecla":"Land","min_zoom":3}},
{"type":"Feature","geometry":{"type":"Polygon","coordinates":[[[43.4658,-11.9013],[43.4915,-11.8621],[43.3794,-11.6142],[43.393,-11.4086],[43.2561,-11.4321],[43.2267,-11.7519],[43.3033,-11.844],[43.4658,-11.9013]]]},"properties":{"scalerank":0,"featurecla":"Land","min_zoom":2}},
{"type":"Feature","geometry":{"type":"Polygon","coordinates":[[[39.7113,-7.9774],[39.8244,-7.9007],[39.8466,-7.7303],[39.6029,-7.9361],[39.7113,-7.9774]]]},"properties":{"scalerank":0,"featurecla":"Land","min_zoom":3}},
{"type":"Feature","geometry":{"type":"Polygon","coordinates":[[[40.9944,-2.1584],[41.1182,-2.1001],[41.086,-2.0365],[40.9765,-2.1098],[40.9944,-2.1584]]]},"properties":{"scalerank":0,"featurecla":"Land","min_zoom":3}},
{"type":"Feature","geometry":{"type":"Polygon","coordinates":[[[39.4965,-6.1746],[39.3683,-5.9512],[39.3572,-5.8115],[39.1924,-5.9311],[39.1823,-6.1726],[39.2435,-6.275],[39.573,-6.3874],[39.4965,-6.1746]]]},"properties":{"scalerank":0,"featurecla":"Land","min_zoom":2}},
{"type":"Feature","geometry":{"type":"Polygon","coordinates":[[[57.6513,-20.4849],[57.7807,-20.327],[57.792,-20.2126],[57.6565,-19.9899],[57.5758,-19.9972],[57.3857,-20.2286],[57.3833,-20.5037],[57.6513,-20.4849]]]},"properties":{"scalerank":0,"featurecla":"Land","min_zoom":2}},
{"type":"Feature","geometry":{"type":"Polygon","coordinates":[[[55.7974,-21.3394],[55.8391,-21.1386],[55.6619,-20.9062],[55.4505,-20.8651],[55.3113,-20.9041],[55.2328,-21.0584],[55.3627,-21.2736],[55.5576,-21.3583],[55.7974,-21.3394]]]},"properties":{"scalerank":0,"featurecla":"Land","min_zoom":2}},
{"type":"Feature","geometry":{"type":"Polygon","coordinates":[[[48.3422,-13.3639],[48.3089,-13.1982],[48.1912,-13.26],[48.2119,-13.3853],[48.3422,-13.3639]]]},"properties":{"scalerank":0,"featurecla":"Land","min_zoom":3}},
{"type":"Feature","geometry":{"type":"Polygon","coordinates":[[[49.9364,-16.9029],[49.9859,-16.7124],[49.8557,-16.9332],[49.9364,-16.9029]]]},"properties":{"scalerank":0,"featurecla":"Land","min_zoom":3}},
{"type":"Feature","geometry":{"type":"Polygon","coordinates":[[[-5.6921,-15.9978],[-5.7079,-15.9062],[-5.775,-15.9567],[-5.6921,-15.9978]]]},"properties":{"scalerank":0,"featurecla":"Land","min_zoom":3}},
{"type":"Feature","geometry":{"type":"Polygon","coordinates":[[[39.865,-4.9062],[39.6734,-4.9271],[39.7011,-5.1137],[39.6468,-5.3686],[39.7493,-5.4438],[39.853,-5.2555],[39.865,-4.9062]]]},"properties":{"scalerank":0,"featurecla":"Land","min_zoom":2}},
{"type":"Feature","geometry":{"type":"Polygon","coordinates":[[[55.5403,-4.6931],[55.4558,-4.5588],[55.3834,-4.6093],[55.5403,-4.6931]]]},"properties":{"scalerank":0,"featurecla":"Land","min_zoom":3}},
{"type":"Feature","geometry":{"type":"Polygon","coordinates":[[[8.7357,3.7583],[8.6759,3.7359],[8.5772,3.4824],[8.4646,3.4506],[8.4749,3.2646],[8.704,3.2236],[8.9461,3.6275],[8.9101,3.7582],[8.7357,3.7583]]]},"properties":{"scalerank":0,"featurecla":"Land","min_zoom":2}},
{"type":"Feature","geometry":{"type":"Polygon","coordinates":[[[6.66,0.1207],[6.75,0.2435],[6.6869,0.4044],[6.5243,0.3403],[6.4682,0.2273],[6.5197,0.0663],[6.66,0.1207]]]},"properties":{"scalerank":0,"featurecla":"Land","min_zoom":2}},
{"type":"Feature","geometry":{"type":"Polygon","coordinates":[[[7.4238,1.5677],[7.4523,1.6311],[7.4145,1.6991],[7.3307,1.6034],[7.4238,1.5677]]]},"properties":{"scalerank":0,"featurecla":"Land","min_zoom":3}},
{"type":"Feature","geometry":{"type":"Polygon","coordinates":[[[7.3008,4.4182],[7.2273,4.5273],[7.1404,4.3951],[7.3008,4.4182]]]},"properties":{"scalerank":0,"featurecla":"Land","min_zoom":3}},
{"type":"Feature","geometry":{"type":"Polygon","coordinates":[[[-44.1293,-23.1419],[-44.2429,-23.0741],[-44.3201,-23.2123],[-44.1293,-23.1419]]]},"properties":{"scalerank":0,"featurecla":"Land","min_zoom":3}},
{"type":"Feature","geometry":{"type":"Polygon","coordinates":[[[-48.5844,-26.4016],[-48.4976,-26.2187],[-48.6658,-26.2896],[-48.5844,-26.4016]]]},"properties":{"scalerank":0,"featurecla":"Land","min_zoom":3}},
{"type":"Feature","geometry":{"type":"Polygon","coordinates":[[[-48.4859,-27.767],[-48.4968,-27.707],[-48.3779,-27.4515],[-48.4647,-27.4363],[-48.5422,-27.5748],[-48.4859,-27.767]]]},"properties":{"scalerank":0,"featurecla":"Land","min_zoom":3}},
{"type":"Feature","geometry":{"type":"Polygon","coordinates":[[[-45.2603,-23.8892],[-45.3023,-23.7275],[-45.4514,-23.8956],[-45.2603,-23.8892]]]},"properties":{"scalerank":0,"featurecla":"Land","min_zoom":3}},
{"type":"Feature","geometry":{"type":"Polygon","coordinates":[[[11.278,34.7538],[11.2549,34.8203],[11.153,34.7446],[11.278,34.7538]]]},"properties":{"scalerank":0,"featurecla":"Land","min_zoom":4}},
{"type":"Feature","geometry":{"type":"Polygon","coordinates":[[[10.9576,33.7221],[10.922,33.8931],[10.7452,33.8887],[10.7221,33.7389],[10.9576,33.7221]]]},"properties":{"scalerank":0,"featurecla":"Land","min_zoom":3}},
{"type":"Feature","geometry":{"type":"Polygon","coordinates":[[[-4.4121,54.1854],[-4.338,54.2691],[-4.5086,54.3767],[-4.7456,54.1188],[-4.6143,54.0587],[-4.4121,54.1854]]]},"properties":{"scalerank":0,"featurecla":"Land","min_zoom":3}},
{"type":"Feature","geometry":{"type":"Polygon","coordinates":[[[-6.6076,56.585],[-6.5301,56.6266],[-6.5699,56.6612],[-6.6686,56.5936],[-6.6076,56.585]]]},"properties":{"scalerank":0,"featurecla":"Land","min_zoom":4}},
{"type":"Feature","geometry":{"type":"Polygon","coordinates":[[[-5.1054,55.4488],[-5.1604,55.6668],[-5.3927,55.6184],[-5.3315,55.4811],[-5.1054,55.4488]]]},"properties":{"scalerank":0,"featurecla":"Land","min_zoom":3}},
{"type":"Feature","geometry":{"type":"Polygon","coordinates":[[[-5.7779,56.3443],[-5.7608,56.4907],[-6.1027,56.6457],[-6.1762,56.2887],[-5.7779,56.3443]]]},"properties":{"scalerank":0,"featurecla":"Land","min_zoom":2}},
{"type":"Feature","geometry":{"type":"Polygon","coordinates":[[[-6.1289,55.9306],[-6.3113,55.8565],[-6.2532,55.6072],[-6.0553,55.6953],[-6.1289,55.9306]]]},"properties":{"scalerank":0,"featurecla":"Land","min_zoom":3}},
{"type":"Feature","geometry":{"type":"Polygon","coordinates":[[[-5.9701,55.8146],[-5.7972,56.0056],[-5.9391,56.0453],[-6.072,55.8931],[-5.9701,55.8146]]]},"properties":{"scalerank":0,"featurecla":"Land","min_zoom":3}},
{"type":"Feature","geometry":{"type":"Polygon","coordinates":[[[-1.0425,60.5139],[-1.049,60.6469],[-1.1655,60.6039],[-1.0425,60.5139]]]},"properties":{"scalerank":0,"featurecla":"Land","min_zoom":3}},
{"type":"Feature","geometry":{"type":"Polygon","coordinates":[[[-1.3081,60.5375],[-1.4496,60.4686],[-1.4944,60.2925],[-1.1792,60.1139],[-1.0657,60.3816],[-1.3081,60.5375]]]},"properties":{"scalerank":0,"featurecla":"Land","min_zoom":2}},
{"type":"Feature","geometry":{"type":"Polygon","coordinates":[[[-0.7743,60.812],[-0.9275,60.7972],[-0.8262,60.7162],[-0.7743,60.812]]]},"properties":{"scalerank":0,"featurecla":"Land","min_zoom":3}},
{"type":"Feature","geometry":{"type":"Polygon","coordinates":[[[-3.1649,58.7942],[-3.2719,58.9053],[-3.4008,58.8818],[-3.2788,58.7819],[-3.1649,58.7942]]]},"properties":{"scalerank":0,"featurecla":"Land","min_zoom":3}},
{"type":"Feature","geometry":{"type":"Polygon","coordinates":[[[-4.1968,53.3214],[-4.3151,53.4172],[-4.5679,53.3865],[-4.5532,53.2604],[-4.373,53.1342],[-4.0843,53.2643],[-4.1968,53.3214]]]},"properties":{"scalerank":0,"featurecla":"Land","min_zoom":2}},
{"type":"Feature","geometry":{"type":"Polygon","coordinates":[[[-2.5489,59.2313],[-2.4298,59.271],[-2.5356,59.3042],[-2.5489,59.2313]]]},"properties":{"scalerank":0,"featurecla":"Land","min_zoom":4}},
{"type":"Feature","geometry":{"type":"Polygon","coordinates":[[[-2.9294,58.7416],[-2.8964,58.8276],[-3.0354,58.8227],[-2.9294,58.7416]]]},"properties":{"scalerank":0,"featurecla":"Land","min_zoom":4}},
{"type":"Feature","geometry":{"type":"Polygon","coordinates":[[[-3.0574,59.0296],[-3.3104,59.1308],[-3.3471,58.9867],[-3.0574,59.0296]]]},"properties":{"scalerank":0,"featurecla":"Land","min_zoom":3}},
{"type":"Feature","geometry":{"type":"Polygon","coordinates":[[[-6.6232,61.806],[-6.6621,61.8618],[-6.8392,61.8408],[-6.6702,61.7687],[-6.6232,61.806]]]},"properties":{"scalerank":0,"featurecla":"Land","min_zoom":3}},
{"type":"Feature","geometry":{"type":"Polygon","coordinates":[[[-6.6995,61.4446],[-6.77,61.5844],[-6.8881,61.5348],[-6.6995,61.4446]]]},"properties":{"scalerank":0,"featurecla":"Land","min_zoom":3}},
{"type":"Feature","geometry":{"type":"Polygon","coordinates":[[[-7.1869,62.1393],[-7.4226,62.1403],[-7.2549,62.0461],[-7.1869,62.1393]]]},"properties":{"scalerank":0,"featurecla":"Land","min_zoom":3}},
{"type":"Feature","geometry":{"type":"Polygon","coordinates":[[[-6.6311,62.2279],[-6.9586,62.3163],[-7.1722,62.2856],[-7.0136,62.094],[-6.6558,62.0936],[-6.6311,62.2279]]]},"properties":{"scalerank":0,"featurecla":"Land","min_zoom":2}},
{"type":"Feature","geometry":{"type":"Polygon","coordinates":[[[-2.7294,59.1868],[-2.8616,59.2883],[-2.9755,59.3471],[-3.0135,59.2915],[-2.8614,59.2468],[-2.8519,59.1825],[-2.7294,59.1868]]]},"properties":{"scalerank":0,"featurecla":"Land","min_zoom":3}},
{"type":"Feature","geometry":{"type":"Polygon","coordinates":[[[-6.4061,62.2586],[-6.5546,62.3557],[-6.5595,62.2245],[-6.4061,62.2586]]]},"properties":{"scalerank":0,"featurecla":"Land","min_zoom":4}},
{"type":"Feature","geometry":{"type":"Polygon","coordinates":[[[-6.1987,58.3633],[-6.2375,58.5028],[-7.0853,58.1822],[-7.0571,58.0032],[-6.8642,57.9329],[-7.0834,57.8138],[-6.9569,57.75],[-6.4252,58.0213],[-6.4365,58.0919],[-6.1987,58.3633]]]},"properties":{"scalerank":0,"featurecla":"Land","min_zoom":2}},
{"type":"Feature","geometry":{"type":"Polygon","coordinates":[[[-6.2791,56.9647],[-6.3224,57.0505],[-6.4326,57.0179],[-6.2791,56.9647]]]},"properties":{"scalerank":0,"featurecla":"Land","min_zoom":4}},
{"type":"Feature","geometry":{"type":"Polygon","coordinates":[[[-6.1447,57.505],[-6.2469,57.6512],[-6.6168,57.5627],[-6.7611,57.4424],[-6.4424,57.3275],[-6.3227,57.2025],[-6.0344,57.2012],[-5.9491,57.0452],[-5.6687,57.2269],[-6.1355,57.3143],[-6.1447,57.505]]]},"properties":{"scalerank":0,"featurecla":"Land","min_zoom":2}},
{"type":"Feature","geometry":{"type":"Polygon","coordinates":[[[-7.2056,57.683],[-7.4994,57.6363],[-7.3206,57.5337],[-7.2056,57.683]]]},"properties":{"scalerank":0,"featurecla":"Land","min_zoom":3}},
{"type":"Feature","geometry":{"type":"Polygon","coordinates":[[[-7.2499,57.1153],[-7.2671,57.3718],[-7.4105,57.3811],[-7.3815,57.1307],[-7.2499,57.1153]]]},"properties":{"scalerank":0,"featurecla":"Land","min_zoom":3}},
{"type":"Feature","geometry":{"type":"Polygon","coordinates":[[[-9.9481,53.9134],[-9.9562,53.9874],[-10.1812,54.017],[-9.9481,53.9134]]]},"properties":{"scalerank":0,"featurecla":"Land","min_zoom":3}},
{"type":"Feature","geometry":{"type":"Polygon","coordinates":[[[-7.4169,56.9654],[-7.4555,57.0189],[-7.5229,57.0068],[-7.5048,56.9517],[-7.4169,56.9654]]]},"properties":{"scalerank":0,"featurecla":"Land","min_zoom":4}},
{"type":"Feature","geometry":{"type":"Polygon","coordinates":[[[21.9942,60.3367],[21.9078,60.3932],[21.8187,60.3818],[21.9215,60.3323],[21.9942,60.3367]]]},"properties":{"scalerank":0,"featurecla":"Land","min_zoom":4}},
{"type":"Feature","geometry":{"type":"Polygon","coordinates":[[[19.6623,60.1872],[19.5514,60.2438],[19.5365,60.145],[19.6623,60.1872]]]},"properties":{"scalerank":0,"featurecla":"Land","min_zoom":4}},
{"type":"Feature","geometry":{"type":"Polygon","coordinates":[[[19.9896,60.3512],[19.6869,60.2676],[19.746,60.099],[20.2589,60.2613],[19.9896,60.3512]]]},"properties":{"scalerank":0,"featurecla":"Land","min_zoom":2}},
{"type":"Feature","geometry":{"type":"Polygon","coordinates":[[[21.2178,63.2413],[21.1493,63.1995],[21.2534,63.152],[21.2871,63.2278],[21.2178,63.2413]]]},"properties":{"scalerank":0,"featurecla":"Land","min_zoom":3}},
{"type":"Feature","geometry":{"type":"Polygon","coordinates":[[[19.1563,57.9226],[19.0393,57.911],[19.1384,57.8603],[19.1563,57.9226]]]},"properties":{"scalerank":0,"featurecla":"Land","min_zoom":4}},
{"type":"Feature","geometry":{"type":"Polygon","coordinates":[[[16.5285,56.2905],[16.778,56.8052],[16.6304,56.8769],[16.4123,56.569],[16.4013,56.3109],[16.5285,56.2905]]]},"properties":{"scalerank":0,"featurecla":"Land","min_zoom":2}},
{"type":"Feature","geometry":{"type":"Polygon","coordinates":[[[15.0877,55.0219],[15.1326,55.1445],[14.7653,55.2967],[14.6842,55.1022],[15.0877,55.0219]]]},"properties":{"scalerank":0,"featurecla":"Land","min_zoom":3}},
{"type":"Feature","geometry":{"type":"Polygon","coordinates":[[[13.7092,54.3827],[13.6707,54.5354],[13.4228,54.6993],[13.1767,54.5442],[13.19,54.3256],[13.3644,54.2459],[13.482,54.3374],[13.7092,54.3827]]]},"properties":{"scalerank":0,"featurecla":"Land","min_zoom":2}},
{"type":"Feature","geometry":{"type":"Polygon","coordinates":[[[12.5492,54.9658],[12.3101,55.0409],[12.1617,54.9748],[12.5492,54.9658]]]},"properties":{"scalerank":0,"featurecla":"Land","min_zoom":1}},
{"type":"Feature","geometry":{"type":"Polygon","coordinates":[[[12.6657,55.5965],[12.5992,55.6802],[12.5203,55.6146],[12.6657,55.5965]]]},"properties":{"scalerank":0,"featurecla":"Land","min_zoom":1}},
{"type":"Feature","geometry":{"type":"Polygon","coordinates":[[[11.3614,54.8917],[11.0586,54.9406],[11.0355,54.7731],[11.4574,54.6289],[11.7659,54.6794],[11.7396,54.8074],[11.3614,54.8917]]]},"properties":{"scalerank":0,"featurecla":"Land","min_zoom":2}},
{"type":"Feature","geometry":{"type":"Polygon","coordinates":[[[10.4844,54.8476],[10.4137,54.8968],[10.2655,54.9488],[10.3405,54.8589],[10.4844,54.8476]]]},"properties":{"scalerank":0,"featurecla":"Land","min_zoom":4}},
{"type":"Feature","geometry":{"type":"Polygon","coordinates":[[[10.0612,54.8864],[9.9988,54.9865],[9.7712,55.0599],[9.8063,54.906],[10.0612,54.8864]]]},"properties":{"scalerank":0,"featurecla":"Land","min_zoom":3}},
{"type":"Feature","geometry":{"type":"Polygon","coordinates":[[[10.7341,54.7507],[10.8567,55.0522],[10.6217,54.8514],[10.7341,54.7507]]]},"properties":{"scalerank":0,"featurecla":"Land","min_zoom":3}},
{"type":"Feature","geometry":{"type":"Polygon","coordinates":[[[10.6073,55.7831],[10.6617,55.8776],[10.5472,55.9919],[10.527,55.7838],[10.6073,55.7831]]]},"properties":{"scalerank":0,"featurecla":"Land","min_zoom":3}},
{"type":"Feature","geometry":{"type":"Polygon","coordinates":[[[11.2828,54.418],[11.2336,54.5013],[11.085,54.5334],[11.0117,54.4662],[11.1293,54.416],[11.2828,54.418]]]},"properties":{"scalerank":0,"featurecla":"Land","min_zoom":3}},
{"type":"Feature","geometry":{"type":"Polygon","coordinates":[[[11.0521,57.2525],[11.0857,57.3299],[10.9346,57.3086],[11.0521,57.2525]]]},"properties":{"scalerank":0,"featurecla":"Land","min_zoom":3}},
{"type":"Feature","geometry":{"type":"Polygon","coordinates":[[[8.3077,54.787],[8.3474,54.8476],[8.6006,54.8654],[8.6296,54.8917],[8.2957,54.9083],[8.3077,54.787]]]},"properties":{"scalerank":0,"featurecla":"Land","min_zoom":3}},
{"type":"Feature","geometry":{"type":"Polygon","coordinates":[[[-1.1783,45.9041],[-1.2851,46.0027],[-1.3687,45.9677],[-1.2136,45.8166],[-1.1783,45.9041]]]},"properties":{"scalerank":0,"featurecla":"Land","min_zoom":3}},
{"type":"Feature","geometry":{"type":"Polygon","coordinates":[[[-1.0656,50.6902],[-1.3128,50.7735],[-1.5153,50.6698],[-1.3063,50.5885],[-1.0656,50.6902]]]},"properties":{"scalerank":0,"featurecla":"Land","min_zoom":3}},
{"type":"Feature","geometry":{"type":"Polygon","coordinates":[[[4.8861,53.0707],[4.8864,53.1833],[4.7398,53.0913],[4.8861,53.0707]]]},"properties":{"scalerank":0,"featurecla":"Land","min_zoom":3}},
{"type":"Feature","geometry":{"type":"Polygon","coordinates":[[[10.3951,42.8582],[10.359,42.8223],[10.1275,42.8103],[10.209,42.7369],[10.41,42.771],[10.3951,42.8582]]]},"properties":{"scalerank":0,"featurecla":"Land","min_zoom":3}},
{"type":"Feature","geometry":{"type":"Polygon","coordinates":[[[8.4789,39.0675],[8.3609,39.0387],[8.4215,38.9687],[8.4789,39.0675]]]},"properties":{"scalerank":0,"featurecla":"Land","min_zoom":4}},
{"type":"Feature","geometry":{"type":"Polygon","coordinates":[[[8.286,41.0398],[8.3438,41.1016],[8.2674,41.0991],[8.2057,40.9975],[8.2527,40.9941],[8.286,41.0398]]]},"properties":{"scalerank":0,"featurecla":"Land","min_zoom":4}},
{"type":"Feature","geometry":{"type":"Polygon","coordinates":[[[4.2937,39.8418],[4.2258,40.0324],[3.8534,40.063],[3.8427,39.9764],[4.2937,39.8418]]]},"properties":{"scalerank":0,"featurecla":"Land","min_zoom":2}},
{"type":"Feature","geometry":{"type":"Polygon","coordinates":[[[1.5939,38.6721],[1.4969,38.7119],[1.4363,38.7682],[1.4058,38.671],[1.5939,38.6721]]]},"properties":{"scalerank":0,"featurecla":"Land","min_zoom":3}},
{"type":"Feature","geometry":{"type":"Polygon","coordinates":[[[1.4452,38.9187],[1.6236,39.0388],[1.5645,39.121],[1.3486,39.0808],[1.2569,38.879],[1.4452,38.9187]]]},"properties":{"scalerank":0,"featurecla":"Land","min_zoom":3}},
{"type":"Feature","geometry":{"type":"Polygon","coordinates":[[[-31.1371,39.4069],[-31.1386,39.4794],[-31.2608,39.4968],[-31.283,39.3941],[-31.1371,39.4069]]]},"properties":{"scalerank":0,"featurecla":"Land","min_zoom":3}},
{"type":"Feature","geometry":{"type":"Polygon","coordinates":[[[-27.0752,38.6435],[-27.0419,38.7412],[-27.2597,38.8027],[-27.3028,38.661],[-27.0752,38.6435]]]},"properties":{"scalerank":0,"featurecla":"Land","min_zoom":3}},
{"type":"Feature","geometry":{"type":"Polygon","coordinates":[[[-27.7785,38.5556],[-27.9626,38.6363],[-28.3106,38.7439],[-28.1873,38.6554],[-27.8259,38.5436],[-27.7785,38.5556]]]},"properties":{"scalerank":0,"featurecla":"Land","min_zoom":3}},
{"type":"Feature","geometry":{"type":"Polygon","coordinates":[[[-28.6413,38.525],[-28.6978,38.6385],[-28.842,38.5984],[-28.7438,38.5224],[-28.6413,38.525]]]},"properties":{"scalerank":0,"featurecla":"Land","min_zoom":3}},
{"type":"Feature","geometry":{"type":"Polygon","coordinates":[[[-28.1473,38.4527],[-28.4021,38.5534],[-28.4545,38.4086],[-28.2312,38.3847],[-28.1473,38.4527]]]},"properties":{"scalerank":0,"featurecla":"Land","min_zoom":3}},
{"type":"Feature","geometry":{"type":"Polygon","coordinates":[[[-25.649,37.8409],[-25.7345,37.7629],[-25.439,37.7153],[-25.2511,37.735],[-25.2666,37.8486],[-25.649,37.8409]]]},"properties":{"scalerank":0,"featurecla":"Land","min_zoom":2}},
{"type":"Feature","geometry":{"type":"Polygon","coordinates":[[[14.5662,35.8527],[14.4483,35.9574],[14.3523,35.8723],[14.4364,35.8217],[14.5662,35.8527]]]},"properties":{"scalerank":0,"featurecla":"Land","min_zoom":3}},
{"type":"Feature","geometry":{"type":"Polygon","coordinates":[[[15.2311,44.0623],[15.0658,44.1577],[15.1219,44.0933],[15.2311,44.0623]]]},"properties":{"scalerank":0,"featurecla":"Land","min_zoom":4}},
{"type":"Feature","geometry":{"type":"Polygon","coordinates":[[[14.8103,44.9771],[14.5711,45.2248],[14.4379,45.0986],[14.687,44.9556],[14.8103,44.9771]]]},"properties":{"scalerank":0,"featurecla":"Land","min_zoom":3}},
{"type":"Feature","geometry":{"type":"Polygon","coordinates":[[[14.8314,44.7589],[14.7542,44.8448],[14.6782,44.7699],[14.8314,44.7589]]]},"properties":{"scalerank":0,"featurecla":"Land","min_zoom":3}},
{"type":"Feature","geometry":{"type":"Polygon","coordinates":[[[15.1885,44.3357],[15.113,44.4357],[14.898,44.6108],[14.9128,44.4858],[15.1885,44.3357]]]},"properties":{"scalerank":0,"featurecla":"Land","min_zoom":3}},
{"type":"Feature","geometry":{"type":"Polygon","coordinates":[[[15.1888,43.9224],[14.9525,44.1172],[14.8913,44.1255],[15.1358,43.9073],[15.1888,43.9224]]]},"properties":{"scalerank":0,"featurecla":"Land","min_zoom":3}},
{"type":"Feature","geometry":{"type":"Polygon","coordinates":[[[15.3714,43.9738],[15.3086,43.9608],[15.3742,43.9148],[15.3714,43.9738]]]},"properties":{"scalerank":0,"featurecla":"Land","min_zoom":4}},
{"type":"Feature","geometry":{"type":"Polygon","coordinates":[[[14.4881,44.6601],[14.4674,44.9702],[14.3025,44.9404],[14.4195,44.6703],[14.4881,44.6601]]]},"properties":{"scalerank":0,"featurecla":"Land","min_zoom":3}},
{"type":"Feature","geometry":{"type":"Polygon","coordinates":[[[17.6078,42.769],[17.4319,42.8004],[17.3441,42.7904],[17.7442,42.7003],[17.6078,42.769]]]},"properties":{"scalerank":0,"featurecla":"Land","min_zoom":4}},
{"type":"Feature","geometry":{"type":"Polygon","coordinates":[[[20.6123,38.3834],[20.4087,38.3368],[20.5235,38.1066],[20.7613,38.0706],[20.7889,38.1421],[20.6247,38.2679],[20.6123,38.3834]]]},"properties":{"scalerank":0,"featurecla":"Land","min_zoom":2}},
{"type":"Feature","geometry":{"type":"Polygon","coordinates":[[[20.8885,37.8054],[20.7587,37.853],[20.7038,37.7435],[20.8186,37.6647],[20.8885,37.8054]]]},"properties":{"scalerank":0,"featurecla":"Land","min_zoom":3}},
{"type":"Feature","geometry":{"type":"Polygon","coordinates":[[[20.6867,38.6087],[20.7196,38.7992],[20.6347,38.8176],[20.5579,38.6619],[20.6867,38.6087]]]},"properties":{"scalerank":0,"featurecla":"Land","min_zoom":3}},
{"type":"Feature","geometry":{"type":"Polygon","coordinates":[[[20.7587,38.3294],[20.7116,38.3986],[20.6464,38.4143],[20.7093,38.3186],[20.7587,38.3294]]]},"properties":{"scalerank":0,"featurecla":"Land","min_zoom":4}},
{"type":"Feature","geometry":{"type":"Polygon","coordinates":[[[20.0779,39.4327],[19.9553,39.4704],[19.9041,39.6195],[19.9368,39.7467],[19.8386,39.8201],[19.6489,39.7262],[19.884,39.4615],[20.0779,39.4327]]]},"properties":{"scalerank":0,"featurecla":"Land","min_zoom":3}},
{"type":"Feature","geometry":{"type":"Polygon","coordinates":[[[23.551,37.9259],[23.4622,37.9804],[23.4353,37.9115],[23.551,37.9259]]]},"properties":{"scalerank":0,"featurecla":"Land","min_zoom":4}},
{"type":"Feature","geometry":{"type":"Polygon","coordinates":[[[23.0538,36.1898],[23.0971,36.2466],[22.9057,36.3203],[22.9395,36.1762],[23.0538,36.1898]]]},"properties":{"scalerank":0,"featurecla":"Land","min_zoom":3}},
{"type":"Feature","geometry":{"type":"Polygon","coordinates":[[[3.9491,51.7395],[3.819,51.694],[3.951,51.6271],[4.0751,51.6488],[3.9491,51.7395]]]},"properties":{"scalerank":0,"featurecla":"Land","min_zoom":3}},
{"type":"Feature","geometry":{"type":"Polygon","coordinates":[[[-51.0137,69.5525],[-50.9402,69.9087],[-51.3503,69.8548],[-51.234,69.5519],[-51.0137,69.5525]]]},"properties":{"scalerank":0,"featurecla":"Land","min_zoom":2}},
{"type":"Feature","geometry":{"type":"Polygon","coordinates":[[[-37.0312,65.532],[-36.9531,65.6633],[-37.2229,65.6955],[-37.1868,65.5313],[-37.0312,65.532]]]},"properties":{"scalerank":0,"featurecla":"Land","min_zoom":3}},
{"type":"Feature","geometry":{"type":"Polygon","coordinates":[[[-53.5352,71.0408],[-53.4414,71.1858],[-53.701,71.283],[-53.9475,71.1555],[-53.5352,71.0408]]]},"properties":{"scalerank":0,"featurecla":"Land","min_zoom":3}},
{"type":"Feature","geometry":{"type":"Polygon","coordinates":[[[-55.0169,72.7911],[-55.9936,72.7823],[-56.2148,72.7192],[-55.5236,72.5684],[-55.0169,72.7911]]]},"properties":{"scalerank":0,"featurecla":"Land","min_zoom":3}},
{"type":"Feature","geometry":{"type":"Polygon","coordinates":[[[-51.6751,70.8552],[-51.9698,70.9765],[-52.1194,70.8707],[-51.6751,70.8552]]]},"properties":{"scalerank":0,"featurecla":"Land","min_zoom":3}},
{"type":"Feature","geometry":{"type":"Polygon","coordinates":[[[-46.2667,60.7814],[-46.2052,60.9435],[-46.79,60.7798],[-46.3815,60.6603],[-46.2667,60.7814]]]},"properties":{"scalerank":0,"featurecla":"Land","min_zoom":3}},
{"type":"Feature","geometry":{"type":"Polygon","coordinates":[[[-126.0921,49.354],[-126.2085,49.3798],[-126.2296,49.2957],[-126.064,49.2636],[-126.0921,49.354]]]},"properties":{"scalerank":0,"featurecla":"Land","min_zoom":1}},
{"type":"Feature","geometry":{"type":"Polygon","coordinates":[[[-122.3941,47.3953],[-122.4865,47.4888],[-122.5099,47.358],[-122.3941,47.3953]]]},"properties":{"scalerank":0,"featurecla":"Land","min_zoom":4}},
{"type":"Feature","geometry":{"type":"Polygon","coordinates":[[[-122.4973,47.5946],[-122.5079,47.6827],[-122.5737,47.6668],[-122.4973,47.5946]]]},"properties":{"scalerank":0,"featurecla":"Land","min_zoom":4}},
{"type":"Feature","geometry":{"type":"Polygon","coordinates":[[[-122.7821,48.6727],[-122.8977,48.7104],[-122.9856,48.6267],[-122.8925,48.5945],[-122.7821,48.6727]]]},"properties":{"scalerank":0,"featurecla":"Land","min_zoom":3}},
{"type":"Feature","geometry":{"type":"Polygon","coordinates":[[[-122.8209,48.4313],[-122.8146,48.4523],[-122.9122,48.538],[-122.9323,48.4848],[-122.89,48.4347],[-122.8209,48.4313]]]},"properties":{"scalerank":0,"featurecla":"Land","min_zoom":4}},
{"type":"Feature","geometry":{"type":"Polygon","coordinates":[[[-123.0131,48.5009],[-123.1142,48.6133],[-123.1696,48.5867],[-123.1399,48.508],[-123.0131,48.5009]]]},"properties":{"scalerank":0,"featurecla":"Land","min_zoom":3}},
{"type":"Feature","geometry":{"type":"Polygon","coordinates":[[[-122.5728,48.1566],[-122.5575,47.9925],[-122.3667,47.9854],[-122.5728,48.1566]]]},"properties":{"scalerank":0,"featurecla":"Land","min_zoom":3}},
{"type":"Feature","geometry":{"type":"Polygon","coordinates":[[[-124.1537,49.5312],[-124.4215,49.7278],[-124.631,49.7357],[-124.3623,49.5882],[-124.1537,49.5312]]]},"properties":{"scalerank":0,"featurecla":"Land","min_zoom":3}},
{"type":"Feature","geometry":{"type":"Polygon","coordinates":[[[-123.3724,48.8861],[-123.3779,48.9083],[-123.4823,48.9547],[-123.541,48.9459],[-123.3848,48.8752],[-123.3724,48.8861]]]},"properties":{"scalerank":0,"featurecla":"Land","min_zoom":4}},
{"type":"Feature","geometry":{"type":"Polygon","coordinates":[[[-123.4354,48.7544],[-123.4679,48.8674],[-123.5823,48.9258],[-123.5175,48.7501],[-123.4354,48.7544]]]},"properties":{"scalerank":0,"featurecla":"Land","min_zoom":3}},
{"type":"Feature","geometry":{"type":"Polygon","coordinates":[[[-124.9777,50.0296],[-124.9084,50.0713],[-124.9378,50.1659],[-125.026,50.1341],[-124.9777,50.0296]]]},"properties":{"scalerank":0,"featurecla":"Land","min_zoom":3}},
{"type":"Feature","geometry":{"type":"Polygon","coordinates":[[[-126.6412,49.6058],[-126.7381,49.8437],[-126.9258,49.8377],[-126.9386,49.7185],[-126.6412,49.6058]]]},"properties":{"scalerank":0,"featurecla":"Land","min_zoom":1}},
{"type":"Feature","geometry":{"type":"Polygon","coordinates":[[[-125.1841,50.0971],[-125.074,50.2207],[-125.196,50.3897],[-125.3584,50.3115],[-125.1841,50.0971]]]},"properties":{"scalerank":0,"featurecla":"Land","min_zoom":3}},
{"type":"Feature","geometry":{"type":"Polygon","coordinates":[[[-118.3504,32.8276],[-118.5075,32.9599],[-118.4732,32.8389],[-118.3504,32.8276]]]},"properties":{"scalerank":0,"featurecla":"Land","min_zoom":3}},
{"type":"Feature","geometry":{"type":"Polygon","coordinates":[[[-118.2428,28.9419],[-118.3121,29.1305],[-118.4001,29.1123],[-118.2428,28.9419]]]},"properties":{"scalerank":0,"featurecla":"Land","min_zoom":3}},
{"type":"Feature","geometry":{"type":"Polygon","coordinates":[[[-120.0436,33.9188],[-120.0718,34.0265],[-120.2519,34.0139],[-120.1671,33.9181],[-120.0436,33.9188]]]},"properties":{"scalerank":0,"featurecla":"Land","min_zoom":3}},
{"type":"Feature","geometry":{"type":"Polygon","coordinates":[[[-119.8824,34.0797],[-119.8096,33.9678],[-119.5622,34.0066],[-119.8824,34.0797]]]},"properties":{"scalerank":0,"featurecla":"Land","min_zoom":3}},
{"type":"Feature","geometry":{"type":"Polygon","coordinates":[[[-118.3479,33.3857],[-118.492,33.4128],[-118.4463,33.3171],[-118.3479,33.3857]]]},"properties":{"scalerank":0,"featurecla":"Land","min_zoom":3}},
{"type":"Feature","geometry":{"type":"Polygon","coordinates":[[[-71.3653,41.4853],[-71.3545,41.5423],[-71.4034,41.515],[-71.3653,41.4853]]]},"properties":{"scalerank":0,"featurecla":"Land","min_zoom":4}},
{"type":"Feature","geometry":{"type":"Polygon","coordinates":[[[-74.1332,39.6808],[-74.2532,39.5585],[-74.2505,39.5294],[-74.1332,39.6808]]]},"properties":{"scalerank":0,"featurecla":"Land","min_zoom":4}},
{"type":"Feature","geometry":{"type":"Polygon","coordinates":[[[-74.1881,40.5229],[-74.0797,40.5865],[-74.1882,40.6146],[-74.1881,40.5229]]]},"properties":{"scalerank":0,"featurecla":"Land","min_zoom":3}},
{"type":"Feature","geometry":{"type":"Polygon","coordinates":[[[-64.7303,32.2935],[-64.6946,32.3869],[-64.8201,32.2596],[-64.7303,32.2935]]]},"properties":{"scalerank":0,"featurecla":"Land","min_zoom":3}},
{"type":"Feature","geometry":{"type":"Polygon","coordinates":[[[-70.5099,41.3763],[-70.6737,41.4485],[-70.7853,41.3274],[-70.5099,41.3763]]]},"properties":{"scalerank":0,"featurecla":"Land","min_zoom":3}},
{"type":"Feature","geometry":{"type":"Polygon","coordinates":[[[-71.2414,41.4919],[-71.232,41.6543],[-71.2802,41.62],[-71.3182,41.5063],[-71.2414,41.4919]]]},"properties":{"scalerank":0,"featurecla":"Land","min_zoom":3}},
{"type":"Feature","geometry":{"type":"Polygon","coordinates":[[[-69.9779,41.2656],[-70.0627,41.3285],[-70.2331,41.2863],[-70.0551,41.2495],[-69.9779,41.2656]]]},"properties":{"scalerank":0,"featurecla":"Land","min_zoom":3}},
{"type":"Feature","geometry":{"type":"Polygon","coordinates":[[[-75.7819,35.1902],[-75.8649,35.1741],[-75.9637,35.1188],[-75.7819,35.1902]]]},"properties":{"scalerank":0,"featurecla":"Land","min_zoom":4}},
{"type":"Feature","geometry":{"type":"Polygon","coordinates":[[[-75.6357,35.8559],[-75.6489,35.9104],[-75.7172,35.9461],[-75.6508,35.8356],[-75.6357,35.8559]]]},"properties":{"scalerank":0,"featurecla":"Land","min_zoom":4}},
{"type":"Feature","geometry":{"type":"Polygon","coordinates":[[[-75.3331,37.8883],[-75.2032,38.0724],[-75.226,38.0723],[-75.3785,37.8721],[-75.3331,37.8883]]]},"properties":{"scalerank":0,"featurecla":"Land","min_zoom":3}},
{"type":"Feature","geometry":{"type":"Polygon","coordinates":[[[-75.5441,35.2401],[-75.5093,35.2803],[-75.4647,35.4486],[-75.4879,35.4795],[-75.5441,35.2401]]]},"properties":{"scalerank":0,"featurecla":"Land","min_zoom":3}},
{"type":"Feature","geometry":{"type":"Polygon","coordinates":[[[-76.5037,34.643],[-76.2562,34.9147],[-76.437,34.7563],[-76.5037,34.643]]]},"properties":{"scalerank":0,"featurecla":"Land","min_zoom":4}},
{"type":"Feature","geometry":{"type":"Polygon","coordinates":[[[-96.7644,28.1526],[-96.5439,28.2756],[-96.7556,28.2024],[-96.7644,28.1526]]]},"properties":{"scalerank":0,"featurecla":"Land","min_zoom":3}},
{"type":"Feature","geometry":{"type":"Polygon","coordinates":[[[-97.3536,27.3],[-97.2509,27.5412],[-97.295,27.5231],[-97.3762,27.3283],[-97.3536,27.3]]]},"properties":{"scalerank":0,"featurecla":"Land","min_zoom":3}},
{"type":"Feature","geometry":{"type":"Polygon","coordinates":[[[-95.0397,29.1459],[-94.8649,29.2529],[-94.8717,29.2901],[-95.0397,29.1459]]]},"properties":{"scalerank":0,"featurecla":"Land","min_zoom":3}},
{"type":"Feature","geometry":{"type":"Polygon","coordinates":[[[-97.1707,26.1594],[-97.3512,26.8015],[-97.4021,26.8205],[-97.2673,26.3298],[-97.1707,26.1594]]]},"properties":{"scalerank":0,"featurecla":"Land","min_zoom":3}},
{"type":"Feature","geometry":{"type":"Polygon","coordinates":[[[-84.9079,29.6426],[-84.7372,29.7324],[-84.8122,29.7176],[-84.877,29.6787],[-84.9079,29.6426]]]},"properties":{"scalerank":0,"featurecla":"Land","min_zoom":4}},
{"type":"Feature","geometry":{"type":"Polygon","coordinates":[[[-81.419,30.9714],[-81.4846,30.8979],[-81.4635,30.7278],[-81.419,30.9714]]]},"properties":{"scalerank":0,"featurecla":"Land","min_zoom":4}},
{"type":"Feature","geometry":{"type":"Polygon","coordinates":[[[-89.224,30.0841],[-89.2765,30.1108],[-89.342,30.0628],[-89.2694,30.0607],[-89.224,30.0841]]]},"properties":{"scalerank":0,"featurecla":"Land","min_zoom":4}},
{"type":"Feature","geometry":{"type":"Polygon","coordinates":[[[-91.7937,29.5007],[-91.8752,29.641],[-91.9962,29.5731],[-91.7937,29.5007]]]},"properties":{"scalerank":0,"featurecla":"Land","min_zoom":3}},
{"type":"Feature","geometry":{"type":"Polygon","coordinates":[[[-88.8274,29.8077],[-88.8126,29.9334],[-88.828,29.9284],[-88.8557,29.7759],[-88.8274,29.8077]]]},"properties":{"scalerank":0,"featurecla":"Land","min_zoom":4}},
{"type":"Feature","geometry":{"type":"Polygon","coordinates":[[[-77.6577,24.2495],[-77.7015,24.2875],[-77.9999,24.2198],[-77.8522,24.0404],[-77.7713,23.7525],[-77.5737,23.7392],[-77.5187,23.8694],[-77.5615,24.1368],[-77.6577,24.2495]]]},"properties":{"scalerank":0,"featurecla":"Land","min_zoom":1}},
{"type":"Feature","geometry":{"type":"Polygon","coordinates":[[[-77.669,21.952],[-77.6337,22.054],[-77.7744,22.083],[-77.9,22.0372],[-77.669,21.952]]]},"properties":{"scalerank":0,"featurecla":"Land","min_zoom":3}},
{"type":"Feature","geometry":{"type":"Polygon","coordinates":[[[-78.0271,22.2852],[-78.1506,22.4315],[-78.18,22.322],[-78.0271,22.2852]]]},"properties":{"scalerank":0,"featurecla":"Land","min_zoom":3}},
{"type":"Feature","geometry":{"type":"Polygon","coordinates":[[[-78.6301,22.5522],[-78.5477,22.464],[-78.3899,22.4451],[-78.3512,22.5386],[-78.6301,22.5522]]]},"properties":{"scalerank":0,"featurecla":"Land","min_zoom":3}},
{"type":"Feature","geometry":{"type":"Polygon","coordinates":[[[-77.2256,25.9042],[-77.1673,26.2403],[-77.0383,26.3334],[-77.0664,26.5302],[-77.2061,26.489],[-77.2468,26.1563],[-77.3333,25.9956],[-77.2256,25.9042]]]},"properties":{"scalerank":0,"featurecla":"Land","min_zoom":1.5}},
{"type":"Feature","geometry":{"type":"Polygon","coordinates":[[[-74.0575,22.7235],[-74.2215,22.8116],[-74.2746,22.7117],[-74.0986,22.6654],[-74.0575,22.7235]]]},"properties":{"scalerank":0,"featurecla":"Land","min_zoom":3}},
{"type":"Feature","geometry":{"type":"Polygon","coordinates":[[[-74.4294,24.0681],[-74.5269,24.1051],[-74.5509,23.9689],[-74.5087,23.9597],[-74.4294,24.0681]]]},"properties":{"scalerank":0,"featurecla":"Land","min_zoom":3}},
{"type":"Feature","geometry":{"type":"Polygon","coordinates":[[[-73.0269,21.1924],[-73.2354,21.1545],[-73.5231,21.1908],[-73.6804,21.1033],[-73.661,20.9374],[-73.1646,20.9792],[-73.0269,21.1924]]]},"properties":{"scalerank":0,"featurecla":"Land","min_zoom":2}},
{"type":"Feature","geometry":{"type":"Polygon","coordinates":[[[-74.2067,22.2138],[-73.9746,22.3612],[-73.8365,22.5384],[-73.8775,22.6808],[-73.9764,22.6351],[-73.9146,22.568],[-73.936,22.4777],[-74.1268,22.3234],[-74.2067,22.2138]]]},"properties":{"scalerank":0,"featurecla":"Land","min_zoom":3}},
{"type":"Feature","geometry":{"type":"Polygon","coordinates":[[[-76.6488,25.4874],[-76.4999,25.3416],[-76.3693,25.3126],[-76.1604,25.1193],[-76.2043,24.9362],[-76.1405,24.8856],[-76.1266,25.1405],[-76.3438,25.332],[-76.4842,25.3746],[-76.6488,25.4874]]]},"properties":{"scalerank":0,"featurecla":"Land","min_zoom":2}},
{"type":"Feature","geometry":{"type":"Polygon","coordinates":[[[-75.6646,23.4501],[-75.7542,23.49],[-75.9486,23.6474],[-75.956,23.5923],[-75.781,23.4707],[-75.6646,23.4501]]]},"properties":{"scalerank":0,"featurecla":"Land","min_zoom":3}},
{"type":"Feature","geometry":{"type":"Polygon","coordinates":[[[-74.8405,22.8943],[-74.8456,22.9999],[-75.0642,23.1502],[-75.1088,23.3328],[-75.1576,23.3364],[-75.1321,23.1171],[-74.9733,23.0686],[-74.8405,22.8943]]]},"properties":{"scalerank":0,"featurecla":"Land","min_zoom":3}},
{"type":"Feature","geometry":{"type":"Polygon","coordinates":[[[-75.3084,24.2],[-75.4089,24.2658],[-75.4676,24.1396],[-75.3084,24.2]]]},"properties":{"scalerank":0,"featurecla":"Land","min_zoom":3}},
{"type":"Feature","geometry":{"type":"Polygon","coordinates":[[[-77.8794,22.1275],[-77.8937,22.2146],[-78.0067,22.248],[-78.0119,22.1664],[-77.8794,22.1275]]]},"properties":{"scalerank":0,"featurecla":"Land","min_zoom":3}},
{"type":"Feature","geometry":{"type":"Polygon","coordinates":[[[-82.0372,26.4536],[-82.1161,26.4609],[-82.2014,26.548],[-82.1844,26.481],[-82.145,26.4467],[-82.0729,26.4275],[-82.0372,26.4536]]]},"properties":{"scalerank":0,"featurecla":"Land","min_zoom":4}},
{"type":"Feature","geometry":{"type":"Polygon","coordinates":[[[-77.7438,24.7074],[-77.8401,24.7944],[-78.0333,25.1431],[-78.2114,25.1913],[-78.1593,25.0224],[-78.2988,24.7539],[-78.2427,24.6538],[-78.3665,24.5442],[-78.1916,24.4661],[-78.0449,24.2875],[-77.7452,24.4635],[-77.7438,24.7074]]]},"properties":{"scalerank":0,"featurecla":"Land","min_zoom":1}},
{"type":"Feature","geometry":{"type":"Polygon","coordinates":[[[-81.5667,24.5999],[-81.5316,24.6425],[-81.5623,24.6892],[-81.5792,24.6294],[-81.5667,24.5999]]]},"properties":{"scalerank":0,"featurecla":"Land","min_zoom":3}},
{"type":"Feature","geometry":{"type":"Polygon","coordinates":[[[-80.1868,27.2784],[-80.3555,27.6786],[-80.3761,27.6434],[-80.2625,27.3756],[-80.1868,27.2784]]]},"properties":{"scalerank":0,"featurecla":"Land","min_zoom":3}},
{"type":"Feature","geometry":{"type":"Polygon","coordinates":[[[-82.5618,21.5717],[-82.7146,21.8903],[-82.9912,21.9427],[-83.0825,21.7914],[-82.9736,21.5923],[-83.0673,21.4694],[-82.8532,21.4439],[-82.5618,21.5717]]]},"properties":{"scalerank":0,"featurecla":"Land","min_zoom":2}},
{"type":"Feature","geometry":{"type":"Polygon","coordinates":[[[-82.0838,26.5523],[-82.1211,26.6655],[-82.1691,26.7007],[-82.1356,26.592],[-82.0838,26.5523]]]},"properties":{"scalerank":0,"featurecla":"Land","min_zoom":4}},
{"type":"Feature","geometry":{"type":"Polygon","coordinates":[[[-79.3496,22.6639],[-79.5791,22.8067],[-79.5228,22.7111],[-79.3496,22.6639]]]},"properties":{"scalerank":0,"featurecla":"Land","min_zoom":3}},
{"type":"Feature","geometry":{"type":"Polygon","coordinates":[[[-78.4929,26.7291],[-78.5971,26.7979],[-78.6709,26.5065],[-78.2339,26.6374],[-77.9261,26.6634],[-77.9439,26.7442],[-78.3717,26.6979],[-78.4929,26.7291]]]},"properties":{"scalerank":0,"featurecla":"Land","min_zoom":1.5}},
{"type":"Feature","geometry":{"type":"Polygon","coordinates":[[[-80.3818,25.1423],[-80.2571,25.3476],[-80.3513,25.297],[-80.3818,25.1423]]]},"properties":{"scalerank":0,"featurecla":"Land","min_zoom":3}},
{"type":"Feature","geometry":{"type":"Polygon","coordinates":[[[-87.9506,17.925],[-87.8485,18.1404],[-87.8983,18.1549],[-87.9506,17.925]]]},"properties":{"scalerank":0,"featurecla":"Land","min_zoom":3}},
{"type":"Feature","geometry":{"type":"Polygon","coordinates":[[[-87.8529,17.4229],[-87.7981,17.4796],[-87.8325,17.5011],[-87.8529,17.4229]]]},"properties":{"scalerank":0,"featurecla":"Land","min_zoom":3}},
{"type":"Feature","geometry":{"type":"Polygon","coordinates":[[[-91.6837,18.6773],[-91.5891,18.778],[-91.8161,18.6759],[-91.6837,18.6773]]]},"properties":{"scalerank":0,"featurecla":"Land","min_zoom":3}},
{"type":"Feature","geometry":{"type":"Polygon","coordinates":[[[-82.2335,9.3807],[-82.2594,9.4303],[-82.3217,9.4181],[-82.2444,9.3341],[-82.2335,9.3807]]]},"properties":{"scalerank":0,"featurecla":"Land","min_zoom":4}},
{"type":"Feature","geometry":{"type":"Polygon","coordinates":[[[-81.3695,19.3489],[-81.3037,19.2719],[-81.1305,19.3468],[-81.2848,19.3625],[-81.3695,19.3489]]]},"properties":{"scalerank":0,"featurecla":"Land","min_zoom":3}},
{"type":"Feature","geometry":{"type":"Polygon","coordinates":[[[-86.9396,20.3033],[-86.755,20.5518],[-86.9278,20.5515],[-87.0194,20.3823],[-86.9396,20.3033]]]},"properties":{"scalerank":0,"featurecla":"Land","min_zoom":3}},
{"type":"Feature","geometry":{"type":"Polygon","coordinates":[[[-62.6307,17.24],[-62.7137,17.3533],[-62.7946,17.4026],[-62.8389,17.3393],[-62.6307,17.24]]]},"properties":{"scalerank":0,"featurecla":"Land","min_zoom":3}},
{"type":"Feature","geometry":{"type":"Polygon","coordinates":[[[-60.8952,13.822],[-60.8868,14.0111],[-60.9446,14.0729],[-61.0636,13.9156],[-61.0606,13.7831],[-60.9514,13.7176],[-60.8952,13.822]]]},"properties":{"scalerank":0,"featurecla":"Land","min_zoom":3}},
{"type":"Feature","geometry":{"type":"Polygon","coordinates":[[[-60.8263,14.4945],[-60.9187,14.7354],[-61.1274,14.8753],[-61.2197,14.8044],[-61.1411,14.6524],[-61.0113,14.6019],[-61.0637,14.4671],[-60.8263,14.4945]]]},"properties":{"scalerank":0,"featurecla":"Land","min_zoom":2}},
{"type":"Feature","geometry":{"type":"Polygon","coordinates":[[[-61.0121,10.1343],[-60.9685,10.3234],[-61.0375,10.4823],[-61.0337,10.6699],[-60.9176,10.8402],[-61.37,10.7968],[-61.5918,10.7479],[-61.4647,10.539],[-61.4993,10.2686],[-61.6327,10.2434],[-61.7717,10.0851],[-61.5967,10.0646],[-61.1743,10.078],[-61.0121,10.1343]]]},"properties":{"scalerank":0,"featurecla":"Land","min_zoom":1}},
{"type":"Feature","geometry":{"type":"Polygon","coordinates":[[[-68.2058,12.1446],[-68.2195,12.2313],[-68.3692,12.302],[-68.3711,12.2575],[-68.2873,12.1717],[-68.2058,12.1446]]]},"properties":{"scalerank":0,"featurecla":"Land","min_zoom":3}},
{"type":"Feature","geometry":{"type":"Polygon","coordinates":[[[-60.7563,11.1785],[-60.5465,11.2637],[-60.5628,11.3235],[-60.7089,11.2772],[-60.7563,11.1785]]]},"properties":{"scalerank":0,"featurecla":"Land","min_zoom":3}},
{"type":"Feature","geometry":{"type":"Polygon","coordinates":[[[-62.1484,16.7403],[-62.223,16.7516],[-62.2216,16.6995],[-62.1542,16.6812],[-62.1484,16.7403]]]},"properties":{"scalerank":0,"featurecla":"Land","min_zoom":4}},
{"type":"Feature","geometry":{"type":"Polygon","coordinates":[[[-59.4933,13.082],[-59.4276,13.1528],[-59.5916,13.3177],[-59.6113,13.1021],[-59.4933,13.082]]]},"properties":{"scalerank":0,"featurecla":"Land","min_zoom":3}},
{"type":"Feature","geometry":{"type":"Polygon","coordinates":[[[-63.8494,11.131],[-63.8931,11.1672],[-64.1128,11.0057],[-64.2137,11.0861],[-64.3486,11.0519],[-64.3625,10.9615],[-64.1609,10.9588],[-64.0547,10.8843],[-63.9176,10.8875],[-63.8173,11.0003],[-63.8494,11.131]]]},"properties":{"scalerank":0,"featurecla":"Land","min_zoom":2}},
{"type":"Feature","geometry":{"type":"Polygon","coordinates":[[[-63.0012,18.2218],[-63.026,18.2697],[-63.1533,18.2003],[-63.0012,18.2218]]]},"properties":{"scalerank":0,"featurecla":"Land","min_zoom":4}},
{"type":"Feature","geometry":{"type":"Polygon","coordinates":[[[-61.7154,12.0126],[-61.6271,12.0542],[-61.6068,12.2234],[-61.715,12.1851],[-61.7154,12.0126]]]},"properties":{"scalerank":0,"featurecla":"Land","min_zoom":3}},
{"type":"Feature","geometry":{"type":"Polygon","coordinates":[[[-61.7471,17.575],[-61.7496,17.6613],[-61.8524,17.7141],[-61.8438,17.5961],[-61.7471,17.575]]]},"properties":{"scalerank":0,"featurecla":"Land","min_zoom":3}},
{"type":"Feature","geometry":{"type":"Polygon","coordinates":[[[-61.2305,15.8899],[-61.25,16.0063],[-61.3184,15.9549],[-61.2305,15.8899]]]},"properties":{"scalerank":0,"featurecla":"Land","min_zoom":3}},
{"type":"Feature","geometry":{"type":"Polygon","coordinates":[[[-61.7161,17.037],[-61.8173,17.1689],[-61.8597,17.0133],[-61.7161,17.037]]]},"properties":{"scalerank":0,"featurecla":"Land","min_zoom":3}},
{"type":"Feature","geometry":{"type":"Polygon","coordinates":[[[-61.2817,15.249],[-61.2511,15.3731],[-61.32,15.5851],[-61.4581,15.6331],[-61.4812,15.5251],[-61.3754,15.2273],[-61.2817,15.249]]]},"properties":{"scalerank":0,"featurecla":"Land","min_zoom":2}},
{"type":"Feature","geometry":{"type":"Polygon","coordinates":[[[-61.3271,16.2304],[-61.4064,16.4683],[-61.5289,16.4338],[-61.5222,16.228],[-61.3271,16.2304]]]},"properties":{"scalerank":0,"featurecla":"Land","min_zoom":2}},
{"type":"Feature","geometry":{"type":"Polygon","coordinates":[[[-61.5896,16.0069],[-61.5523,16.2709],[-61.748,16.3553],[-61.7941,16.301],[-61.7594,16.0621],[-61.5896,16.0069]]]},"properties":{"scalerank":0,"featurecla":"Land","min_zoom":2}},
{"type":"Feature","geometry":{"type":"Polygon","coordinates":[[[-61.1745,13.1581],[-61.124,13.294],[-61.1821,13.356],[-61.2773,13.2096],[-61.1745,13.1581]]]},"properties":{"scalerank":0,"featurecla":"Land","min_zoom":3}},
{"type":"Feature","geometry":{"type":"Polygon","coordinates":[[[-73.041,22.4291],[-73.1102,22.3676],[-72.8892,22.3603],[-73.041,22.4291]]]},"properties":{"scalerank":0,"featurecla":"Land","min_zoom":3}},
{"type":"Feature","geometry":{"type":"Polygon","coordinates":[[[-68.7511,12.0598],[-68.8274,12.1585],[-69.0131,12.2313],[-69.0768,12.342],[-69.1538,12.2984],[-68.9951,12.1418],[-68.8033,12.0455],[-68.7511,12.0598]]]},"properties":{"scalerank":0,"featurecla":"Land","min_zoom":3}},
{"type":"Feature","geometry":{"type":"Polygon","coordinates":[[[-71.6614,21.7652],[-71.6684,21.8334],[-71.8062,21.8521],[-71.8304,21.7906],[-71.6614,21.7652]]]},"properties":{"scalerank":0,"featurecla":"Land","min_zoom":3}},
{"type":"Feature","geometry":{"type":"Polygon","coordinates":[[[-72.9161,21.5067],[-72.9948,21.5616],[-73.0627,21.5153],[-73.0493,21.4576],[-72.9161,21.5067]]]},"properties":{"scalerank":0,"featurecla":"Land","min_zoom":4}},
{"type":"Feature","geometry":{"type":"Polygon","coordinates":[[[-71.8799,21.8404],[-71.9315,21.9519],[-72.019,21.9183],[-71.8799,21.8404]]]},"properties":{"scalerank":0,"featurecla":"Land","min_zoom":4}},
{"type":"Feature","geometry":{"type":"Polygon","coordinates":[[[-72.3328,21.8514],[-72.3354,21.758],[-72.2187,21.7963],[-72.3328,21.8514]]]},"properties":{"scalerank":0,"featurecla":"Land","min_zoom":3}},
{"type":"Feature","geometry":{"type":"Polygon","coordinates":[[[-160.919,58.5771],[-160.7151,58.7952],[-161.1315,58.6682],[-160.919,58.5771]]]},"properties":{"scalerank":0,"featurecla":"Land","min_zoom":3}},
{"type":"Feature","geometry":{"type":"Polygon","coordinates":[[[-153.0071,57.1249],[-153.2852,57.1851],[-153.3746,57.0519],[-153.0071,57.1249]]]},"properties":{"scalerank":0,"featurecla":"Land","min_zoom":1}},
{"type":"Feature","geometry":{"type":"Polygon","coordinates":[[[-152.0208,60.3617],[-151.8873,60.4727],[-151.9597,60.5038],[-152.0208,60.3617]]]},"properties":{"scalerank":0,"featurecla":"Land","min_zoom":4}},
{"type":"Feature","geometry":{"type":"Polygon","coordinates":[[[-152.4861,58.485],[-152.3568,58.595],[-152.4632,58.6185],[-152.6366,58.5417],[-152.4861,58.485]]]},"properties":{"scalerank":0,"featurecla":"Land","min_zoom":3}},
{"type":"Feature","geometry":{"type":"Polygon","coordinates":[[[-153.2406,57.8501],[-153.347,57.9328],[-153.5171,57.9419],[-153.2686,57.8224],[-153.2406,57.8501]]]},"properties":{"scalerank":0,"featurecla":"Land","min_zoom":1}},
{"type":"Feature","geometry":{"type":"Polygon","coordinates":[[[-155.566,55.8212],[-155.6206,55.9131],[-155.7374,55.8298],[-155.566,55.8212]]]},"properties":{"scalerank":0,"featurecla":"Land","min_zoom":3}},
{"type":"Feature","geometry":{"type":"Polygon","coordinates":[[[-154.6828,56.4358],[-154.4449,56.5732],[-154.5175,56.6005],[-154.7293,56.5021],[-154.6828,56.4358]]]},"properties":{"scalerank":0,"featurecla":"Land","min_zoom":3}},
{"type":"Feature","geometry":{"type":"Polygon","coordinates":[[[-154.2086,56.5149],[-154.116,56.5439],[-154.2167,56.6087],[-154.3321,56.539],[-154.2086,56.5149]]]},"properties":{"scalerank":0,"featurecla":"Land","min_zoom":3}},
{"type":"Feature","geometry":{"type":"Polygon","coordinates":[[[-146.3939,60.4497],[-146.7025,60.4085],[-146.6183,60.2737],[-146.1283,60.3925],[-146.3939,60.4497]]]},"properties":{"scalerank":0,"featurecla":"Land","min_zoom":3}},
{"type":"Feature","geometry":{"type":"Polygon","coordinates":[[[-145.1185,60.3371],[-145.1281,60.4011],[-145.2843,60.3368],[-145.1185,60.3371]]]},"properties":{"scalerank":0,"featurecla":"Land","min_zoom":4}},
{"type":"Feature","geometry":{"type":"Polygon","coordinates":[[[-144.5656,59.8184],[-144.4032,59.9211],[-144.249,59.9821],[-144.354,59.9962],[-144.5416,59.8782],[-144.5656,59.8184]]]},"properties":{"scalerank":0,"featurecla":"Land","min_zoom":3}},
{"type":"Feature","geometry":{"type":"Polygon","coordinates":[[[-147.7359,59.8132],[-147.4993,59.8902],[-147.3185,60.0753],[-146.9867,60.2543],[-147.12,60.3631],[-147.4658,60.097],[-147.8144,59.902],[-147.7359,59.8132]]]},"properties":{"scalerank":0,"featurecla":"Land","min_zoom":2}},
{"type":"Feature","geometry":{"type":"Polygon","coordinates":[[[-148.0218,60.0653],[-148.0796,60.1517],[-148.2307,60.1135],[-148.2719,60.0533],[-148.0218,60.0653]]]},"properties":{"scalerank":0,"featurecla":"Land","min_zoom":3}},
{"type":"Feature","geometry":{"type":"Polygon","coordinates":[[[-147.6583,60.4505],[-147.7945,60.4599],[-147.8713,60.2298],[-147.7321,60.2221],[-147.6583,60.4505]]]},"properties":{"scalerank":0,"featurecla":"Land","min_zoom":3}},
{"type":"Feature","geometry":{"type":"Polygon","coordinates":[[[-147.9307,60.8262],[-147.9644,60.9001],[-148.1017,60.9161],[-148.1238,60.8443],[-147.9307,60.8262]]]},"properties":{"scalerank":0,"featurecla":"Land","min_zoom":4}},
{"type":"Feature","geometry":{"type":"Polygon","coordinates":[[[-132.8623,54.8944],[-133.0974,55.2137],[-133.2512,55.1751],[-133.1227,54.9698],[-132.8073,54.7091],[-132.647,54.7562],[-132.6172,54.8924],[-132.8623,54.8944]]]},"properties":{"scalerank":0,"featurecla":"Land","min_zoom":2}},
{"type":"Feature","geometry":{"type":"Polygon","coordinates":[[[-133.9896,56.845],[-134.1433,56.9323],[-134.3737,56.8387],[-134.1955,56.4135],[-134.2451,56.2033],[-134.1896,56.077],[-133.9497,56.1277],[-133.8553,56.5822],[-133.7384,56.6504],[-133.9896,56.845]]]},"properties":{"scalerank":0,"featurecla":"Land","min_zoom":2}},
{"type":"Feature","geometry":{"type":"Polygon","coordinates":[[[-133.3051,55.5438],[-133.6342,55.5393],[-133.6502,55.2693],[-133.2817,55.4979],[-133.3051,55.5438]]]},"properties":{"scalerank":0,"featurecla":"Land","min_zoom":3}},
{"type":"Feature","geometry":{"type":"Polygon","coordinates":[[[-131.3397,55.0798],[-131.4046,55.2133],[-131.5778,55.2008],[-131.5951,55.0907],[-131.3397,55.0798]]]},"properties":{"scalerank":0,"featurecla":"Land","min_zoom":3}},
{"type":"Feature","geometry":{"type":"Polygon","coordinates":[[[-132.7469,56.5257],[-132.568,56.5758],[-132.8425,56.7948],[-132.9308,56.5245],[-132.7469,56.5257]]]},"properties":{"scalerank":0,"featurecla":"Land","min_zoom":3}},
{"type":"Feature","geometry":{"type":"Polygon","coordinates":[[[-132.1124,56.1094],[-132.0669,56.2442],[-132.3798,56.4988],[-132.5987,56.2417],[-132.6599,56.0782],[-132.4512,56.0563],[-132.2873,55.9294],[-132.133,55.9433],[-132.1124,56.1094]]]},"properties":{"scalerank":0,"featurecla":"Land","min_zoom":0}},
{"type":"Feature","geometry":{"type":"Polygon","coordinates":[[[-132.7799,56.2473],[-132.6694,56.2873],[-132.7061,56.4485],[-132.9021,56.4538],[-133.035,56.3409],[-132.7799,56.2473]]]},"properties":{"scalerank":0,"featurecla":"Land","min_zoom":3}},
{"type":"Feature","geometry":{"type":"Polygon","coordinates":[[[-134.3127,58.2289],[-134.52,58.3325],[-134.594,58.2431],[-134.3127,58.2289]]]},"properties":{"scalerank":0,"featurecla":"Land","min_zoom":3}},
{"type":"Feature","geometry":{"type":"Polygon","coordinates":[[[-128.9369,52.51],[-128.994,52.6617],[-129.151,52.6053],[-128.9369,52.51]]]},"properties":{"scalerank":0,"featurecla":"Land","min_zoom":3}},
{"type":"Feature","geometry":{"type":"Polygon","coordinates":[[[-130.9271,54.4791],[-130.8051,54.5438],[-130.7771,54.6189],[-130.9068,54.6318],[-130.9271,54.4791]]]},"properties":{"scalerank":0,"featurecla":"Land","min_zoom":3}},
{"type":"Feature","geometry":{"type":"Polygon","coordinates":[[[-131.0293,51.9616],[-131.0106,52.0953],[-131.1173,52.101],[-131.1034,52.0139],[-131.0293,51.9616]]]},"properties":{"scalerank":0,"featurecla":"Land","min_zoom":3}},
{"type":"Feature","geometry":{"type":"Polygon","coordinates":[[[-130.2363,53.9585],[-130.3973,54.0857],[-130.6957,53.9513],[-130.3842,53.8439],[-130.2363,53.9585]]]},"properties":{"scalerank":0,"featurecla":"Land","min_zoom":3}},
{"type":"Feature","geometry":{"type":"Polygon","coordinates":[[[-129.8486,53.1679],[-129.7548,53.2448],[-129.9447,53.4364],[-130.452,53.6312],[-130.5176,53.5442],[-129.8486,53.1679]]]},"properties":{"scalerank":0,"featurecla":"Land","min_zoom":2}},
{"type":"Feature","geometry":{"type":"Polygon","coordinates":[[[-127.9247,51.4739],[-127.9164,51.5854],[-128.0317,51.7084],[-128.1488,51.6267],[-128.0918,51.5111],[-127.9247,51.4739]]]},"properties":{"scalerank":0,"featurecla":"Land","min_zoom":3}},
{"type":"Feature","geometry":{"type":"Polygon","coordinates":[[[-128.3687,52.4009],[-128.2484,52.7412],[-128.4398,52.6964],[-128.3687,52.4009]]]},"properties":{"scalerank":0,"featurecla":"Land","min_zoom":3}},
{"type":"Feature","geometry":{"type":"Polygon","coordinates":[[[-129.3137,52.9922],[-129.4507,53.1747],[-129.5001,53.1289],[-129.4097,53.0237],[-129.3137,52.9922]]]},"properties":{"scalerank":0,"featurecla":"Land","min_zoom":3}},
{"type":"Feature","geometry":{"type":"Polygon","coordinates":[[[-129.1677,53.1179],[-129.177,53.2591],[-129.2531,53.2855],[-129.3239,53.1421],[-129.1677,53.1179]]]},"properties":{"scalerank":0,"featurecla":"Land","min_zoom":3}},
{"type":"Feature","geometry":{"type":"Polygon","coordinates":[[[-139.0431,69.5769],[-139.1396,69.6496],[-139.2914,69.5979],[-139.0431,69.5769]]]},"properties":{"scalerank":0,"featurecla":"Land","min_zoom":3}},
{"type":"Feature","geometry":{"type":"Polygon","coordinates":[[[-60.9979,8.8673],[-60.8492,8.9957],[-60.9158,9.0703],[-61.0692,8.9473],[-60.9979,8.8673]]]},"properties":{"scalerank":0,"featurecla":"Land","min_zoom":3}},
{"type":"Feature","geometry":{"type":"Polygon","coordinates":[[[-80.1316,-2.9731],[-80.0934,-2.8459],[-79.909,-2.7256],[-80.0808,-2.6688],[-80.2237,-2.7531],[-80.2729,-2.9959],[-80.1316,-2.9731]]]},"properties":{"scalerank":0,"featurecla":"Land","min_zoom":2}},
{"type":"Feature","geometry":{"type":"Polygon","coordinates":[[[-51.8325,-1.4338],[-51.6377,-1.3419],[-51.2763,-1.0218],[-51.1607,-0.6667],[-51.254,-0.5414],[-51.4245,-0.5659],[-51.546,-0.6496],[-51.6783,-0.8551],[-51.68,-1.0861],[-51.8021,-1.2025],[-51.8325,-1.4338]]]},"properties":{"scalerank":0,"featurecla":"Land","min_zoom":0}},
{"type":"Feature","geometry":{"type":"Polygon","coordinates":[[[-79.0654,8.2542],[-79.0963,8.2954],[-79.1275,8.2519],[-79.1104,8.2098],[-79.0654,8.2542]]]},"properties":{"scalerank":0,"featurecla":"Land","min_zoom":4}},
{"type":"Feature","geometry":{"type":"Polygon","coordinates":[[[-78.9092,1.2528],[-78.8998,1.3598],[-78.9917,1.2932],[-78.9092,1.2528]]]},"properties":{"scalerank":0,"featurecla":"Land","min_zoom":4}},
{"type":"Feature","geometry":{"type":"Polygon","coordinates":[[[-78.1137,2.5417],[-78.1191,2.6036],[-78.1784,2.6463],[-78.1925,2.5593],[-78.1137,2.5417]]]},"properties":{"scalerank":0,"featurecla":"Land","min_zoom":4}},
{"type":"Feature","geometry":{"type":"Polygon","coordinates":[[[-60.8212,9.1384],[-60.7816,9.2184],[-60.9073,9.1787],[-60.9414,9.1056],[-60.8212,9.1384]]]},"properties":{"scalerank":0,"featurecla":"Land","min_zoom":3}},
{"type":"Feature","geometry":{"type":"Polygon","coordinates":[[[-44.4993,-2.9396],[-44.4814,-2.7176],[-44.5691,-2.785],[-44.5653,-2.9239],[-44.4993,-2.9396]]]},"properties":{"scalerank":0,"featurecla":"Land","min_zoom":3}},
{"type":"Feature","geometry":{"type":"Polygon","coordinates":[[[-38.7438,-13.0971],[-38.6012,-12.9926],[-38.6146,-12.924],[-38.787,-13.0551],[-38.7438,-13.0971]]]},"properties":{"scalerank":0,"featurecla":"Land","min_zoom":3}},
{"type":"Feature","geometry":{"type":"Polygon","coordinates":[[[-38.9036,-13.4734],[-38.9071,-13.4011],[-39.0222,-13.4456],[-38.9776,-13.5235],[-38.9036,-13.4734]]]},"properties":{"scalerank":0,"featurecla":"Land","min_zoom":3}},
{"type":"Feature","geometry":{"type":"Polygon","coordinates":[[[-44.8831,-1.3179],[-44.9787,-1.2673],[-44.9679,-1.3908],[-44.8831,-1.3179]]]},"properties":{"scalerank":0,"featurecla":"Land","min_zoom":3}},
{"type":"Feature","geometry":{"type":"Polygon","coordinates":[[[-49.7382,0.2682],[-49.879,0.3045],[-50.128,0.2265],[-50.2727,0.2317],[-50.3395,0.0434],[-50.1131,0.033],[-50.0025,-0.0293],[-49.839,0.0069],[-49.6973,0.216],[-49.7382,0.2682]]]},"properties":{"scalerank":0,"featurecla":"Land","min_zoom":2}},
{"type":"Feature","geometry":{"type":"Polygon","coordinates":[[[-50.299,1.9385],[-50.342,2.1417],[-50.491,2.1286],[-50.4561,1.9105],[-50.299,1.9385]]]},"properties":{"scalerank":0,"featurecla":"Land","min_zoom":3}},
{"type":"Feature","geometry":{"type":"Polygon","coordinates":[[[-50.6529,-0.1316],[-50.667,-0.058],[-50.8422,-0.0502],[-50.9951,-0.1053],[-51.0381,-0.2259],[-50.9264,-0.3273],[-50.6529,-0.1316]]]},"properties":{"scalerank":0,"featurecla":"Land","min_zoom":2}},
{"type":"Feature","geometry":{"type":"Polygon","coordinates":[[[-49.4439,-0.1124],[-49.4005,0.0572],[-49.5035,0.0837],[-49.7123,0.0151],[-49.7088,-0.1437],[-49.4439,-0.1124]]]},"properties":{"scalerank":0,"featurecla":"Land","min_zoom":2}},
{"type":"Feature","geometry":{"type":"Polygon","coordinates":[[[-50.4261,0.1393],[-50.3323,0.259],[-50.351,0.5817],[-50.4246,0.5583],[-50.4516,0.3269],[-50.6104,0.2048],[-50.6239,0.0544],[-50.4439,-0.0077],[-50.4261,0.1393]]]},"properties":{"scalerank":0,"featurecla":"Land","min_zoom":2}},
{"type":"Feature","geometry":{"type":"Polygon","coordinates":[[[-50.1529,0.393],[-50.04,0.5228],[-50.1128,0.6047],[-50.2512,0.5854],[-50.2613,0.3592],[-50.1529,0.393]]]},"properties":{"scalerank":0,"featurecla":"Land","min_zoom":3}},
{"type":"Feature","geometry":{"type":"Polygon","coordinates":[[[-90.3349,-0.7716],[-90.1927,-0.6588],[-90.1853,-0.5448],[-90.2694,-0.4847],[-90.4697,-0.5174],[-90.5421,-0.6765],[-90.3349,-0.7716]]]},"properties":{"scalerank":0,"featurecla":"Land","min_zoom":2}},
{"type":"Feature","geometry":{"type":"Polygon","coordinates":[[[-89.4189,-0.911],[-89.2594,-0.7284],[-89.4231,-0.7223],[-89.6086,-0.8886],[-89.5366,-0.9523],[-89.4189,-0.911]]]},"properties":{"scalerank":0,"featurecla":"Land","min_zoom":3}},
{"type":"Feature","geometry":{"type":"Polygon","coordinates":[[[-81.6033,7.3328],[-81.6947,7.425],[-81.6714,7.5234],[-81.8122,7.5924],[-81.8521,7.4533],[-81.7701,7.3704],[-81.6033,7.3328]]]},"properties":{"scalerank":0,"featurecla":"Land","min_zoom":3}},
{"type":"Feature","geometry":{"type":"Polygon","coordinates":[[[-91.426,-0.4608],[-91.3994,-0.3225],[-91.4602,-0.2557],[-91.6467,-0.2845],[-91.6466,-0.3908],[-91.5264,-0.4782],[-91.426,-0.4608]]]},"properties":{"scalerank":0,"featurecla":"Land","min_zoom":3}},
{"type":"Feature","geometry":{"type":"Polygon","coordinates":[[[-90.4239,-1.3399],[-90.3791,-1.2923],[-90.4772,-1.221],[-90.5195,-1.2991],[-90.4239,-1.3399]]]},"properties":{"scalerank":0,"featurecla":"Land","min_zoom":3}},
{"type":"Feature","geometry":{"type":"Polygon","coordinates":[[[-91.2722,0.0251],[-91.3614,0.1258],[-91.491,0.1052],[-91.4289,-0.0234],[-91.3692,-0.2872],[-91.2495,-0.3736],[-91.1447,-0.6229],[-91.4583,-0.7995],[-91.4835,-0.9246],[-91.3715,-1.017],[-91.1311,-1.0196],[-90.9055,-0.9405],[-90.7997,-0.7521],[-90.9589,-0.5953],[-90.9755,-0.4169],[-91.1762,-0.223],[-91.2101,-0.0393],[-91.2722,0.0251]]]},"properties":{"scalerank":0,"featurecla":"Land","min_zoom":2}},
{"type":"Feature","geometry":{"type":"Polygon","coordinates":[[[-90.5739,-0.334],[-90.6675,-0.1898],[-90.7804,-0.1604],[-90.809,-0.3294],[-90.5739,-0.334]]]},"properties":{"scalerank":0,"featurecla":"Land","min_zoom":3}},
{"type":"Feature","geometry":{"type":"Polygon","coordinates":[[[-109.28,-27.1404],[-109.3905,-27.0684],[-109.4341,-27.1713],[-109.28,-27.1404]]]},"properties":{"scalerank":0,"featurecla":"Land","min_zoom":3}},
{"type":"Feature","geometry":{"type":"Polygon","coordinates":[[[-106.5022,21.6108],[-106.5364,21.6764],[-106.6394,21.6979],[-106.607,21.5615],[-106.5022,21.6108]]]},"properties":{"scalerank":0,"featurecla":"Land","min_zoom":3}},
{"type":"Feature","geometry":{"type":"Polygon","coordinates":[[[-110.9145,18.7415],[-110.9894,18.8631],[-111.0637,18.7816],[-110.9145,18.7415]]]},"properties":{"scalerank":0,"featurecla":"Land","min_zoom":3}},
{"type":"Feature","geometry":{"type":"Polygon","coordinates":[[[-110.5674,25.0035],[-110.6902,25.0878],[-110.6574,24.9688],[-110.5674,25.0035]]]},"properties":{"scalerank":0,"featurecla":"Land","min_zoom":3}},
{"type":"Feature","geometry":{"type":"Polygon","coordinates":[[[-109.8051,24.1511],[-109.7938,24.1834],[-109.9005,24.3309],[-109.8779,24.2006],[-109.8051,24.1511]]]},"properties":{"scalerank":0,"featurecla":"Land","min_zoom":3}},
{"type":"Feature","geometry":{"type":"Polygon","coordinates":[[[-113.1556,29.0522],[-113.2021,29.3019],[-113.3738,29.3389],[-113.4159,29.4859],[-113.5872,29.573],[-113.5806,29.4132],[-113.2647,29.0967],[-113.1556,29.0522]]]},"properties":{"scalerank":0,"featurecla":"Land","min_zoom":2}},
{"type":"Feature","geometry":{"type":"Polygon","coordinates":[[[-114.6941,31.7056],[-114.7091,31.7569],[-114.7711,31.7941],[-114.7892,31.7474],[-114.6941,31.7056]]]},"properties":{"scalerank":0,"featurecla":"Land","min_zoom":4}},
{"type":"Feature","geometry":{"type":"Polygon","coordinates":[[[-115.1706,28.0694],[-115.197,28.3279],[-115.3529,28.104],[-115.1706,28.0694]]]},"properties":{"scalerank":0,"featurecla":"Land","min_zoom":3}},
{"type":"Feature","geometry":{"type":"Polygon","coordinates":[[[-111.6989,24.3936],[-111.8568,24.538],[-112.0133,24.5334],[-111.7123,24.3464],[-111.6989,24.3936]]]},"properties":{"scalerank":0,"featurecla":"Land","min_zoom":3}},
{"type":"Feature","geometry":{"type":"Polygon","coordinates":[[[-111.1003,26.0206],[-111.1829,26.0406],[-111.2045,25.8497],[-111.1353,25.9992],[-111.1003,26.0206]]]},"properties":{"scalerank":0,"featurecla":"Land","min_zoom":3}},
{"type":"Feature","geometry":{"type":"Polygon","coordinates":[[[-112.2031,29.0053],[-112.2851,29.2404],[-112.4698,29.1677],[-112.5141,28.8476],[-112.2784,28.7693],[-112.2031,29.0053]]]},"properties":{"scalerank":0,"featurecla":"Land","min_zoom":1}},
{"type":"Feature","geometry":{"type":"Polygon","coordinates":[[[-112.0573,24.5457],[-112.2223,24.9511],[-112.2968,24.7896],[-112.1755,24.7296],[-112.0573,24.5457]]]},"properties":{"scalerank":0,"featurecla":"Land","min_zoom":3}},
{"type":"Feature","geometry":{"type":"Polygon","coordinates":[[[166.9795,-45.1797],[166.8927,-45.2405],[167.0227,-45.2998],[166.9795,-45.1797]]]},"properties":{"scalerank":0,"featurecla":"Land","min_zoom":4}},
{"type":"Feature","geometry":{"type":"Polygon","coordinates":[[[124.3162,10.606],[124.3813,10.6326],[124.3823,10.6798],[124.3347,10.7067],[124.3162,10.606]]]},"properties":{"scalerank":0,"featurecla":"Land","min_zoom":4}},
{"type":"Feature","geometry":{"type":"Polygon","coordinates":[[[125.2808,9.9822],[125.231,10.1157],[125.159,10.0629],[125.2808,9.9822]]]},"properties":{"scalerank":0,"featurecla":"Land","min_zoom":3}},
{"type":"Feature","geometry":{"type":"Polygon","coordinates":[[[122.9371,7.4091],[122.7966,7.3934],[122.8047,7.316],[122.9437,7.361],[122.9371,7.4091]]]},"properties":{"scalerank":0,"featurecla":"Land","min_zoom":3}},
{"type":"Feature","geometry":{"type":"Polygon","coordinates":[[[125.7846,6.9627],[125.7834,7.1307],[125.683,7.0732],[125.7846,6.9627]]]},"properties":{"scalerank":0,"featurecla":"Land","min_zoom":3}},
{"type":"Feature","geometry":{"type":"Polygon","coordinates":[[[125.9705,9.5936],[125.993,9.6846],[125.9485,9.7392],[125.9221,9.6215],[125.9705,9.5936]]]},"properties":{"scalerank":0,"featurecla":"Land","min_zoom":4}},
{"type":"Feature","geometry":{"type":"Polygon","coordinates":[[[124.6084,11.4922],[124.5109,11.6871],[124.3604,11.6659],[124.4835,11.4858],[124.6084,11.4922]]]},"properties":{"scalerank":0,"featurecla":"Land","min_zoom":3}},
{"type":"Feature","geometry":{"type":"Polygon","coordinates":[[[124.8544,11.5948],[124.7884,11.6831],[124.7437,11.6585],[124.7811,11.5808],[124.8544,11.5948]]]},"properties":{"scalerank":0,"featurecla":"Land","min_zoom":3}},
{"type":"Feature","geometry":{"type":"Polygon","coordinates":[[[134.8195,-6.4342],[134.8858,-6.3235],[134.8519,-6.3246],[134.7953,-6.3931],[134.8195,-6.4342]]]},"properties":{"scalerank":0,"featurecla":"Land","min_zoom":4}},
{"type":"Feature","geometry":{"type":"Polygon","coordinates":[[[134.6744,-6.7498],[134.7261,-6.6687],[134.6977,-6.6257],[134.6291,-6.7128],[134.6744,-6.7498]]]},"properties":{"scalerank":0,"featurecla":"Land","min_zoom":4}},
{"type":"Feature","geometry":{"type":"Polygon","coordinates":[[[127.9879,-2.9365],[127.9384,-2.9523],[127.8496,-3.0163],[127.9377,-3.02],[127.9879,-2.9365]]]},"properties":{"scalerank":0,"featurecla":"Land","min_zoom":4}},
{"type":"Feature","geometry":{"type":"Polygon","coordinates":[[[127.6063,-3.3151],[127.5545,-3.2543],[127.4877,-3.2882],[127.5311,-3.3313],[127.6063,-3.3151]]]},"properties":{"scalerank":0,"featurecla":"Land","min_zoom":4}},
{"type":"Feature","geometry":{"type":"Polygon","coordinates":[[[124.0513,-5.9737],[124.0229,-5.9021],[123.9723,-5.9394],[124.0513,-5.9737]]]},"properties":{"scalerank":0,"featurecla":"Land","min_zoom":4}},
{"type":"Feature","geometry":{"type":"Polygon","coordinates":[[[123.6268,-5.2716],[123.5501,-5.3318],[123.6228,-5.373],[123.6268,-5.2716]]]},"properties":{"scalerank":0,"featurecla":"Land","min_zoom":4}},
{"type":"Feature","geometry":{"type":"Polygon","coordinates":[[[120.7744,-7.1189],[120.7455,-7.0602],[120.6334,-7.0183],[120.6408,-7.1158],[120.7744,-7.1189]]]},"properties":{"scalerank":0,"featurecla":"Land","min_zoom":3}},
{"type":"Feature","geometry":{"type":"Polygon","coordinates":[[[122.9773,-8.5452],[122.9328,-8.4971],[122.8878,-8.5873],[122.9455,-8.604],[122.9773,-8.5452]]]},"properties":{"scalerank":0,"featurecla":"Land","min_zoom":3}},
{"type":"Feature","geometry":{"type":"Polygon","coordinates":[[[117.5563,-8.3673],[117.6692,-8.1893],[117.4905,-8.1834],[117.5563,-8.3673]]]},"properties":{"scalerank":0,"featurecla":"Land","min_zoom":3}},
{"type":"Feature","geometry":{"type":"Polygon","coordinates":[[[70.0207,66.5022],[70.0767,66.6959],[69.4693,66.716],[69.6514,66.5653],[70.0207,66.5022]]]},"properties":{"scalerank":0,"featurecla":"Land","min_zoom":3}},
{"type":"Feature","geometry":{"type":"Polygon","coordinates":[[[96.8539,76.1992],[97.053,76.3026],[96.8779,76.3552],[96.7402,76.2579],[96.8539,76.1992]]]},"properties":{"scalerank":0,"featurecla":"Land","min_zoom":4}},
{"type":"Feature","geometry":{"type":"Polygon","coordinates":[[[100.1359,79.6142],[100.3003,79.6703],[99.9558,79.6903],[99.9154,79.6016],[100.1359,79.6142]]]},"properties":{"scalerank":0,"featurecla":"Land","min_zoom":4}},
{"type":"Feature","geometry":{"type":"Polygon","coordinates":[[[161.4671,68.901],[161.517,68.9696],[161.3942,69.1064],[161.3509,69.3693],[161.5403,69.4365],[161.5052,69.6395],[161.1107,69.4698],[161.1365,69.1103],[161.4611,68.9956],[161.4671,68.901]]]},"properties":{"scalerank":0,"featurecla":"Land","min_zoom":2}},
{"type":"Feature","geometry":{"type":"Polygon","coordinates":[[[129.718,31.6571],[129.7937,31.7425],[129.7068,31.7183],[129.718,31.6571]]]},"properties":{"scalerank":0,"featurecla":"Land","min_zoom":4}},
{"type":"Feature","geometry":{"type":"Polygon","coordinates":[[[126.4176,36.4926],[126.3866,36.5711],[126.3186,36.6125],[126.3375,36.4706],[126.4176,36.4926]]]},"properties":{"scalerank":0,"featurecla":"Land","min_zoom":3}},
{"type":"Feature","geometry":{"type":"Polygon","coordinates":[[[124.9053,39.5363],[124.9346,39.6078],[124.8896,39.6021],[124.8461,39.5589],[124.9053,39.5363]]]},"properties":{"scalerank":0,"featurecla":"Land","min_zoom":4}},
{"type":"Feature","geometry":{"type":"Polygon","coordinates":[[[121.2514,28.0864],[121.2055,28.2044],[121.134,28.1353],[121.2514,28.0864]]]},"properties":{"scalerank":0,"featurecla":"Land","min_zoom":3}},
{"type":"Feature","geometry":{"type":"Polygon","coordinates":[[[113.5553,22.8042],[113.4649,22.9045],[113.4261,22.8586],[113.5553,22.8042]]]},"properties":{"scalerank":0,"featurecla":"Land","min_zoom":4}},
{"type":"Feature","geometry":{"type":"Polygon","coordinates":[[[112.7902,21.6019],[112.8007,21.6949],[112.7127,21.6979],[112.742,21.6181],[112.7902,21.6019]]]},"properties":{"scalerank":0,"featurecla":"Land","min_zoom":3}},
{"type":"Feature","geometry":{"type":"Polygon","coordinates":[[[112.6438,21.6396],[112.6477,21.7103],[112.559,21.6748],[112.5456,21.6185],[112.6438,21.6396]]]},"properties":{"scalerank":0,"featurecla":"Land","min_zoom":4}},
{"type":"Feature","geometry":{"type":"Polygon","coordinates":[[[113.9978,22.2105],[114.0033,22.2775],[113.8815,22.2803],[113.8773,22.2104],[113.9978,22.2105]]]},"properties":{"scalerank":0,"featurecla":"Land","min_zoom":3}},
{"type":"Feature","geometry":{"type":"Polygon","coordinates":[[[107.1677,10.3972],[107.0779,10.3875],[107.0838,10.3366],[107.1677,10.3972]]]},"properties":{"scalerank":0,"featurecla":"Land","min_zoom":4}},
{"type":"Feature","geometry":{"type":"Polygon","coordinates":[[[103.3178,10.7185],[103.2229,10.7596],[103.2813,10.6797],[103.3178,10.7185]]]},"properties":{"scalerank":0,"featurecla":"Land","min_zoom":4}},
{"type":"Feature","geometry":{"type":"Polygon","coordinates":[[[8.5879,54.7127],[8.51,54.7603],[8.4177,54.7387],[8.4538,54.6911],[8.5879,54.7127]]]},"properties":{"scalerank":0,"featurecla":"Land","min_zoom":4}},
{"type":"Feature","geometry":{"type":"Polygon","coordinates":[[[6.7348,53.5825],[6.7546,53.6255],[6.6686,53.6057],[6.7348,53.5825]]]},"properties":{"scalerank":0,"featurecla":"Land","min_zoom":4}},
{"type":"Feature","geometry":{"type":"Polygon","coordinates":[[[-86.5894,71.0108],[-85.9454,71.1626],[-85.4054,71.2268],[-85.0234,71.3532],[-86.0361,71.7709],[-86.3414,72.1232],[-86.3226,72.4608],[-86.5946,72.6611],[-86.6293,72.8708],[-86.0865,73.2603],[-85.6819,73.4615],[-84.9745,73.6948],[-85.1105,73.8082],[-85.9508,73.8501],[-86.7687,73.834],[-87.7198,73.7229],[-88.7052,73.4033],[-89.2632,73.069],[-89.3577,72.8042],[-89.8615,72.4119],[-89.8229,72.2078],[-89.6638,72.158],[-90.0252,71.9488],[-89.8458,71.4923],[-89.0793,71.2879],[-87.8725,71.2085],[-87.1816,70.9875],[-87.8449,70.9444],[-88.5166,71.0306],[-89.3655,71.0672],[-89.2083,70.7597],[-88.8484,70.5229],[-88.4021,70.4425],[-87.9007,70.2519],[-87.1225,70.412],[-86.6243,70.4013],[-86.322,70.1454],[-85.78,70.0367],[-85.4324,70.1114],[-84.9091,70.0782],[-84.5219,70.0052],[-83.8591,69.9627],[-83.0912,70.0039],[-82.4877,69.866],[-82.1387,69.8412],[-81.1968,69.9828],[-81.0983,70.0912],[-80.1621,69.996],[-79.6159,69.8947],[-79.3033,69.8948],[-78.8896,69.9775],[-78.8098,70.1786],[-79.0175,70.3252],[-79.3973,70.4373],[-79.0664,70.6036],[-78.6214,70.3534],[-78.2828,70.2292],[-77.8425,70.2471],[-77.7219,70.1708],[-77.6353,69.9004],[-77.4943,69.8362],[-76.9623,69.8249],[-77.1288,69.6527],[-76.5204,69.5166],[-76.408,69.4411],[-75.7872,69.3187],[-75.668,69.1588],[-75.9537,69.0308],[-76.5572,69.0095],[-76.6194,68.7214],[-76.4034,68.6923],[-75.623,68.8877],[-75.2133,68.9094],[-74.9173,68.9829],[-74.6479,68.7075],[-74.2701,68.5412],[-73.7825,68.578],[-73.8793,68.4294],[-73.6445,68.2945],[-73.3282,68.2667],[-73.0634,68.107],[-72.5765,67.6586],[-72.3529,67.3419],[-72.22,67.2543],[-72.3649,67.1334],[-72.7888,67.0306],[-73.0333,66.7282],[-73.2808,66.675],[-73.9337,66.3581],[-74.3749,66.2082],[-74.4339,66.139],[-74.0331,65.8771],[-73.7461,65.7667],[-73.5607,65.5429],[-74.2369,65.4839],[-74.3907,65.3976],[-74.9817,65.3814],[-75.1663,65.2839],[-75.7086,65.3157],[-75.8283,65.2271],[-76.4817,65.3697],[-77.3267,65.4531],[-77.4615,65.3282],[-77.4475,65.1616],[-77.8762,65.0729],[-78.0956,64.9393],[-78.1746,64.6177],[-77.7912,64.3671],[-77.2825,64.2804],[-76.7238,64.242],[-76.1181,64.3763],[-75.7667,64.3919],[-75.715,64.5244],[-75.4878,64.5408],[-75.0674,64.4567],[-74.64,64.5571],[-74.9194,64.7655],[-74.6343,64.8239],[-74.5125,64.6702],[-73.9104,64.5781],[-73.627,64.6025],[-73.2782,64.5603],[-73.4437,64.4235],[-72.5861,63.9008],[-72.2229,63.7089],[-71.7253,63.7062],[-71.4559,63.5123],[-71.6965,63.4302],[-71.973,63.4299],[-71.6171,63.1872],[-71.2537,63.0425],[-70.2361,62.7634],[-69.7995,62.7905],[-69.5452,62.7446],[-69.366,62.5719],[-69.0823,62.4052],[-68.3786,62.2352],[-67.4401,62.1513],[-66.2567,61.8683],[-66.0589,61.9139],[-66.1332,62.1024],[-65.9802,62.2089],[-66.2812,62.3027],[-66.6449,62.6021],[-66.9795,62.7008],[-67.4682,62.9482],[-67.676,63.0936],[-68.1413,63.1723],[-68.6706,63.5137],[-68.9111,63.7032],[-68.4937,63.7255],[-67.8379,63.4492],[-67.7092,63.6339],[-67.1798,63.305],[-66.9747,63.2556],[-66.6364,63.0801],[-65.9789,63.0007],[-65.7404,62.932],[-65.2658,62.7151],[-65.0466,62.7015],[-65.1628,62.9326],[-64.6724,62.922],[-65.0689,63.2635],[-64.8863,63.5487],[-64.6956,63.2688],[-64.5144,63.264],[-64.5616,63.6797],[-64.4109,63.7063],[-64.6785,64.028],[-65.0106,64.0088],[-65.5075,64.3183],[-65.213,64.3033],[-65.0746,64.4367],[-65.2748,64.6315],[-65.7681,64.8536],[-66.2237,64.8541],[-66.8606,65.0916],[-67.3261,65.3566],[-67.3034,65.4829],[-67.5696,65.6436],[-67.9061,65.5635],[-67.8665,65.7737],[-68.2568,65.9386],[-68.1473,66.1298],[-67.828,65.9652],[-67.5508,65.9216],[-67.1832,66.0344],[-67.7045,66.2686],[-67.8834,66.4674],[-67.3112,66.3038],[-67.1917,66.4328],[-67.3177,66.5204],[-66.7874,66.5557],[-66.477,66.2797],[-65.8572,66.0864],[-65.8257,65.9969],[-65.3054,66.0084],[-65.4016,65.764],[-65.1085,65.4638],[-64.6653,65.1689],[-64.4698,65.2527],[-64.1519,65.0662],[-63.8956,65.1093],[-63.6066,64.9281],[-63.4018,65.1185],[-63.3643,65.5432],[-63.4209,65.7086],[-62.9689,65.6224],[-62.6589,65.6399],[-62.382,65.8333],[-62.4974,65.974],[-61.9916,66.0353],[-62.5336,66.227],[-62.4057,66.3159],[-61.8627,66.3128],[-61.5708,66.3729],[-61.6526,66.5031],[-62.0893,66.6259],[-61.9045,66.6781],[-61.5278,66.5581],[-61.2997,66.6487],[-61.9686,67.019],[-62.3797,66.9054],[-62.9623,66.9493],[-63.2584,67.0247],[-63.0401,67.235],[-63.5916,67.3775],[-64.008,67.3473],[-64.1562,67.623],[-64.5275,67.8127],[-65.0211,67.7875],[-64.9769,68.0434],[-65.3003,67.9395],[-65.7017,67.9867],[-65.8644,67.9229],[-66.2252,67.9587],[-66.2124,68.2804],[-66.5308,68.2503],[-66.729,68.129],[-67.033,68.3261],[-66.7624,68.4247],[-68.0379,68.5507],[-68.3242,68.844],[-67.8832,68.784],[-67.7517,69.0387],[-68.304,69.1664],[-67.9385,69.2481],[-67.4838,69.167],[-66.8029,69.1527],[-66.7708,69.3367],[-67.3609,69.4725],[-68.0582,69.4759],[-68.513,69.5773],[-68.114,69.7543],[-67.8062,69.7774],[-67.2593,69.7213],[-67.1727,69.7995],[-67.3637,70.0344],[-67.8553,70.2818],[-68.2035,70.2815],[-68.3186,70.1606],[-68.744,69.9414],[-69.0083,69.979],[-68.7233,70.1457],[-68.9186,70.207],[-69.483,70.1601],[-69.7958,70.0469],[-70.0614,70.0708],[-69.2987,70.2768],[-68.7937,70.3244],[-68.3635,70.4813],[-68.4958,70.6103],[-69.1687,70.7642],[-69.6955,70.7859],[-69.9498,70.845],[-70.5609,70.7383],[-71.2759,70.5003],[-71.5859,70.5659],[-71.0218,70.6741],[-70.6552,70.8709],[-70.7925,71.1033],[-71.1862,70.978],[-71.7425,71.0469],[-71.2194,71.2388],[-71.4599,71.4637],[-71.8752,71.5612],[-72.5806,71.6068],[-72.902,71.6778],[-73.4816,71.4792],[-73.7128,71.5876],[-73.7136,71.7199],[-74.7008,71.6756],[-74.3157,71.8427],[-74.2664,72.0377],[-74.9032,72.1005],[-75.1858,72.4342],[-75.7043,72.5715],[-76.1888,72.5722],[-76.8935,72.7207],[-77.5668,72.7369],[-78.001,72.6876],[-78.4795,72.5087],[-78.2872,72.3598],[-78.6993,72.3514],[-79.0002,72.272],[-79.3233,72.3908],[-79.6539,72.3322],[-80.0418,72.3942],[-80.1161,72.2141],[-80.3861,72.1488],[-80.8022,71.9292],[-80.9412,72.2102],[-80.6047,72.4258],[-80.6751,72.5586],[-80.2747,72.7456],[-80.5919,72.9277],[-80.6035,73.1212],[-81.1518,73.314],[-81.4062,73.6345],[-81.9461,73.7298],[-82.6596,73.7296],[-83.7298,73.5759],[-84.089,73.4594],[-84.4161,73.4565],[-85.0184,73.3355],[-85.4547,73.1055],[-85.2621,72.954],[-85.6445,72.7745],[-85.6379,72.6332],[-85.3411,72.4215],[-84.8494,72.4063],[-84.643,72.1896],[-85.4059,72.2148],[-85.9116,71.9865],[-85.2505,71.6753],[-84.66,71.5861],[-84.7896,71.0933],[-85.0949,71.152],[-85.6438,71.1524],[-86.1271,71.049],[-86.5894,71.0108]]]},"properties":{"scalerank":0,"featurecla":"Land","min_zoom":0}},
{"type":"Feature","geometry":{"type":"Polygon","coordinates":[[[-69.4889,83.0168],[-69.9699,83.1161],[-72.8117,83.0812],[-73.3312,82.9988],[-75.7449,83.0472],[-77.1249,83.0085],[-77.4796,82.8832],[-79.8863,82.9385],[-79.2072,82.7328],[-80.6571,82.7691],[-82.1225,82.6018],[-81.6812,82.5187],[-82.4514,82.4271],[-81.9976,82.2783],[-80.1298,82.0284],[-80.5499,82.0046],[-82.5369,82.2473],[-84.8968,82.4494],[-86.5806,82.1872],[-85.3106,82.044],[-85.6457,81.9533],[-86.6268,82.051],[-88.5668,82.0611],[-89.381,81.9167],[-90.4902,81.8772],[-91.6476,81.6838],[-89.8452,81.6117],[-90.5538,81.4642],[-90.3035,81.4011],[-88.9784,81.5415],[-89.9473,81.1727],[-89.623,81.0325],[-87.2751,81.0808],[-87.3887,80.9884],[-88.4131,80.9998],[-89.2633,80.9143],[-88.9214,80.8056],[-87.7117,80.6563],[-87.3299,80.6698],[-85.7809,81.0351],[-85.2463,80.9879],[-86.2521,80.7896],[-86.6031,80.664],[-86.2503,80.5658],[-85.3074,80.526],[-84.0763,80.5563],[-83.4014,80.714],[-82.3368,80.7287],[-82.3682,80.5613],[-81.007,80.6549],[-79.6066,80.8818],[-79.1983,81.1176],[-78.6293,81.0435],[-78.551,80.9214],[-76.8503,80.8782],[-78.3862,80.7844],[-79.6293,80.6479],[-80.0511,80.5286],[-80.9796,80.4453],[-82.5361,80.3755],[-82.9611,80.2779],[-82.3324,80.0664],[-81.0102,79.6931],[-81.8557,79.7226],[-82.377,79.9083],[-83.7236,80.229],[-86.3072,80.3193],[-86.6145,80.1235],[-86.4208,79.8452],[-86.0315,79.7219],[-85.0898,79.6122],[-84.1974,79.2251],[-84.5303,79.1013],[-84.3161,78.9753],[-83.0585,78.9395],[-83.2714,78.7703],[-83.9079,78.8392],[-85.2297,78.902],[-86.8079,78.7744],[-87.4913,78.4172],[-87.5518,78.1766],[-86.2178,78.0812],[-85.5859,78.1096],[-84.9104,78.2397],[-84.6154,78.1957],[-85.5476,77.9277],[-85.292,77.7639],[-85.2894,77.559],[-83.7794,77.5326],[-83.9736,77.3905],[-84.7387,77.361],[-85.5885,77.4611],[-86.173,77.7461],[-87.018,77.8922],[-87.4968,77.8719],[-88.0947,77.7192],[-87.7802,77.4928],[-86.8738,77.2003],[-87.3617,77.1362],[-88.3981,77.104],[-89.4998,76.8268],[-89.5701,76.4919],[-88.396,76.4053],[-86.6802,76.3766],[-86.2962,76.4918],[-85.6806,76.349],[-85.1413,76.3046],[-84.2753,76.3565],[-83.8857,76.4531],[-82.2332,76.4658],[-81.1707,76.5127],[-80.8348,76.3691],[-80.9967,76.215],[-80.6903,76.1765],[-79.511,76.3105],[-78.2843,76.5712],[-77.9833,76.755],[-78.2889,76.978],[-78.7918,76.8836],[-79.2208,76.936],[-79.3409,77.1584],[-80.2742,77.1509],[-80.573,77.3148],[-79.9064,77.2996],[-78.8695,77.3325],[-78.2837,77.4131],[-78.0762,77.519],[-78.0126,77.946],[-76.974,77.9272],[-75.866,78.0098],[-75.5507,78.2211],[-75.1935,78.3277],[-76.3735,78.5211],[-74.8786,78.5448],[-74.4331,78.7241],[-75.0985,78.8583],[-75.7951,78.8897],[-76.2559,79.0068],[-75.9118,79.1178],[-75.2332,79.0355],[-74.5323,79.0527],[-74.4812,79.2295],[-75.0936,79.2039],[-76.1164,79.3261],[-75.2595,79.421],[-73.4661,79.4952],[-73.2294,79.644],[-71.3878,79.7618],[-71.3558,79.9113],[-70.5684,80.0937],[-70.1435,80.3977],[-69.4001,80.4229],[-68.6305,80.6787],[-66.7269,81.0409],[-65.484,81.2848],[-64.7801,81.4929],[-65.7357,81.4942],[-68.3177,81.2612],[-68.6885,81.2933],[-66.9141,81.4851],[-66.6257,81.6164],[-64.574,81.7337],[-62.1767,82.0434],[-61.2735,82.2798],[-61.3925,82.4419],[-63.0854,82.5652],[-63.473,82.7712],[-64.7768,82.8765],[-66.8363,82.8179],[-66.5916,82.944],[-68.1069,82.9612],[-69.4889,83.0168]]]},"properties":{"scalerank":0,"featurecla":"Land","min_zoom":0}},
{"type":"Feature","geometry":{"type":"Polygon","coordinates":[[[-94.3083,71.7649],[-94.5571,71.979],[-95.2012,71.9037],[-95.8377,71.5982],[-95.4062,71.4917],[-95.5643,71.3368],[-96.1396,71.3964],[-96.4057,71.2736],[-96.5489,70.8087],[-96.2264,70.5417],[-96.5456,70.3272],[-96.4924,70.1249],[-96.1191,69.8719],[-95.2921,69.6674],[-94.8225,69.5778],[-94.6338,69.6497],[-94.2708,69.4551],[-94.0836,69.1231],[-94.5625,68.9117],[-94.4783,68.7428],[-93.6814,68.8873],[-93.6517,68.5431],[-93.9277,68.4738],[-94.7444,68.0709],[-95.1259,68.0833],[-95.4607,68.0214],[-95.6505,67.7375],[-95.4634,67.6102],[-95.2587,67.2625],[-95.7825,67.1938],[-96.0126,67.2709],[-96.3714,67.5539],[-96.1988,67.7178],[-96.036,68.1578],[-96.4394,68.1509],[-96.4802,68.2428],[-96.9767,68.2554],[-97.2659,68.4529],[-97.9389,68.5104],[-97.7942,68.3876],[-98.2186,68.3174],[-98.633,68.3312],[-98.3809,68.1325],[-98.4384,68.0647],[-98.1105,67.903],[-97.7391,67.9782],[-97.2065,67.8551],[-97.1554,67.7264],[-97.4549,67.617],[-98.4171,67.8265],[-99.1469,67.7236],[-99.7729,67.8148],[-100.4561,67.8395],[-101.555,67.6932],[-102.2098,67.7327],[-102.692,67.8116],[-103.4741,68.115],[-104.1936,68.0312],[-104.4868,68.0632],[-104.6364,68.2139],[-105.195,68.3304],[-105.4286,68.4583],[-105.5398,68.7187],[-105.7979,68.8648],[-106.1645,68.9199],[-107.4359,68.6889],[-108.3135,68.6108],[-108.6866,68.2773],[-108.261,68.1499],[-107.7342,68.1737],[-107.6193,68.3311],[-107.1462,68.3042],[-106.9458,68.3744],[-106.6085,68.3574],[-106.4581,68.5165],[-105.9322,68.6365],[-105.7812,68.5266],[-106.4044,68.3193],[-106.8356,68.1286],[-107.761,68.0322],[-107.7631,67.9068],[-107.9721,67.732],[-107.6499,67.5113],[-107.644,67.3848],[-107.1565,66.8817],[-107.6262,67.0031],[-107.746,66.9615],[-107.7609,66.6837],[-108.4553,67.063],[-108.0884,67.0698],[-107.9887,67.2564],[-108.347,67.4034],[-108.5929,67.5909],[-108.9499,67.4939],[-109.0812,67.7107],[-109.6304,67.7327],[-110.0425,67.9772],[-110.372,67.9542],[-110.99,67.7908],[-111.1922,67.8226],[-111.5757,67.7568],[-112.2367,67.7311],[-112.4352,67.6848],[-113.8932,67.7069],[-114.6629,67.7952],[-115.1332,67.8192],[-115.4269,67.9235],[-115.1671,68.0186],[-115.1271,68.132],[-114.7653,68.2702],[-114.0959,68.2668],[-113.9644,68.3991],[-114.4139,68.6596],[-114.9937,68.85],[-115.6312,68.9726],[-116.2516,68.9579],[-116.0652,68.8554],[-117.1317,68.9071],[-118.0952,69.0429],[-118.8687,69.2572],[-119.8528,69.3423],[-120.2925,69.4206],[-120.9625,69.6604],[-121.5311,69.7758],[-122.0701,69.8162],[-123.0258,69.81],[-123.2137,69.5415],[-123.6091,69.3774],[-124.4262,69.3794],[-124.4813,69.4251],[-124.1385,69.6532],[-124.4069,69.7674],[-124.4445,70.1106],[-124.7679,69.99],[-125.3569,69.626],[-125.1668,69.4798],[-125.3868,69.3492],[-126.0638,69.4671],[-126.6122,69.7303],[-127.1385,70.2394],[-127.7528,70.5171],[-128.1701,70.4185],[-127.7649,70.2219],[-128.2786,70.1081],[-128.3867,69.9602],[-128.9714,69.7124],[-129.2648,69.8554],[-129.5721,69.8267],[-130.3536,69.6558],[-130.982,69.2533],[-131.0134,69.4287],[-131.7884,69.432],[-131.9196,69.2905],[-132.7189,69.0792],[-132.706,68.8149],[-133.379,68.8867],[-132.6867,69.2599],[-132.3308,69.308],[-131.8628,69.5494],[-130.9601,69.632],[-129.6483,69.9978],[-129.945,70.0909],[-130.4984,70.1432],[-130.9262,70.0516],[-131.1364,69.9069],[-131.4409,69.9179],[-131.9341,69.7535],[-132.334,69.7518],[-132.8403,69.6507],[-133.1631,69.4339],[-134.165,69.2806],[-133.8798,69.5077],[-134.242,69.6688],[-134.4515,69.6655],[-134.4938,69.4679],[-135.1408,69.4678],[-135.255,69.3238],[-135.6915,69.3112],[-135.9102,69.1115],[-135.8763,68.917],[-135.4069,68.829],[-135.3622,68.6964],[-136.1224,68.8822],[-136.7173,68.8892],[-137.26,68.9641],[-138.1284,69.152],[-138.6899,69.3168],[-139.1815,69.5155],[-139.9766,69.6217],[-140.4051,69.6025],[-141.4079,69.6534],[-141.6992,69.7704],[-142.297,69.8699],[-142.7079,70.0338],[-143.2183,70.1163],[-144.4169,70.039],[-144.6192,69.9821],[-145.1974,70.0087],[-145.8231,70.1601],[-146.7449,70.1917],[-147.0629,70.1704],[-147.7054,70.2172],[-147.8695,70.3033],[-149.2694,70.5008],[-149.8701,70.5097],[-150.1525,70.4437],[-150.6626,70.5099],[-151.2248,70.4188],[-151.9447,70.4521],[-152.4706,70.6536],[-152.2329,70.8104],[-152.4912,70.881],[-153.2329,70.9326],[-153.9182,70.8773],[-154.1952,70.8011],[-154.7852,70.8943],[-154.6737,70.9871],[-155.1668,71.0992],[-155.5794,70.8943],[-155.8722,70.8347],[-156.1466,70.9278],[-155.8043,70.9954],[-155.5794,71.1211],[-155.8111,71.1884],[-156.7833,71.3189],[-157.1953,71.0933],[-157.9985,70.8453],[-158.9963,70.8016],[-159.3145,70.8785],[-159.6809,70.7868],[-159.9618,70.6341],[-159.7462,70.5305],[-159.8552,70.3242],[-160.0951,70.3333],[-159.9631,70.5682],[-160.1171,70.5912],[-160.9963,70.3046],[-161.639,70.2345],[-161.881,70.3317],[-162.9521,69.7581],[-163.1615,69.3879],[-163.5357,69.1701],[-163.8679,69.0367],[-164.3023,68.9365],[-165.5095,68.8676],[-166.2091,68.8854],[-166.182,68.7972],[-166.3805,68.4251],[-166.2359,68.2779],[-165.9596,68.1559],[-165.386,68.0456],[-164.1252,67.6067],[-163.9427,67.4776],[-163.7206,67.1956],[-163.5318,67.1026],[-163.0017,67.0273],[-162.3916,67.0199],[-161.9654,67.0496],[-161.6222,66.9793],[-161.8788,66.804],[-161.8567,66.7003],[-161.398,66.5519],[-160.864,66.6709],[-160.2625,66.5725],[-160.2317,66.4203],[-160.6505,66.3731],[-161.0481,66.4742],[-161.591,66.4595],[-161.9096,66.5596],[-162.1314,66.8014],[-162.3616,66.9473],[-162.6074,66.8944],[-162.4674,66.7356],[-162.1912,66.6931],[-161.8876,66.4931],[-161.1203,66.3343],[-161.2011,66.2194],[-161.5568,66.2505],[-161.8163,66.0537],[-162.5869,66.0508],[-162.8865,66.0992],[-163.6954,66.0838],[-164.0337,66.2155],[-163.7755,66.5311],[-164.0583,66.6107],[-164.6741,66.555],[-165.064,66.4378],[-165.4494,66.4099],[-165.7762,66.319],[-165.7237,66.1125],[-166.2146,66.1703],[-166.7477,66.0519],[-167.0742,65.8771],[-167.4053,65.8593],[-167.58,65.7583],[-168.0884,65.6578],[-167.9873,65.5678],[-167.404,65.4221],[-166.6654,65.3383],[-166.4517,65.2473],[-166.531,65.1547],[-166.827,65.0961],[-166.4152,64.9265],[-166.4814,64.7281],[-166.1428,64.5828],[-164.8995,64.4606],[-164.304,64.5839],[-163.7131,64.5882],[-163.1443,64.4238],[-162.807,64.3742],[-162.1723,64.6781],[-161.7594,64.8163],[-161.4664,64.7949],[-161.1869,64.924],[-160.887,64.7956],[-160.9319,64.5791],[-161.3857,64.4399],[-160.9875,64.2513],[-160.7786,63.8189],[-161.0997,63.5579],[-161.5054,63.4682],[-161.974,63.4529],[-162.2828,63.5292],[-162.6215,63.2658],[-163.0623,63.0797],[-163.3588,63.0458],[-163.7362,63.1928],[-164.1076,63.2617],[-164.409,63.215],[-164.6774,63.0205],[-164.8454,62.801],[-164.7927,62.6232],[-165.1945,62.4735],[-165.7073,62.1004],[-165.6128,61.8693],[-166.0788,61.8031],[-166.1005,61.6451],[-165.7971,61.4912],[-165.9063,61.4038],[-165.6914,61.2999],[-165.5659,61.1023],[-165.0771,61.0942],[-165.1755,60.9657],[-164.4416,60.87],[-163.9946,60.8647],[-163.749,60.9697],[-163.4209,60.7574],[-163.73,60.59],[-163.8949,60.7452],[-164.2657,60.7247],[-164.3701,60.7959],[-164.8052,60.892],[-165.3538,60.5412],[-165.0265,60.5006],[-165.0611,60.4125],[-164.6623,60.3038],[-164.4705,60.1493],[-164.1315,59.9942],[-164.1428,59.8968],[-163.9069,59.8068],[-163.2194,59.8456],[-162.5708,59.9897],[-162.4213,60.284],[-162.2425,60.1783],[-162.1381,59.98],[-161.8287,59.5886],[-162.0233,59.284],[-161.9811,59.1461],[-161.7945,59.1095],[-161.7244,58.7943],[-161.8565,58.7171],[-161.7555,58.612],[-161.3613,58.6695],[-161.2159,58.801],[-160.8171,58.8717],[-160.3631,59.0512],[-160.1526,58.9059],[-159.9202,58.8199],[-159.6703,58.9111],[-159.3582,58.7213],[-159.0827,58.4698],[-158.7721,58.5203],[-158.8614,58.7188],[-158.7606,58.9501],[-158.4256,58.9993],[-158.5032,58.8503],[-158.3026,58.6418],[-158.0219,58.6402],[-157.142,58.8776],[-156.9747,58.7363],[-157.2289,58.6409],[-157.5236,58.4213],[-157.4427,58.1722],[-157.6109,58.0508],[-157.684,57.7439],[-157.6076,57.6015],[-157.8943,57.5114],[-158.3209,57.2979],[-158.6608,57.0394],[-158.6751,56.7949],[-158.9904,56.8601],[-159.2831,56.6886],[-159.7851,56.5616],[-160.3021,56.3141],[-160.5391,56.0063],[-160.3085,55.8645],[-160.7584,55.8546],[-160.8513,55.7719],[-161.2156,56.0214],[-161.6973,55.9072],[-162.1571,55.7194],[-162.5134,55.45],[-162.962,55.1838],[-163.2788,55.1218],[-162.865,54.9545],[-162.6744,54.9966],[-162.6441,55.218],[-162.5419,55.2427],[-162.3329,55.0502],[-162.074,55.1393],[-161.7416,55.3912],[-161.6835,55.5299],[-161.3819,55.3713],[-161.0995,55.4057],[-160.8967,55.5136],[-160.4627,55.5578],[-159.9623,55.7949],[-159.743,55.8438],[-159.5232,55.81],[-158.7898,55.9869],[-158.2756,56.1962],[-158.4144,56.4358],[-157.9783,56.5432],[-157.8691,56.6452],[-157.5784,56.6345],[-157.3902,56.8098],[-157.1392,56.8266],[-156.7799,57.0056],[-156.4751,57.1052],[-156.3977,57.2406],[-156.4784,57.3279],[-156.0002,57.545],[-155.778,57.5682],[-155.5902,57.7336],[-155.3127,57.8071],[-155.0069,58.0161],[-154.5849,58.0557],[-154.247,58.1594],[-154.2081,58.2888],[-154.0199,58.493],[-153.6173,58.6547],[-153.3344,58.8579],[-153.4183,58.96],[-153.6564,59.0387],[-154.1298,59.1199],[-154.0883,59.3633],[-153.8142,59.4737],[-153.4144,59.7401],[-153.0481,59.73],[-153.1061,59.875],[-152.7595,59.9209],[-152.6286,60.0411],[-152.654,60.2384],[-152.2603,60.4094],[-152.2707,60.5281],[-151.9962,60.6822],[-151.7505,60.7549],[-151.734,60.9107],[-151.1501,61.0858],[-150.6123,61.3011],[-150.4718,61.26],[-149.9452,61.2942],[-149.9677,61.1217],[-149.5925,60.9938],[-149.9976,60.9352],[-150.4413,61.0236],[-150.9538,60.8412],[-151.3218,60.7429],[-151.3127,60.4665],[-151.4515,60.2026],[-151.7345,59.9883],[-151.8532,59.7821],[-151.7638,59.7],[-151.1894,59.6377],[-151.3996,59.5163],[-151.85,59.4063],[-151.9641,59.2851],[-151.7382,59.1885],[-151.3664,59.2456],[-150.9607,59.244],[-150.6774,59.427],[-150.5815,59.5646],[-150.198,59.5666],[-149.7825,59.7503],[-149.7948,59.8558],[-149.5492,59.8943],[-149.4322,60.001],[-149.1216,60.0335],[-148.8427,59.9512],[-148.4307,59.9891],[-148.1976,60.1678],[-148.1817,60.3931],[-148.2964,60.5321],[-148.2679,60.6997],[-148.3444,60.8536],[-148.2087,61.0299],[-147.8911,60.8899],[-147.5926,60.9794],[-146.874,61.0049],[-146.5827,61.1278],[-146.6384,60.8973],[-146.251,60.7491],[-146.149,60.6607],[-145.6749,60.6511],[-145.8989,60.4782],[-145.2483,60.3801],[-144.984,60.5369],[-144.8244,60.5336],[-144.9013,60.3352],[-144.643,60.2247],[-144.3326,60.191],[-143.8051,60.0129],[-142.9457,60.097],[-142.5486,60.086],[-141.6702,59.9699],[-140.8432,59.7489],[-140.2167,59.7267],[-139.8502,59.8307],[-139.5822,59.8483],[-139.5056,59.7263],[-139.7991,59.5462],[-139.341,59.3756],[-138.3525,59.0873],[-138.0269,58.9415],[-137.544,58.5812],[-137.0719,58.3952],[-136.5826,58.2452],[-136.4624,58.328],[-136.1296,58.3504],[-136.1029,58.5063],[-136.5682,58.7863],[-136.8791,58.8815],[-136.831,58.9838],[-136.5662,58.9409],[-136.2258,58.7655],[-136.0455,58.7891],[-135.8617,58.5771],[-135.8734,58.3942],[-135.5718,58.4121],[-135.3025,58.2559],[-135.0497,58.3068],[-135.3341,58.9096],[-135.5023,59.2023],[-135.3584,59.3249],[-135.1318,58.8429],[-134.9648,58.7422],[-134.7761,58.4539],[-134.0633,58.2111],[-134.0311,58.0722],[-133.5542,57.6951],[-133.4367,57.3369],[-133.4659,57.1722],[-132.8143,57.0407],[-132.8022,56.8952],[-132.4871,56.7664],[-132.182,56.4207],[-132.0219,56.3801],[-131.8438,56.1601],[-132.0057,55.9301],[-132.2234,55.721],[-132.119,55.5698],[-131.8694,55.6472],[-131.7842,55.8766],[-131.2876,56.0121],[-131.1277,55.9602],[-130.9186,55.736],[-130.856,55.3551],[-131.0479,55.1577],[-130.8496,54.8076],[-130.5355,54.7487],[-130.3494,54.8146],[-130.2039,54.947],[-130.2185,55.0603],[-129.9852,55.1115],[-130.2189,54.7303],[-130.37,54.62],[-130.4303,54.421],[-130.2903,54.2704],[-130.0433,54.1335],[-130.0859,53.9758],[-130.3353,53.7239],[-130.0744,53.5756],[-129.9119,53.5514],[-129.8218,53.4127],[-129.5637,53.2515],[-129.2843,53.3932],[-129.2081,53.6416],[-128.9594,53.8415],[-128.7048,53.9186],[-128.7508,53.6608],[-128.9356,53.7152],[-129.1145,53.6411],[-129.1716,53.5336],[-129.0809,53.3673],[-128.6523,53.2438],[-128.5247,53.1407],[-128.452,52.8766],[-128.1088,52.8581],[-128.2751,52.4355],[-128.0603,52.4275],[-128.0375,52.3182],[-128.3576,52.1589],[-128.1936,51.9983],[-128.1022,51.7884],[-127.8588,51.9903],[-127.8189,51.6039],[-127.6449,51.4785],[-127.7081,51.1512],[-127.4412,50.9894],[-127.0576,50.8675],[-126.6318,50.9151],[-126.3971,50.8071],[-126.4045,50.5299],[-125.6976,50.4646],[-125.4763,50.4972],[-125.0567,50.4187],[-124.7843,50.0728],[-124.7824,50.0201],[-124.4833,49.8082],[-124.1416,49.7927],[-123.9721,49.892],[-123.8744,49.7368],[-124.0538,49.6617],[-123.8589,49.4829],[-123.5306,49.3973],[-123.3356,49.4592],[-123.1963,49.1477],[-123.0492,48.993],[-122.9242,49.0747],[-122.7888,48.993],[-122.653,48.7639],[-122.562,48.778],[-122.4968,48.5056],[-122.669,48.4652],[-122.4085,48.2939],[-122.5203,48.2291],[-122.242,48.0107],[-122.3929,47.8206],[-122.3538,47.3716],[-122.5422,47.2756],[-122.702,47.1109],[-122.9876,47.1726],[-122.9195,47.2896],[-122.8125,47.329],[-122.5779,47.2932],[-122.5536,47.4049],[-122.6302,47.6928],[-122.8214,47.7932],[-122.6566,47.8812],[-122.8609,48.09],[-123.1244,48.1509],[-123.2944,48.1195],[-123.9758,48.1685],[-124.6326,48.375],[-124.7017,48.1517],[-124.6211,47.9042],[-124.376,47.6586],[-124.3093,47.4046],[-124.1988,47.2085],[-124.1636,47.0153],[-123.8429,46.9632],[-124.1125,46.8627],[-124.0717,46.7448],[-123.8892,46.66],[-123.9461,46.4326],[-124.0728,46.2794],[-123.6884,46.2999],[-123.6736,46.1826],[-123.9471,46.1406],[-123.9612,45.843],[-123.9293,45.577],[-124.0592,44.7777],[-124.0475,44.4255],[-124.0992,44.3338],[-124.1487,43.6917],[-124.3466,43.3417],[-124.5396,42.8129],[-124.4062,42.5837],[-124.4205,42.381],[-124.3553,42.1229],[-124.2117,41.9846],[-124.2446,41.7879],[-124.1177,41.6217],[-124.0685,41.3842],[-124.14,41.1559],[-124.1331,40.9698],[-124.3717,40.4912],[-124.324,40.252],[-124.1085,40.0945],[-123.8845,39.8608],[-123.7835,39.6187],[-123.8203,39.3684],[-123.7195,39.111],[-123.7011,38.9073],[-123.2897,38.5358],[-123.1211,38.4493],[-122.9865,38.2771],[-122.9682,38.097],[-122.7604,37.9457],[-122.4669,37.8382],[-122.4839,38.1088],[-122.3934,38.1448],[-122.1538,38.0655],[-122.3854,37.9606],[-122.3841,37.7885],[-122.5142,37.772],[-122.4992,37.5426],[-122.4084,37.3731],[-122.3949,37.2075],[-122.1642,36.991],[-121.8807,36.9389],[-121.79,36.7323],[-121.9187,36.5724],[-121.8774,36.3311],[-121.6644,36.1541],[-121.3438,35.7922],[-121.2838,35.6763],[-121.1379,35.6071],[-120.8603,35.3654],[-120.8574,35.2097],[-120.6336,35.0765],[-120.6447,34.58],[-120.4812,34.4716],[-120.053,34.4693],[-119.8533,34.412],[-119.6061,34.418],[-119.2677,34.2574],[-119.1437,34.112],[-118.832,34.0245],[-118.5062,34.0174],[-118.393,33.8583],[-118.4104,33.7439],[-118.0805,33.7222],[-117.7885,33.5385],[-117.4674,33.2955],[-117.3188,33.1],[-117.263,32.9389],[-117.2435,32.664],[-117.1374,32.6492],[-117.0631,32.3436],[-116.9137,32.1985],[-116.848,31.9974],[-116.6208,31.8511],[-116.6622,31.5649],[-116.3334,31.2028],[-116.2963,30.9705],[-116.0622,30.8042],[-115.9958,30.4145],[-115.8156,30.3036],[-115.7896,30.0842],[-115.6738,29.7564],[-115.1664,29.4272],[-114.9935,29.3844],[-114.664,29.0946],[-114.3092,28.7299],[-114.1455,28.6054],[-114.0485,28.4262],[-114.0927,28.2213],[-114.1853,28.0133],[-114.1754,27.8306],[-114.3006,27.873],[-114.57,27.7839],[-115.0365,27.8418],[-114.9935,27.736],[-114.5399,27.4311],[-114.4453,27.2182],[-114.1101,27.106],[-113.9965,26.9877],[-113.841,26.9665],[-113.5985,26.7213],[-113.2058,26.857],[-113.0208,26.5833],[-112.6584,26.3167],[-112.3772,26.2139],[-112.1738,25.9126],[-112.0558,25.4882],[-112.1285,25.0431],[-112.0726,24.84],[-111.8482,24.6701],[-111.8025,24.5425],[-111.6829,24.5558],[-111.4193,24.329],[-111.0362,24.1053],[-110.63,23.7373],[-110.3627,23.6049],[-110.1806,23.3415],[-110.086,23.0055],[-109.9234,22.8859],[-109.7284,22.9818],[-109.4581,23.2147],[-109.4208,23.4801],[-109.5096,23.5979],[-109.6766,23.6616],[-109.7105,23.8038],[-110.0228,24.1746],[-110.2629,24.3445],[-110.2968,24.1949],[-110.547,24.2142],[-110.6593,24.3415],[-110.7345,24.5898],[-110.6772,24.7885],[-110.7557,24.9946],[-110.8939,25.1442],[-111.0344,25.527],[-111.1496,25.5726],[-111.2916,25.7898],[-111.3321,26.1254],[-111.5459,26.5792],[-111.5697,26.7076],[-111.7953,26.8797],[-112.0091,26.9671],[-112.004,27.0791],[-112.1915,27.1867],[-112.3292,27.5234],[-112.5526,27.6575],[-112.734,27.826],[-112.7957,28.2071],[-112.8708,28.4242],[-113.0937,28.5118],[-113.2056,28.7988],[-113.3207,28.8131],[-113.3818,28.9467],[-113.4997,28.9267],[-113.5453,29.1022],[-113.7555,29.3675],[-114.0619,29.6095],[-114.1792,29.7343],[-114.3726,29.8302],[-114.5505,30.0223],[-114.6498,30.2381],[-114.6333,30.5069],[-114.761,30.9587],[-114.8819,31.1564],[-114.8481,31.5379],[-114.7899,31.6471],[-114.8395,31.7985],[-114.9336,31.9007],[-114.6976,31.7774],[-114.5487,31.7335],[-114.1493,31.5074],[-114.0027,31.5251],[-113.9478,31.6293],[-113.633,31.4676],[-113.6235,31.3459],[-113.2314,31.256],[-113.0467,31.1792],[-113.108,31.0773],[-113.1104,30.7933],[-113.0577,30.651],[-112.8248,30.3001],[-112.7384,29.9854],[-112.5729,29.7195],[-112.4146,29.5364],[-112.3782,29.3477],[-112.2235,29.2695],[-112.1618,29.0189],[-111.9408,28.8232],[-111.6801,28.4706],[-111.4717,28.384],[-111.2824,28.1152],[-111.1214,27.967],[-110.9208,27.8889],[-110.759,27.9152],[-110.5299,27.8642],[-110.6155,27.6539],[-110.5606,27.4501],[-110.4778,27.3227],[-110.2771,27.1622],[-109.944,27.0793],[-109.8909,26.8834],[-109.7548,26.7029],[-109.4829,26.7104],[-109.2763,26.5339],[-109.1997,26.3052],[-109.4256,26.0326],[-109.385,25.7271],[-109.3043,25.6332],[-109.0685,25.5516],[-109.0288,25.4805],[-108.7873,25.538],[-108.751,25.4242],[-108.3737,25.1943],[-108.0928,25.0935],[-108.2077,24.9748],[-108.0151,24.7834],[-107.9512,24.6149],[-107.8167,24.539],[-107.5119,24.4892],[-107.5272,24.3601],[-106.9355,23.8813],[-106.7288,23.6107],[-106.5665,23.4495],[-106.4022,23.1956],[-106.2346,23.0609],[-106.0217,22.8291],[-105.7918,22.6275],[-105.6455,22.3269],[-105.6491,21.9881],[-105.4314,21.6183],[-105.2087,21.4908],[-105.2371,21.1192],[-105.4924,20.7766],[-105.3271,20.753],[-105.2602,20.5791],[-105.3771,20.5119],[-105.5426,20.4979],[-105.6694,20.3856],[-105.5704,20.2278],[-105.4821,19.9761],[-105.2864,19.7065],[-105.1077,19.5622],[-104.9385,19.3094],[-104.603,19.1529],[-104.4052,19.0912],[-103.9125,18.8285],[-103.6989,18.633],[-103.4416,18.3254],[-102.6996,18.0628],[-102.2166,17.9574],[-101.9955,17.9727],[-101.8471,17.9223],[-101.6003,17.6516],[-101.1479,17.3931],[-100.8478,17.2005],[-100.0245,16.9205],[-99.6907,16.7196],[-99.348,16.6647],[-98.7622,16.5348],[-98.5203,16.3048],[-98.139,16.2063],[-97.7548,15.9668],[-97.1847,15.9093],[-96.808,15.7264],[-96.5108,15.6519],[-96.2136,15.6931],[-95.7718,15.8878],[-95.4644,15.9747],[-95.1344,16.177],[-94.9004,16.4175],[-94.6615,16.2019],[-94.4708,16.1866],[-94.3742,16.2848],[-93.9161,16.0536],[-93.7344,15.8885],[-93.1669,15.448],[-92.8089,15.1386],[-92.2646,14.5678],[-91.8191,14.2282],[-91.3773,13.9902],[-91.146,13.9256],[-90.6069,13.929],[-90.4791,13.9009],[-89.9705,13.6832],[-89.8042,13.5601],[-89.2776,13.4781],[-88.867,13.2833],[-88.512,13.1839],[-88.4171,13.2135],[-88.1807,13.164],[-87.9309,13.1807],[-87.7083,13.3601],[-87.4891,13.3529],[-87.4128,13.1274],[-87.3325,13.0847],[-87.3386,12.95],[-87.4244,12.9211],[-87.5433,13.0397],[-87.6675,12.9036],[-87.4602,12.7576],[-87.1252,12.4341],[-86.7556,12.1566],[-86.6555,11.9815],[-86.4689,11.7383],[-85.9611,11.3313],[-85.7452,11.0886],[-85.7522,10.9853],[-85.908,10.8976],[-85.6672,10.745],[-85.6633,10.6354],[-85.8306,10.3981],[-85.8497,10.292],[-85.7965,10.1329],[-85.6249,9.9024],[-85.3146,9.8109],[-85.1145,9.5818],[-84.8864,9.8209],[-84.9628,9.9334],[-85.1607,10.0174],[-85.1984,10.1953],[-85.025,10.1157],[-84.7149,9.8994],[-84.6431,9.7894],[-84.6589,9.6467],[-84.4827,9.5262],[-84.2224,9.4625],[-83.8956,9.2764],[-83.6373,9.0354],[-83.6137,8.8041],[-83.7341,8.6145],[-83.5437,8.4459],[-83.2915,8.406],[-83.2978,8.5069],[-83.4218,8.6192],[-83.3914,8.7177],[-83.1624,8.5882],[-83.1233,8.3531],[-82.8543,8.0995],[-82.8661,8.2463],[-82.6795,8.322],[-82.2243,8.2304],[-81.9733,8.2151],[-81.7276,8.1375],[-81.5041,7.7212],[-81.2684,7.6255],[-81.1955,7.6684],[-81.1578,7.8544],[-81.0639,7.8998],[-81.0351,7.7111],[-80.8456,7.2201],[-80.4389,7.275],[-80.2873,7.4256],[-80.1106,7.4334],[-80.0112,7.5],[-80.0752,7.667],[-80.4581,8.0771],[-80.459,8.2139],[-80.3687,8.2888],[-80.1258,8.3497],[-79.7504,8.5955],[-79.8159,8.6392],[-79.6875,8.851],[-79.4415,9.006],[-79.0864,8.9972],[-78.6209,8.7137],[-78.5141,8.6282],[-78.4694,8.4467],[-78.3501,8.46],[-78.1139,8.3796],[-78.2812,8.2476],[-78.2549,8.1386],[-78.4216,8.061],[-78.3782,7.8999],[-78.1701,7.5438],[-77.8037,7.1373],[-77.526,6.6931],[-77.4389,6.6903],[-77.3599,6.5045],[-77.3982,6.275],[-77.4694,6.1768],[-77.3447,5.9954],[-77.2493,5.7802],[-77.3246,5.6756],[-77.5344,5.5371],[-77.4018,5.4162],[-77.3592,5.2152],[-77.3395,4.8385],[-77.2863,4.7217],[-77.4273,4.0604],[-77.3582,3.9447],[-77.1666,3.8623],[-77.2428,3.5854],[-77.4171,3.3418],[-77.5591,3.076],[-77.6937,3.0399],[-77.67,2.8789],[-77.8745,2.7259],[-77.9323,2.6292],[-78.12,2.4882],[-78.2961,2.5105],[-78.5347,2.4237],[-78.617,2.3068],[-78.6286,2.0563],[-78.5504,1.9236],[-78.5769,1.7738],[-78.793,1.8487],[-78.9577,1.7522],[-79.0254,1.6237],[-78.8885,1.5241],[-78.8271,1.2959],[-78.8997,1.2063],[-79.2291,1.1046],[-79.4654,1.0601],[-79.6132,0.9711],[-79.7412,0.9798],[-79.9035,0.8602],[-80.0883,0.7848],[-80.025,0.4102],[-80.0461,0.1554],[-80.1334,-0.0061],[-80.3213,-0.1658],[-80.4823,-0.3683],[-80.4555,-0.5854],[-80.5539,-0.8479],[-80.8414,-0.9747],[-80.9024,-1.0789],[-80.8014,-1.3834],[-80.835,-1.6324],[-80.7631,-1.8229],[-80.7704,-2.0767],[-80.9628,-2.1893],[-80.8391,-2.349],[-80.6849,-2.3969],[-80.4501,-2.626],[-80.2847,-2.7067],[-80.1271,-2.5284],[-79.9256,-2.5485],[-79.8224,-2.3565],[-79.7299,-2.5791],[-79.8227,-2.777],[-79.9216,-3.0901],[-80.0267,-3.2281],[-80.5037,-3.4961],[-80.7986,-3.7311],[-80.8919,-3.8816],[-81.232,-4.2343],[-81.2832,-4.3223],[-81.3366,-4.6695],[-81.1085,-5.0278],[-81.1677,-5.1671],[-80.9431,-5.4754],[-80.8827,-5.759],[-80.9917,-5.8609],[-81.0918,-5.8124],[-81.1805,-5.9424],[-81.142,-6.0567],[-80.8116,-6.2822],[-80.1103,-6.6496],[-79.762,-7.0665],[-79.6177,-7.2956],[-79.5889,-7.4189],[-79.3772,-7.8355],[-79.0123,-8.2102],[-78.9254,-8.4046],[-78.7623,-8.617],[-78.7546,-8.7404],[-78.5801,-9.1566],[-78.4457,-9.3706],[-78.3565,-9.6521],[-78.2756,-9.8104],[-78.1856,-10.0891],[-78.0955,-10.2606],[-77.7361,-10.8367],[-77.6643,-11.0221],[-77.6332,-11.2878],[-77.3099,-11.5324],[-77.2203,-11.6634],[-77.1527,-12.0604],[-76.8321,-12.3487],[-76.758,-12.5271],[-76.5552,-12.8234],[-76.4273,-13.11],[-76.2236,-13.3712],[-76.1839,-13.5152],[-76.297,-13.9484],[-76.289,-14.1331],[-76.1365,-14.3203],[-75.9339,-14.6336],[-75.7377,-14.785],[-75.5336,-14.8992],[-75.3966,-15.0936],[-75.2746,-15.1781],[-75.1042,-15.4119],[-74.5549,-15.699],[-74.3729,-15.834],[-74.1471,-15.9125],[-73.825,-16.1528],[-73.4,-16.3043],[-73.2638,-16.3886],[-72.7939,-16.6146],[-72.4677,-16.7081],[-72.1113,-17.0025],[-71.8684,-17.1511],[-71.5322,-17.2943],[-71.3994,-17.422],[-71.337,-17.6825],[-70.9417,-17.932],[-70.8175,-18.0525],[-70.4916,-18.2777],[-70.3616,-18.398],[-70.3349,-18.8275],[-70.2758,-19.2676],[-70.1481,-19.8051],[-70.1475,-20.2298],[-70.197,-20.7254],[-70.0884,-21.2532],[-70.0875,-21.4931],[-70.2285,-22.1932],[-70.2595,-22.5561],[-70.3317,-22.8486],[-70.4497,-23.0342],[-70.5632,-23.057],[-70.5881,-23.3684],[-70.3923,-23.5659],[-70.4878,-23.7817],[-70.5074,-24.1297],[-70.5741,-24.6443],[-70.5586,-24.7785],[-70.4454,-25.1727],[-70.4895,-25.3765],[-70.633,-25.5456],[-70.7137,-25.7842],[-70.6354,-25.9927],[-70.6466,-26.3294],[-70.7084,-26.597],[-70.8029,-26.8409],[-70.8979,-27.1875],[-70.9258,-27.5887],[-71.0526,-27.7273],[-71.1545,-28.0641],[-71.1864,-28.3778],[-71.3067,-28.6725],[-71.5192,-28.9265],[-71.4858,-29.1982],[-71.3533,-29.3504],[-71.3157,-29.6497],[-71.4004,-30.143],[-71.6695,-30.3304],[-71.7089,-30.628],[-71.6539,-30.9866],[-71.662,-31.1695],[-71.5773,-31.4964],[-71.5259,-31.8059],[-71.513,-32.2079],[-71.4213,-32.3868],[-71.4522,-32.6596],[-71.592,-32.9695],[-71.743,-33.0951],[-71.6644,-33.6526],[-71.831,-33.8195],[-72.0028,-34.1653],[-71.9915,-34.2885],[-72.056,-34.6158],[-72.2238,-35.0962],[-72.3867,-35.2404],[-72.6239,-35.5857],[-72.5874,-35.7597],[-72.7784,-35.9785],[-72.8746,-36.3904],[-73.0066,-36.6435],[-73.1181,-36.6884],[-73.216,-37.1669],[-73.3746,-37.2243],[-73.6017,-37.1885],[-73.6624,-37.341],[-73.6034,-37.4791],[-73.6618,-37.6985],[-73.4648,-38.0403],[-73.5326,-38.3668],[-73.4808,-38.624],[-73.2265,-39.2244],[-73.2499,-39.4224],[-73.4104,-39.7892],[-73.671,-39.9632],[-73.6694,-40.0823],[-73.9203,-40.8716],[-73.9659,-41.1183],[-73.8107,-41.5175],[-73.6881,-41.6393],[-73.7352,-41.7425],[-73.5213,-41.7971],[-73.2418,-41.7809],[-73.015,-41.5438],[-72.8051,-41.5443],[-72.6698,-41.6594],[-72.8241,-41.9088],[-72.7382,-41.9946],[-72.4994,-41.9809],[-72.4124,-42.3882],[-72.6311,-42.1998],[-72.7852,-42.3013],[-72.7739,-42.5052],[-72.845,-42.808],[-72.758,-43.0395],[-72.878,-43.0481],[-72.94,-43.2113],[-73.076,-43.3236],[-73.101,-43.4552],[-72.9966,-43.6315],[-73.0688,-43.862],[-73.2245,-43.8979],[-73.2651,-44.1687],[-72.8275,-44.3954],[-72.6639,-44.4364],[-72.739,-44.7342],[-73.0784,-44.9202],[-73.3625,-44.9782],[-73.445,-45.2382],[-73.2264,-45.2552],[-73.5499,-45.4838],[-73.7308,-45.48],[-73.7566,-45.7028],[-73.6949,-45.8596],[-73.9603,-45.8353],[-73.825,-45.4469],[-74.0375,-45.4177],[-74.1227,-45.4962],[-74.0825,-45.6447],[-74.1579,-45.7672],[-74.4628,-45.8407],[-74.7631,-45.8236],[-75.0667,-45.8749],[-75.0745,-46.0045],[-74.9245,-46.1597],[-75.6568,-46.6104],[-75.7081,-46.775],[-75.4966,-46.9401],[-75.3864,-46.8627],[-75.4784,-46.6624],[-75.1458,-46.6001],[-75.006,-46.7411],[-74.6908,-46.864],[-74.5123,-46.8852],[-74.3136,-46.7882],[-74.1519,-46.9744],[-74.1584,-47.1825],[-74.4033,-47.3275],[-74.4827,-47.4305],[-74.1341,-47.5908],[-74.243,-47.6793],[-74.5338,-47.5677],[-74.6549,-47.7022],[-74.3762,-47.8297],[-74.2271,-47.9689],[-73.9409,-47.9294],[-73.7159,-47.6555],[-73.5282,-48.1982],[-73.8538,-48.0422],[-74.2504,-48.0449],[-74.5847,-47.999],[-74.5772,-48.2744],[-74.341,-48.5957],[-74.3821,-48.7937],[-74.3666,-49.4005],[-74.2213,-49.5006],[-74.0944,-49.4297],[-73.8925,-49.5234],[-74.2908,-49.6041],[-74.3239,-49.7834],[-74.0194,-50.0228],[-74.3337,-49.9746],[-74.6296,-50.194],[-74.1856,-50.4854],[-74.3656,-50.4879],[-74.6445,-50.3609],[-74.7759,-50.4699],[-74.6857,-50.662],[-75.0947,-50.6812],[-75.0553,-50.7855],[-74.8147,-51.0629],[-74.3323,-51.195],[-74.1212,-51.1954],[-73.8959,-51.3314],[-73.9298,-51.6179],[-74.0696,-51.5787],[-74.1967,-51.6806],[-73.9732,-51.7845],[-73.7526,-51.7955],[-73.5182,-52.041],[-73.3833,-52.07],[-72.9284,-51.8599],[-72.6,-51.7991],[-72.5229,-51.8909],[-72.6955,-51.9852],[-72.8432,-51.9611],[-73.1374,-52.1297],[-73.5322,-52.1531],[-73.8345,-52.234],[-74.2957,-52.1179],[-74.1508,-52.3825],[-74.0374,-52.4029],[-74.0145,-52.6394],[-73.9147,-52.6882],[-73.5857,-52.6857],[-73.3821,-52.5951],[-73.2408,-52.7071],[-73.6452,-52.837],[-73.3382,-53.0547],[-73.1225,-53.0739],[-73.0203,-52.8918],[-72.8019,-52.7124],[-72.7766,-52.5774],[-72.6448,-52.5291],[-72.4377,-52.6258],[-72.2257,-52.521],[-71.8119,-52.537],[-71.7971,-52.6828],[-72.1176,-52.65],[-72.4535,-52.8145],[-72.7277,-52.7623],[-72.8892,-52.8716],[-72.9155,-53.122],[-73.0527,-53.2435],[-72.7268,-53.42],[-72.5489,-53.4607],[-72.4583,-53.2545],[-72.1291,-53.0644],[-71.898,-53.0018],[-71.3877,-52.7643],[-71.1551,-52.8456],[-71.4003,-53.107],[-71.8527,-53.2857],[-71.9417,-53.2341],[-72.3061,-53.2537],[-72.4129,-53.3502],[-72.3768,-53.4712],[-72.1744,-53.6323],[-71.6938,-53.8031],[-71.2978,-53.8834],[-70.9958,-53.7793],[-70.9478,-53.5704],[-70.9521,-53.227],[-70.8212,-52.9631],[-70.7951,-52.7687],[-69.5606,-52.4216],[-69.4469,-52.2694],[-69.241,-52.2055],[-68.4434,-52.3566],[-68.3937,-52.307],[-68.6908,-52.0131],[-68.9168,-51.7146],[-69.0325,-51.6362],[-69.0296,-51.4465],[-69.1435,-51.097],[-69.2352,-50.9506],[-69.155,-50.8645],[-69.0448,-50.4991],[-68.9395,-50.3823],[-68.4219,-50.1579],[-68.6616,-49.9357],[-68.5693,-49.867],[-68.4046,-50.0427],[-68.1457,-50.0914],[-67.914,-49.9845],[-67.7835,-49.8589],[-67.662,-49.3422],[-67.6849,-49.2467],[-67.4663,-48.9518],[-67.0331,-48.6277],[-66.3934,-48.3424],[-65.8101,-47.9411],[-65.9342,-47.8268],[-65.7754,-47.5684],[-65.7381,-47.3449],[-65.8537,-47.1567],[-65.9985,-47.0937],[-66.6504,-47.0453],[-66.7769,-47.0059],[-67.3866,-46.5538],[-67.5634,-46.3454],[-67.6089,-46.1668],[-67.5566,-45.9701],[-67.2576,-45.5772],[-66.9414,-45.2573],[-66.5851,-45.1829],[-66.1901,-44.9647],[-65.6388,-45.0078],[-65.5991,-44.8756],[-65.6983,-44.7962],[-65.6476,-44.6614],[-65.3613,-44.4773],[-65.2655,-44.2797],[-65.3084,-44.1582],[-65.2386,-44.0487],[-65.3047,-43.7875],[-65.2836,-43.63],[-64.9855,-43.2936],[-64.7152,-43.1355],[-64.4322,-43.0592],[-64.3191,-42.9689],[-64.6292,-42.909],[-65.0269,-42.7589],[-64.9707,-42.6663],[-64.6505,-42.5314],[-64.4878,-42.5135],[-64.3243,-42.5723],[-64.1307,-42.8614],[-64.0348,-42.8812],[-63.6925,-42.8053],[-63.6173,-42.6958],[-63.5959,-42.4065],[-63.6848,-42.1887],[-63.7956,-42.1139],[-64.0612,-42.2661],[-64.1009,-42.3951],[-64.4204,-42.4338],[-64.5242,-42.2992],[-64.898,-42.1618],[-65.0591,-41.9699],[-65.007,-41.7451],[-65.0183,-41.5669],[-65.155,-41.1057],[-65.1334,-40.8807],[-64.9169,-40.7313],[-64.853,-40.8138],[-64.6215,-40.8545],[-64.1232,-41.0078],[-63.773,-41.15],[-63.2128,-41.1524],[-62.959,-41.1097],[-62.395,-40.8908],[-62.2463,-40.6746],[-62.3936,-40.4588],[-62.4019,-40.1966],[-62.2869,-39.8953],[-62.1315,-39.8254],[-62.0537,-39.3738],[-62.3381,-39.1506],[-62.3036,-38.9881],[-62.3745,-38.8529],[-62.1893,-38.8133],[-62.0669,-38.9191],[-61.6025,-38.9988],[-61.1122,-38.993],[-59.8283,-38.8382],[-59.0072,-38.6733],[-58.1792,-38.4358],[-57.6456,-38.1696],[-57.547,-38.0856],[-57.5073,-37.9093],[-57.3958,-37.7446],[-57.0877,-37.4464],[-56.7271,-36.9577],[-56.672,-36.8513],[-56.6981,-36.4265],[-56.7495,-36.3465],[-56.9372,-36.3525],[-57.0762,-36.2968],[-57.265,-36.1441],[-57.3755,-35.9003],[-57.3539,-35.7203],[-57.1589,-35.506],[-57.1707,-35.3625],[-57.3037,-35.1885],[-57.7636,-34.8945],[-58.2833,-34.6835],[-58.4662,-34.4574],[-58.5255,-34.2962],[-58.3925,-34.193],[-58.4566,-33.8983],[-58.5472,-33.6635],[-58.4245,-33.1115],[-58.2504,-33.0783],[-58.171,-32.9593],[-58.22,-32.564],[-58.1622,-32.5665],[-58.0823,-32.8937],[-58.2216,-33.1291],[-58.3534,-33.2601],[-58.4381,-33.7191],[-58.4002,-33.9124],[-58.207,-34.1091],[-57.9612,-34.3069],[-57.8291,-34.4773],[-57.5435,-34.448],[-57.1707,-34.4523],[-56.8552,-34.6767],[-56.4631,-34.7754],[-56.3878,-34.861],[-56.1179,-34.9079],[-55.6731,-34.7757],[-55.3706,-34.8076],[-55.2379,-34.8958],[-54.9023,-34.9328],[-54.1686,-34.6707],[-54.0103,-34.517],[-53.7853,-34.3804],[-53.7429,-34.2495],[-53.5345,-34.0175],[-53.4196,-33.7792],[-52.9208,-33.402],[-52.6522,-33.1378],[-52.5085,-32.8753],[-52.3416,-32.4397],[-52.1274,-32.1678],[-52.1936,-31.8855],[-52.1198,-31.6949],[-52.027,-31.599],[-51.9725,-31.3838],[-51.7169,-31.2437],[-51.4637,-31.0526],[-51.4591,-30.9128],[-51.3765,-30.8469],[-51.3591,-30.6745],[-51.1573,-30.3643],[-51.0404,-30.2606],[-50.9319,-30.3743],[-50.6462,-30.2368],[-50.5465,-30.3169],[-50.5819,-30.4389],[-50.7163,-30.426],[-50.6893,-30.7042],[-50.7702,-30.8134],[-50.9408,-30.9037],[-50.9801,-31.0942],[-51.1614,-31.1188],[-51.1743,-31.3397],[-51.2722,-31.477],[-51.4462,-31.5573],[-51.6807,-31.7746],[-51.8932,-31.8678],[-52.0632,-31.8304],[-52.0392,-32.1148],[-51.7981,-31.9003],[-51.4604,-31.7024],[-51.1518,-31.4804],[-50.9214,-31.2584],[-50.62,-30.8977],[-50.2995,-30.4258],[-50.0333,-29.801],[-49.746,-29.3632],[-49.4999,-29.0754],[-49.2713,-28.8712],[-48.7997,-28.5753],[-48.7973,-28.4427],[-48.6932,-28.3102],[-48.6208,-28.0756],[-48.6057,-27.8252],[-48.6426,-27.5579],[-48.5541,-27.196],[-48.6777,-26.7029],[-48.6516,-26.4064],[-48.7483,-26.2687],[-48.6194,-26.1794],[-48.5452,-25.8159],[-48.4012,-25.5974],[-48.4761,-25.443],[-48.4025,-25.2721],[-48.1859,-25.3099],[-47.9294,-25.1683],[-47.8766,-24.9975],[-47.5922,-24.7811],[-47.1372,-24.4932],[-46.8673,-24.2363],[-46.6308,-24.1104],[-45.9721,-23.7955],[-45.6646,-23.7648],[-45.4643,-23.8025],[-45.4233,-23.6854],[-45.2154,-23.5756],[-44.9517,-23.3814],[-44.6672,-23.3352],[-44.6373,-23.0555],[-44.3679,-23.005],[-44.148,-23.011],[-43.8662,-22.9105],[-43.5328,-23.0464],[-43.2242,-22.9912],[-43.229,-22.7477],[-43.0863,-22.7233],[-43.0812,-22.9025],[-42.9583,-22.9671],[-42.5811,-22.941],[-42.0424,-22.9471],[-41.9409,-22.7883],[-41.9804,-22.5807],[-41.7055,-22.3097],[-41.5829,-22.2437],[-41.1225,-22.0844],[-40.9878,-21.9203],[-41.0473,-21.5057],[-40.9545,-21.2379],[-40.7893,-20.9061],[-40.5966,-20.7838],[-40.3959,-20.5694],[-40.2989,-20.2927],[-40.2027,-20.2061],[-40.1417,-19.9683],[-40.0014,-19.742],[-39.8447,-19.6491],[-39.7314,-19.4539],[-39.6999,-19.2778],[-39.7419,-18.846],[-39.7398,-18.6398],[-39.6508,-18.2523],[-39.4868,-17.9901],[-39.2784,-17.8494],[-39.154,-17.7039],[-39.2152,-17.3158],[-39.125,-16.7636],[-38.8806,-15.8643],[-38.9962,-15.2538],[-39.0134,-14.9356],[-39.0596,-14.6548],[-38.9423,-14.0307],[-39.0349,-13.991],[-39.0411,-13.7581],[-38.9886,-13.615],[-39.0894,-13.5882],[-39.0309,-13.3651],[-38.8353,-13.1472],[-38.7637,-12.9072],[-38.788,-12.7827],[-38.691,-12.6239],[-38.5249,-12.7623],[-38.4989,-12.9566],[-38.4018,-12.9662],[-38.2397,-12.8442],[-38.0192,-12.5913],[-37.6887,-12.1],[-37.4693,-11.6536],[-37.4118,-11.4973],[-36.9378,-10.8204],[-36.7683,-10.6717],[-36.3983,-10.4841],[-36.2235,-10.2251],[-36.055,-10.0758],[-35.764,-9.7025],[-35.5971,-9.5406],[-35.3409,-9.2307],[-35.1578,-8.9306],[-34.9666,-8.4076],[-34.8905,-8.0922],[-34.8347,-7.9715],[-34.8786,-7.7475],[-34.8055,-7.2884],[-34.8339,-7.0244],[-34.9296,-6.7851],[-34.9882,-6.3937],[-35.0955,-6.1854],[-35.1417,-5.9172],[-35.2354,-5.5667],[-35.3926,-5.2509],[-35.5494,-5.1294],[-35.9799,-5.0544],[-36.1618,-5.0937],[-36.5907,-5.0976],[-36.8611,-4.9666],[-37.1747,-4.9124],[-37.3015,-4.7131],[-37.6263,-4.5921],[-37.7957,-4.4043],[-38.0488,-4.2164],[-38.4758,-3.7175],[-38.6862,-3.6537],[-39.0144,-3.3902],[-39.9647,-2.8615],[-40.4746,-2.7956],[-40.8756,-2.8696],[-41.1945,-2.8861],[-41.3182,-2.9362],[-41.6401,-2.8786],[-41.8762,-2.7466],[-41.9999,-2.8061],[-42.2496,-2.792],[-42.5936,-2.661],[-42.6759,-2.5896],[-42.9367,-2.465],[-43.2297,-2.386],[-43.3801,-2.3761],[-43.4551,-2.5021],[-43.7286,-2.5182],[-43.9329,-2.5835],[-44.1927,-2.8096],[-44.2252,-2.755],[-44.1126,-2.5985],[-44.1056,-2.4935],[-44.2286,-2.4713],[-44.3082,-2.5352],[-44.4375,-2.9444],[-44.6227,-3.1379],[-44.7214,-3.1423],[-44.589,-2.5734],[-44.5201,-2.4055],[-44.3818,-2.3655],[-44.4354,-2.1681],[-44.6586,-2.2275],[-44.5378,-2.0527],[-44.5468,-1.9463],[-44.6513,-1.7458],[-44.7898,-1.7248],[-45.0764,-1.4664],[-45.1821,-1.507],[-45.2821,-1.6966],[-45.4586,-1.3562],[-45.6448,-1.3479],[-45.7788,-1.2508],[-45.9723,-1.1874],[-46.0446,-1.103],[-46.2191,-1.0312],[-46.4217,-1.0301],[-46.6172,-0.9706],[-46.8112,-0.7797],[-47.1269,-0.7454],[-47.2686,-0.6454],[-47.3981,-0.6267],[-47.6511,-0.7187],[-47.8077,-0.6635],[-47.9609,-0.7696],[-48.1151,-0.7375],[-48.3176,-0.9605],[-48.3065,-1.0398],[-48.4498,-1.1455],[-48.4777,-1.3238],[-48.4458,-1.5204],[-48.71,-1.4877],[-48.9913,-1.8298],[-49.211,-1.9165],[-49.4077,-2.3443],[-49.4575,-2.5046],[-49.5534,-2.5199],[-49.3137,-1.7317],[-49.7195,-1.9264],[-49.9992,-1.8318],[-50.2604,-1.9229],[-50.4032,-2.0155],[-50.69,-1.7617],[-50.679,-1.6438],[-50.7861,-1.4899],[-50.8446,-1.2263],[-50.9179,-1.1152],[-50.8382,-1.0389],[-50.8949,-0.9376],[-51.2974,-1.2235],[-51.6463,-1.3943],[-51.9476,-1.5867],[-52.1967,-1.6401],[-52.3103,-1.5596],[-52.5534,-1.5141],[-52.2292,-1.3625],[-52.0205,-1.399],[-51.9345,-1.3203],[-51.9216,-1.1809],[-51.7206,-1.0185],[-51.7026,-0.7623],[-51.555,-0.5491],[-51.4041,-0.3927],[-51.2829,-0.0852],[-51.102,-0.0312],[-50.9671,0.1303],[-50.8164,0.1726],[-50.5815,0.4205],[-50.463,0.6373],[-50.2944,0.8357],[-49.8989,1.163],[-49.8816,1.4199],[-49.9571,1.6599],[-50.1876,1.786],[-50.4589,1.8296],[-50.6589,2.131],[-50.7897,2.4778],[-50.8272,2.6519],[-50.9941,3.0775],[-51.0524,3.2818],[-51.0763,3.6717],[-51.2199,4.0936],[-51.4615,4.3138],[-51.6658,4.2288],[-51.7856,4.5705],[-51.9196,4.5243],[-52.0581,4.7174],[-52.2905,4.9422],[-52.454,5.0213],[-52.765,5.2735],[-52.8993,5.425],[-53.2704,5.5433],[-53.4544,5.5635],[-53.8472,5.7822],[-53.9199,5.769],[-54.3562,5.9099],[-54.8337,5.9883],[-55.1483,5.9935],[-55.3793,5.9526],[-55.6483,5.9859],[-55.8282,5.9617],[-55.9396,5.7955],[-56.466,5.9377],[-56.9698,5.9929],[-57.0566,5.9387],[-57.136,5.7372],[-57.1902,6.0973],[-57.3437,6.2721],[-57.5401,6.3315],[-57.6076,6.4504],[-57.9826,6.7859],[-58.2984,6.8793],[-58.415,6.8512],[-58.5695,6.6272],[-58.5829,6.8437],[-58.4806,7.0381],[-58.4773,7.3258],[-58.6266,7.5459],[-58.8116,7.7356],[-59.2002,8.0746],[-59.6661,8.3626],[-59.8365,8.3738],[-59.9806,8.5326],[-60.1675,8.617],[-60.3402,8.6288],[-60.4815,8.5473],[-60.801,8.5921],[-61.036,8.4931],[-61.1937,8.4876],[-61.304,8.4104],[-61.6187,8.5975],[-61.2473,8.6003],[-61.1224,8.8434],[-61.0531,9.0951],[-60.971,9.2152],[-60.841,9.2637],[-60.7925,9.3607],[-61.0134,9.5564],[-61.3094,9.6331],[-61.5123,9.8475],[-61.7659,9.8138],[-62.1196,9.9849],[-62.1904,9.8422],[-62.3204,9.7831],[-62.5151,10.1761],[-62.6616,10.1986],[-62.7063,10.3331],[-62.843,10.4179],[-62.843,10.5072],[-62.6936,10.563],[-62.38,10.5469],[-62.2423,10.6996],[-62.7023,10.7498],[-62.9467,10.7071],[-63.1899,10.7092],[-63.4968,10.6433],[-63.8734,10.6638],[-63.8337,10.4485],[-64.1883,10.4578],[-64.8505,10.0981],[-65.1291,10.0701],[-65.4894,10.1594],[-65.6559,10.2285],[-65.8518,10.2578],[-66.0905,10.4729],[-66.1059,10.5746],[-66.2472,10.6322],[-66.9891,10.6106],[-67.1333,10.5704],[-67.5813,10.5237],[-67.8716,10.4721],[-68.1399,10.4927],[-68.2341,10.5691],[-68.3247,10.8087],[-68.3248,10.9493],[-68.3986,11.161],[-68.828,11.4317],[-69.2326,11.5185],[-69.6316,11.4799],[-69.7119,11.5642],[-69.8105,11.8369],[-69.8306,11.9956],[-70.004,12.1779],[-70.2028,12.0984],[-70.2865,11.886],[-70.1926,11.6246],[-69.8173,11.6721],[-69.7729,11.5413],[-69.8854,11.4443],[-70.0485,11.5303],[-70.2325,11.373],[-70.5456,11.2614],[-70.8205,11.2084],[-71.2644,10.9995],[-71.4695,10.9642],[-71.4611,10.8356],[-71.5446,10.7787],[-71.5179,10.6218],[-71.3866,10.2638],[-71.2622,10.1436],[-71.0817,9.8332],[-71.0527,9.7058],[-71.0858,9.3482],[-71.2979,9.1256],[-71.5366,9.0483],[-71.6867,9.0725],[-71.7813,9.25],[-71.7607,9.3357],[-71.9763,9.5532],[-72.1128,9.8156],[-71.9557,10.1081],[-71.6648,10.4438],[-71.5943,10.6574],[-71.7309,10.9947],[-71.947,11.4145],[-71.9569,11.5699],[-71.8687,11.6273],[-71.4884,11.7188],[-71.3494,11.8149],[-71.1373,12.0463],[-71.155,12.1642],[-71.2621,12.3353],[-71.494,12.4323],[-71.7146,12.42],[-71.9191,12.3091],[-71.9701,12.2383],[-72.1357,12.1886],[-72.1652,12.0602],[-72.275,11.8893],[-72.4471,11.8017],[-72.7218,11.7122],[-73.3134,11.2958],[-73.7957,11.2757],[-74.0591,11.3406],[-74.2002,11.2657],[-74.2191,11.1053],[-74.3502,10.8137],[-74.5163,10.8625],[-74.4542,10.9891],[-74.8446,11.1097],[-75.2806,10.7272],[-75.446,10.6109],[-75.5537,10.3277],[-75.6709,10.1963],[-75.5959,10.1258],[-75.5927,9.9927],[-75.68,9.7298],[-75.6036,9.5385],[-75.6394,9.4504],[-75.905,9.4309],[-76.1355,9.2656],[-76.2769,8.9891],[-76.6894,8.6947],[-76.888,8.6199],[-76.7721,8.3105],[-76.7423,8.0021],[-76.8519,8.0905],[-77.1301,8.4006],[-77.2616,8.4937],[-77.3441,8.6367],[-77.6972,8.8895],[-77.8308,9.0681],[-78.0828,9.2363],[-78.5043,9.4063],[-78.9316,9.4285],[-79.0167,9.5104],[-79.5773,9.5979],[-79.8551,9.3781],[-79.978,9.3437],[-80.1271,9.2099],[-80.5469,9.0819],[-80.8387,8.8872],[-81.0631,8.8126],[-81.3548,8.7806],[-81.5456,8.827],[-81.7122,9.0189],[-81.7802,8.9572],[-82.0779,8.9349],[-82.2442,9.0315],[-82.2354,9.1417],[-82.3397,9.2092],[-82.3708,9.4286],[-82.6102,9.616],[-82.7784,9.6695],[-83.0285,9.9913],[-83.1246,10.0416],[-83.4482,10.4659],[-83.642,10.9172],[-83.7141,10.9338],[-83.8318,11.1305],[-83.8679,11.3],[-83.745,11.5665],[-83.6518,11.642],[-83.7693,11.9316],[-83.6804,12.0243],[-83.6513,12.2871],[-83.7542,12.502],[-83.5109,12.4118],[-83.5412,12.5963],[-83.5145,12.9439],[-83.5673,13.3203],[-83.4937,13.7388],[-83.4123,13.9965],[-83.3466,14.057],[-83.1877,14.3401],[-83.2992,14.749],[-83.1575,14.9931],[-83.2909,15.0789],[-83.3692,15.24],[-83.5511,15.294],[-83.7604,15.2204],[-83.9274,15.394],[-83.9728,15.5196],[-84.2614,15.8226],[-84.6461,15.8836],[-84.9737,15.9899],[-85.1637,15.9182],[-85.4837,15.8995],[-85.784,16.0028],[-86.1812,15.8852],[-86.3566,15.7832],[-86.757,15.7942],[-86.9072,15.7624],[-87.2859,15.8344],[-87.4869,15.7902],[-87.6182,15.9099],[-87.875,15.8793],[-88.1311,15.701],[-88.5362,15.8496],[-88.6034,15.7642],[-88.894,15.8906],[-88.8791,16.0166],[-88.6952,16.2477],[-88.5623,16.2904],[-88.3134,16.6328],[-88.2618,16.963],[-88.294,17.1921],[-88.2672,17.3926],[-88.2035,17.5166],[-88.2717,17.6099],[-88.0972,18.1216],[-88.1303,18.3507],[-88.3493,18.3588],[-88.0738,18.8345],[-88.0111,18.7269],[-88.0564,18.5245],[-87.8532,18.269],[-87.7618,18.4461],[-87.7335,18.655],[-87.653,18.7985],[-87.5011,19.2878],[-87.6587,19.3523],[-87.4827,19.4438],[-87.4248,19.5834],[-87.6453,19.5539],[-87.6877,19.6371],[-87.5858,19.7795],[-87.4319,19.8985],[-87.4672,20.1021],[-87.4214,20.2314],[-87.2212,20.5073],[-87.0596,20.6313],[-86.8647,20.8851],[-86.7718,21.1505],[-86.8241,21.4217],[-87.0348,21.5922],[-87.2165,21.5824],[-87.2509,21.447],[-87.4805,21.4725],[-87.6888,21.5358],[-88.1316,21.6159],[-88.251,21.5669],[-88.4667,21.5694],[-88.8787,21.4141],[-89.8198,21.2746],[-90.1829,21.1209],[-90.3531,21.0094],[-90.4584,20.7137],[-90.4841,20.5563],[-90.4824,20.0257],[-90.5071,19.9119],[-90.6932,19.7299],[-90.7393,19.3522],[-90.955,19.1517],[-91.3431,18.9006],[-91.3678,18.8061],[-91.2752,18.6245],[-91.534,18.4565],[-91.803,18.4706],[-91.9136,18.5285],[-91.8804,18.6378],[-91.9738,18.7159],[-92.441,18.6753],[-92.7101,18.6117],[-92.8848,18.4687],[-93.1273,18.4234],[-93.5523,18.4305],[-94.189,18.1953],[-94.5462,18.1749],[-94.7981,18.5146],[-95.0147,18.5706],[-95.1818,18.7007],[-95.5614,18.7191],[-95.6268,18.6906],[-95.8211,18.7546],[-95.9847,19.0538],[-96.2896,19.3438],[-96.4561,19.8698],[-96.7087,20.1883],[-97.1214,20.615],[-97.195,20.8001],[-97.5006,21.398],[-97.6375,21.6037],[-97.7538,22.0267],[-97.7824,22.2793],[-97.8578,22.6245],[-97.7452,22.9424],[-97.7659,23.3062],[-97.717,23.9806],[-97.6677,24.39],[-97.5071,25.0146],[-97.4241,25.2331],[-97.2249,25.5854],[-97.1645,25.7549],[-97.1402,26.0297],[-97.2139,26.0679],[-97.4023,26.3965],[-97.5547,26.9673],[-97.4757,27.1179],[-97.5239,27.314],[-97.3805,27.4193],[-97.2887,27.6706],[-97.4315,27.8372],[-97.1714,27.8796],[-97.0731,27.9861],[-97.1565,28.1443],[-96.8069,28.2202],[-96.6764,28.3413],[-96.5617,28.3671],[-96.4487,28.5945],[-96.2753,28.6551],[-96.0204,28.5868],[-95.8534,28.6403],[-95.2735,28.9639],[-95.1391,29.1678],[-94.8883,29.3706],[-94.9928,29.531],[-95.0229,29.7023],[-94.8899,29.677],[-94.7783,29.5479],[-94.7501,29.418],[-94.0997,29.6704],[-93.8905,29.6894],[-93.6948,29.7699],[-93.1757,29.779],[-92.6713,29.5971],[-92.2608,29.5568],[-92.084,29.5928],[-92.1355,29.6995],[-91.8932,29.836],[-91.8244,29.7507],[-91.6725,29.7461],[-91.5142,29.5554],[-91.331,29.5136],[-91.1554,29.3507],[-91.2901,29.289],[-90.751,29.1309],[-90.5862,29.2715],[-90.3792,29.2951],[-90.2128,29.1049],[-90.1014,29.1818],[-90.0523,29.4314],[-89.8772,29.458],[-89.7924,29.3332],[-89.6203,29.3024],[-89.4432,29.1941],[-89.3535,29.0702],[-89.1555,29.0166],[-89.0157,29.2029],[-89.2457,29.3332],[-89.5137,29.4201],[-89.7209,29.6193],[-89.5307,29.7722],[-89.3544,29.8202],[-89.3579,29.921],[-89.4944,30.0582],[-89.5895,29.915],[-89.7438,29.9298],[-89.8152,30.0073],[-89.7375,30.172],[-89.9942,30.0593],[-90.1753,30.0291],[-90.413,30.1403],[-90.2253,30.3793],[-90.0452,30.3514],[-89.9542,30.2688],[-89.5885,30.166],[-89.4435,30.2231],[-89.3206,30.3453],[-89.2236,30.3324],[-88.9052,30.4151],[-88.6921,30.3554],[-88.1354,30.3666],[-88.0324,30.6813],[-87.9489,30.6269],[-87.9243,30.4497],[-87.7903,30.2918],[-87.6223,30.2647],[-87.2811,30.3393],[-87.1706,30.5388],[-86.9858,30.4309],[-86.6796,30.4029],[-86.4479,30.4956],[-86.2574,30.493],[-86.1751,30.3325],[-85.7558,30.167],[-85.3536,29.8757],[-85.3189,29.6802],[-84.8005,29.773],[-84.55,29.8979],[-84.3828,29.9074],[-84.3097,30.0647],[-84.0442,30.1038],[-83.6944,29.926],[-83.2905,29.4519],[-82.7693,29.0516],[-82.6515,28.8875],[-82.6606,28.4858],[-82.7485,28.2368],[-82.8435,27.846],[-82.7429,27.7094],[-82.6609,27.7184],[-82.5206,27.8779],[-82.4005,27.8354],[-82.6358,27.5246],[-82.6205,27.4011],[-82.4414,27.0597],[-82.29,26.8708],[-82.1807,26.8401],[-82.0779,26.7043],[-82.0396,26.5521],[-81.8666,26.435],[-81.8115,26.1461],[-81.7155,25.9832],[-81.5683,25.8916],[-81.3649,25.8311],[-81.0977,25.3191],[-81.1105,25.138],[-80.8622,25.1762],[-80.7365,25.1563],[-80.4847,25.2298],[-80.3669,25.3313],[-80.3008,25.6186],[-80.1264,25.8335],[-80.1106,26.1316],[-80.0413,26.5686],[-80.05,26.8077],[-80.1258,27.083],[-80.2261,27.207],[-80.6501,28.1809],[-80.5241,28.4861],[-80.9,29.0499],[-81.1045,29.457],[-81.2495,29.7938],[-81.3857,30.27],[-81.5204,30.8747],[-81.4532,31.0883],[-81.2885,31.2639],[-81.295,31.3712],[-81.1754,31.5313],[-81.1979,31.7042],[-80.9234,31.9449],[-80.8492,32.1139],[-80.4743,32.4228],[-80.2297,32.5765],[-80.0218,32.6199],[-79.6149,32.9093],[-79.5871,33.0009],[-79.276,33.1354],[-79.1382,33.4059],[-78.9203,33.6587],[-78.5777,33.8732],[-78.4059,33.9176],[-78.0133,33.9118],[-77.7507,34.285],[-77.1339,34.7079],[-76.7332,34.707],[-76.5169,34.7772],[-76.3622,34.9365],[-76.4567,34.9894],[-76.745,34.941],[-76.5129,35.2704],[-76.7414,35.4315],[-76.5325,35.5084],[-76.4895,35.397],[-76.1738,35.3541],[-75.7739,35.647],[-75.7722,35.8999],[-75.9789,35.8959],[-76.0698,35.9703],[-76.7262,35.9576],[-76.6789,36.0753],[-76.4788,36.0282],[-76.3837,36.1335],[-76.15,36.1458],[-76.1479,36.2793],[-75.883,36.1757],[-75.8666,36.2679],[-75.9928,36.4738],[-75.8904,36.657],[-75.9994,36.9126],[-76.4009,36.9913],[-76.2833,37.0527],[-76.4011,37.2127],[-76.401,37.3861],[-76.2635,37.357],[-76.3056,37.5715],[-76.2643,37.8936],[-76.5495,38.0945],[-76.9063,38.1971],[-76.8897,38.2921],[-76.3329,38.1408],[-76.5013,38.5322],[-76.5195,38.8983],[-76.4201,39.0739],[-76.4057,39.3039],[-76.2764,39.3228],[-76.1682,38.8527],[-76.3003,38.8182],[-76.0569,38.6212],[-76.2642,38.6],[-76.2949,38.4946],[-76.2117,38.3613],[-75.7953,38.0867],[-75.8508,37.9716],[-75.6593,37.954],[-75.7193,37.8214],[-75.8881,37.6191],[-75.9974,37.2638],[-75.8121,37.4252],[-75.5871,37.5587],[-75.5964,37.6312],[-75.3535,38.065],[-75.0359,38.5033],[-75.1285,38.6324],[-75.0887,38.7775],[-75.1851,38.8194],[-75.3922,39.0928],[-75.4126,39.2814],[-75.3534,39.3398],[-75.1361,39.2079],[-74.897,39.1455],[-74.7945,39.0019],[-74.603,39.2926],[-74.4288,39.3872],[-74.3898,39.4868],[-74.1761,39.7266],[-74.1176,39.9381],[-74.0283,40.073],[-73.9576,40.3284],[-74.0499,40.4298],[-74.2415,40.4563],[-74.2267,40.608],[-73.9486,40.8388],[-73.8513,40.8314],[-73.583,41.0219],[-73.1823,41.1758],[-72.8472,41.2659],[-72.2653,41.2916],[-71.5229,41.379],[-71.4438,41.4537],[-71.4266,41.6333],[-71.3306,41.7623],[-71.2043,41.6411],[-71.1884,41.5164],[-70.9742,41.5485],[-70.7011,41.7148],[-70.6571,41.5342],[-70.4047,41.6269],[-69.9486,41.6771],[-70.0014,41.8262],[-70.2955,41.729],[-70.5147,41.8033],[-70.5489,41.9386],[-70.7383,42.2289],[-71.0462,42.3311],[-70.7357,42.6693],[-70.8291,42.8253],[-70.7331,43.07],[-70.6423,43.1344],[-70.5207,43.3488],[-70.2026,43.6261],[-70.1788,43.7664],[-69.9652,43.8551],[-69.7916,43.8052],[-69.2261,43.9865],[-69.0684,44.0976],[-68.9615,44.4338],[-68.612,44.3105],[-68.2774,44.5074],[-67.907,44.4536],[-67.8391,44.5763],[-67.653,44.5624],[-67.3641,44.6969],[-67.1913,44.6756],[-66.987,44.8277],[-67.1067,44.8851],[-67.1304,45.139],[-66.9187,45.1456],[-66.8725,45.0673],[-66.5109,45.1434],[-66.4398,45.0959],[-66.1073,45.2569],[-65.8845,45.2229],[-65.545,45.3373],[-65.2823,45.4731],[-64.8979,45.626],[-64.7785,45.6384],[-64.5363,45.8666],[-64.4822,45.8063],[-64.5601,45.6255],[-64.8274,45.4755],[-64.7467,45.3244],[-64.6002,45.4101],[-64.0872,45.4109],[-63.7483,45.3109],[-64.0932,45.2171],[-64.235,45.1143],[-64.4488,45.2561],[-64.9029,45.1208],[-65.6567,44.7603],[-65.6818,44.6509],[-65.868,44.5688],[-66.0996,44.3675],[-66.1931,44.1438],[-66.1257,43.8138],[-65.8869,43.7952],[-65.7381,43.5607],[-65.4817,43.5181],[-65.3443,43.5496],[-65.3296,43.6681],[-65.0868,43.7272],[-64.8624,43.8679],[-64.3782,44.3036],[-64.2861,44.5503],[-63.9997,44.6449],[-63.7611,44.4864],[-63.6098,44.48],[-63.5443,44.6551],[-63.3063,44.6426],[-62.514,44.8437],[-61.2838,45.2355],[-61.1011,45.2334],[-61.1067,45.3486],[-61.282,45.4411],[-61.4923,45.687],[-61.6569,45.6422],[-61.8772,45.7142],[-61.9555,45.8682],[-62.4831,45.6218],[-62.7007,45.7406],[-63.1079,45.7824],[-63.2928,45.752],[-63.5092,45.8747],[-63.7029,45.858],[-64.0564,46.0213],[-63.9159,46.1658],[-64.2118,46.2202],[-64.5415,46.2403],[-64.6479,46.356],[-64.7259,46.6714],[-64.8167,46.6987],[-64.9058,46.8879],[-64.8314,47.0608],[-65.3189,47.1012],[-64.9122,47.3687],[-64.8521,47.5699],[-64.7032,47.7249],[-64.874,47.7972],[-65.2282,47.8113],[-65.4835,47.687],[-65.6665,47.6961],[-65.8494,47.911],[-66.2102,47.9886],[-65.9267,48.1889],[-65.4759,48.0315],[-65.2594,48.0212],[-64.7645,48.2281],[-64.6332,48.3605],[-64.3488,48.4232],[-64.2538,48.5504],[-64.2088,48.8062],[-64.2618,48.9219],[-64.5677,49.1048],[-64.8363,49.1917],[-65.5234,49.2662],[-66.1782,49.2131],[-66.5981,49.1264],[-67.1175,48.9642],[-67.5609,48.856],[-68.2382,48.6264],[-68.552,48.4573],[-68.9871,48.275],[-69.3063,48.047],[-69.471,47.9673],[-69.5811,47.8237],[-70.5195,47.0325],[-71.2612,46.7563],[-71.6713,46.6538],[-71.9009,46.6319],[-72.1872,46.5115],[-72.2401,46.4421],[-72.4962,46.3527],[-72.7334,46.1818],[-73.1596,46.0101],[-73.4653,45.6323],[-73.5581,45.4251],[-73.9738,45.3451],[-74.0378,45.5019],[-73.7119,45.7112],[-73.4766,45.7382],[-72.981,46.2097],[-72.6801,46.2873],[-72.2566,46.4851],[-72.2046,46.5589],[-71.8796,46.6868],[-71.7573,46.6736],[-71.2678,46.7959],[-71.1156,46.925],[-70.7059,47.1398],[-70.448,47.4234],[-70.3001,47.503],[-69.9056,47.8322],[-69.775,48.0981],[-69.375,48.3864],[-69.2308,48.5736],[-68.9291,48.829],[-68.2819,49.1972],[-68.0562,49.2568],[-67.372,49.3484],[-67.2619,49.4512],[-67.2344,49.6018],[-66.9412,49.9937],[-66.4955,50.2119],[-66.1255,50.201],[-65.9554,50.2941],[-65.7625,50.2593],[-65.2686,50.32],[-64.8679,50.2755],[-64.5089,50.3089],[-64.1704,50.2694],[-63.7336,50.3046],[-63.5867,50.2582],[-63.2386,50.2426],[-63.1356,50.2938],[-62.7154,50.3017],[-61.9195,50.2329],[-61.7249,50.1041],[-61.2897,50.202],[-60.9563,50.2054],[-60.0802,50.2546],[-59.8863,50.3164],[-59.8153,50.4183],[-59.6119,50.4921],[-59.378,50.6754],[-59.1654,50.7799],[-58.6376,51.1717],[-58.5104,51.2951],[-58.0227,51.3221],[-57.7696,51.4259],[-57.2992,51.4783],[-56.976,51.4577],[-56.0175,51.9293],[-55.6952,52.1378],[-55.8336,52.3104],[-55.706,52.4283],[-55.8402,52.5076],[-55.8299,52.8784],[-55.8923,53.0004],[-55.7979,53.212],[-55.8594,53.3439],[-56.1102,53.5876],[-56.354,53.6245],[-56.465,53.765],[-56.8409,53.7395],[-57.3317,53.4691],[-57.4895,53.6331],[-57.1569,53.7569],[-57.149,53.8477],[-57.4161,54.1627],[-58.1921,54.2282],[-58.3267,54.0518],[-58.9196,53.8753],[-59.3223,53.6438],[-59.8291,53.5045],[-60.1483,53.3065],[-60.2903,53.3915],[-60.1003,53.487],[-60.1449,53.5961],[-60.0142,53.7616],[-59.823,53.8344],[-59.4965,53.8342],[-58.8408,54.0445],[-58.6332,54.0496],[-58.4352,54.2281],[-58.1514,54.3504],[-57.6993,54.3866],[-57.4044,54.5704],[-57.9293,54.7731],[-57.9625,54.8757],[-58.1953,54.8659],[-58.3981,54.7741],[-58.7802,54.8384],[-58.9971,55.1495],[-59.9303,55.2594],[-60.4501,55.2],[-60.3609,55.3663],[-60.1924,55.4809],[-60.4083,55.6496],[-60.341,55.7847],[-60.5926,55.8148],[-60.8318,55.9579],[-61.0894,55.8664],[-61.3011,56.0472],[-61.5146,56.3903],[-61.9404,56.4236],[-61.8549,56.5843],[-61.3716,56.6808],[-61.3337,57.0106],[-61.6285,57.1832],[-61.9774,57.2479],[-61.8511,57.3813],[-62.3386,57.4845],[-61.968,57.6119],[-61.9949,57.7694],[-61.8991,57.8613],[-62.1174,57.9641],[-62.3057,57.9723],[-62.4862,58.1541],[-62.9809,58.0933],[-62.6743,58.3192],[-62.5938,58.474],[-63.1023,58.5458],[-62.8739,58.6725],[-63.0503,58.8782],[-63.1854,58.8578],[-63.5399,59.3329],[-63.9455,59.3802],[-63.7502,59.5126],[-63.9288,59.6449],[-64.2835,60.0641],[-64.4994,60.2683],[-64.7059,60.3361],[-64.9312,60.252],[-65.1717,59.908],[-65.4334,59.7765],[-65.4894,59.4478],[-65.6062,59.1107],[-66.0431,58.8207],[-65.9279,58.6109],[-66.3624,58.7912],[-66.6079,58.5489],[-67.0194,58.4329],[-67.5696,58.2135],[-67.8559,58.2726],[-67.9812,58.4612],[-68.3265,58.5954],[-68.4143,58.7827],[-68.6982,58.9045],[-69.1735,58.8966],[-69.6505,58.7283],[-69.8786,58.697],[-70.16,58.7894],[-69.8676,58.8562],[-69.5316,58.8692],[-69.4141,59.0869],[-69.4,59.3378],[-69.6819,59.3417],[-69.6924,59.4884],[-69.5794,59.6751],[-69.6302,59.8218],[-69.9628,60.0178],[-69.6737,60.0759],[-69.6331,60.2204],[-69.7559,60.3885],[-69.6405,60.6898],[-69.4334,60.8143],[-69.4719,61.0109],[-69.9092,60.8601],[-70.0953,60.8803],[-70.2793,61.0687],[-70.7232,61.0552],[-71.4227,61.1589],[-71.7435,61.3373],[-71.841,61.466],[-71.6383,61.6172],[-72.0814,61.7283],[-72.5056,61.9227],[-72.6708,62.1139],[-72.8818,62.1254],[-73.63,62.4542],[-73.764,62.4688],[-74.6899,62.1834],[-75.3412,62.3121],[-75.6755,62.2495],[-75.8169,62.3159],[-76.8794,62.5254],[-77.3724,62.5725],[-77.604,62.5314],[-78.0681,62.3554],[-78.1372,62.1074],[-77.9476,61.7619],[-77.5144,61.5563],[-77.7362,61.4374],[-77.7268,61.2307],[-77.8301,61.084],[-78.1597,60.8522],[-77.8715,60.7858],[-77.7908,60.6398],[-77.5156,60.5632],[-77.6814,60.4271],[-77.4529,60.1458],[-77.3118,60.0424],[-77.3316,59.7966],[-77.4853,59.6846],[-77.7262,59.6759],[-77.859,59.4758],[-77.7607,59.38],[-77.9876,59.2455],[-78.4305,58.9018],[-78.5151,58.6824],[-78.0136,58.3992],[-77.6841,58.2914],[-77.1568,58.0189],[-76.8909,57.7581],[-76.6554,57.3806],[-76.5729,57.1812],[-76.5196,56.707],[-76.5464,56.3588],[-76.6505,56.1072],[-77.325,55.5555],[-77.8911,55.2364],[-78.3036,55.0686],[-78.9092,54.8815],[-79.6655,54.6975],[-79.2418,54.0989],[-78.996,54.0025],[-79.0032,53.8366],[-79.1131,53.7172],[-78.992,53.4104],[-78.8982,53.0434],[-78.7217,52.8564],[-78.7238,52.6277],[-78.5571,52.4919],[-78.4917,52.2521],[-78.8282,51.963],[-78.9777,51.7338],[-78.7313,51.4975],[-78.8975,51.2717],[-79.0909,51.5017],[-79.3387,51.6282],[-79.4976,51.5699],[-79.8362,51.1733],[-80.1036,51.2829],[-80.368,51.3299],[-80.658,51.7584],[-80.9685,51.9722],[-81.2851,52.0892],[-81.6612,52.2939],[-81.5994,52.4326],[-82.02,52.8116],[-82.2604,52.9611],[-82.2916,53.0661],[-82.1592,53.2642],[-82.1906,53.6109],[-82.1415,53.8176],[-82.2399,54.0448],[-82.3941,54.1805],[-82.4181,54.3558],[-82.2194,54.8135],[-82.3083,54.9981],[-82.5774,55.1487],[-82.8678,55.1607],[-82.9863,55.2314],[-83.2144,55.2146],[-83.9106,55.3146],[-84.7058,55.2592],[-85.0609,55.2856],[-85.4073,55.4312],[-85.6767,55.6011],[-86.9194,55.9146],[-87.5609,56.0563],[-87.8781,56.3416],[-88.0751,56.4673],[-88.4471,56.6087],[-88.9485,56.8513],[-89.7908,56.9813],[-90.5922,57.2245],[-91.1113,57.2412],[-92.249,57.009],[-92.6141,57.039],[-92.4398,57.275],[-92.4896,57.4686],[-92.7017,57.7778],[-92.8417,58.0759],[-93.1002,58.4898],[-93.1546,58.6946],[-93.2781,58.7564],[-93.78,58.7726],[-94.2871,58.716],[-94.7134,58.9033],[-94.8703,59.088],[-94.7883,59.2679],[-94.7858,59.9533],[-94.6468,60.4164],[-94.0678,61.1389],[-94.0607,61.3178],[-93.7097,61.6025],[-93.4206,61.7058],[-93.372,61.929],[-93.0163,62.0927],[-92.8658,62.3062],[-92.5514,62.5467],[-92.2072,62.5854],[-92.3613,62.8194],[-92.0342,62.8634],[-91.449,62.8041],[-91.1149,62.9216],[-90.8712,62.9459],[-90.6907,63.1105],[-90.7466,63.3516],[-91.3301,63.5068],[-91.8418,63.6976],[-92.1569,63.6917],[-93.3785,63.9485],[-92.9702,63.9376],[-92.1952,63.776],[-91.5388,63.7256],[-90.9457,63.5878],[-90.5964,63.6613],[-90.2453,63.6419],[-90.0134,63.8043],[-90.1419,63.982],[-89.8606,63.9788],[-89.4035,64.04],[-88.653,64.0094],[-88.1056,64.1833],[-87.885,64.4004],[-87.2805,64.8262],[-87.0285,65.0636],[-87.0275,65.1981],[-87.3919,65.2605],[-88.1978,65.2799],[-88.974,65.3483],[-89.2417,65.4464],[-90.1166,65.8824],[-89.7494,65.936],[-88.6725,65.6116],[-87.97,65.3489],[-87.2915,65.3548],[-86.0429,66.0226],[-86.0008,66.1868],[-86.5848,66.3219],[-86.747,66.4171],[-86.6332,66.5313],[-85.4422,66.5374],[-85.0962,66.3253],[-84.4784,66.1793],[-84.2931,66.2918],[-83.9051,66.2118],[-83.8258,66.29],[-84.223,66.6825],[-84.7377,66.9336],[-84.5385,66.9728],[-84.3244,66.7818],[-83.9202,66.6791],[-83.5231,66.3688],[-83.2984,66.3921],[-82.9489,66.5508],[-82.6415,66.5875],[-82.1983,66.7646],[-81.8745,66.9879],[-81.4676,67.0699],[-81.2701,67.4599],[-81.4123,67.5954],[-81.9765,67.862],[-82.5527,68.4465],[-82.2102,68.5063],[-82.0065,68.4626],[-81.5269,68.556],[-81.2815,68.6572],[-81.3809,68.85],[-81.9517,68.9091],[-81.3287,69.1199],[-81.4123,69.1981],[-81.9518,69.2761],[-82.3099,69.41],[-82.642,69.4584],[-82.3742,69.6418],[-82.6184,69.6911],[-83.6653,69.6997],[-84.2417,69.835],[-85.0198,69.8048],[-85.5074,69.8453],[-85.3868,69.2319],[-84.8622,69.074],[-84.9161,68.9623],[-85.2751,68.7414],[-85.5178,68.7698],[-85.7338,68.6301],[-85.7311,68.445],[-85.9526,68.0725],[-86.3697,67.8248],[-86.5364,67.5162],[-87.2663,67.1838],[-88.1959,67.7658],[-88.3138,67.9503],[-88.347,68.2883],[-87.8533,68.2669],[-87.8103,68.4042],[-88.0414,68.8117],[-88.6377,69.0588],[-89.0567,69.2661],[-89.3519,69.227],[-89.6666,69.0146],[-89.8795,68.5215],[-90.2478,68.2674],[-90.5736,68.4747],[-90.4684,68.8638],[-90.7448,69.1059],[-91.2372,69.2855],[-90.8221,69.2905],[-90.684,69.4277],[-90.5549,69.5045],[-91.2881,69.5432],[-91.3842,69.6495],[-91.912,69.5313],[-92.3117,69.6729],[-92.7509,69.7139],[-91.9767,70.0387],[-92.5119,70.1039],[-92.2903,70.2398],[-91.995,70.1432],[-91.5641,70.1783],[-92.0491,70.3896],[-92.3885,70.6504],[-92.9814,70.8522],[-92.8827,71.0693],[-92.9487,71.2621],[-93.2563,71.4608],[-93.7628,71.638],[-93.8102,71.7663],[-94.3083,71.7649]]]},"properties":{"scalerank":0,"featurecla":"Land","min_zoom":0}},
{"type":"Feature","geometry":{"type":"Polygon","coordinates":[[[-80.7317,52.7473],[-80.7653,52.9232],[-81.1356,53.2058],[-81.3354,53.2243],[-81.8473,53.1863],[-82.0393,53.0499],[-81.8391,52.9579],[-81.0099,52.7606],[-80.7317,52.7473]]]},"properties":{"scalerank":0,"featurecla":"Land","min_zoom":2}},
{"type":"Feature","geometry":{"type":"Polygon","coordinates":[[[-73.6217,67.7838],[-73.4072,67.7931],[-73.4353,67.97],[-74.3794,68.0935],[-74.7065,68.0671],[-74.5734,67.8287],[-74.3741,67.7896],[-73.6217,67.7838]]]},"properties":{"scalerank":0,"featurecla":"Land","min_zoom":2}},
{"type":"Feature","geometry":{"type":"Polygon","coordinates":[[[-77.8767,63.4706],[-78.2349,63.4896],[-78.4687,63.3579],[-77.9424,63.1144],[-77.5939,63.1884],[-77.5385,63.2871],[-77.8767,63.4706]]]},"properties":{"scalerank":0,"featurecla":"Land","min_zoom":2}},
{"type":"Feature","geometry":{"type":"Polygon","coordinates":[[[-82.0005,62.9542],[-82.2348,62.9774],[-82.7064,62.9445],[-82.9658,62.8739],[-83.3764,62.9049],[-83.7391,62.5688],[-83.8993,62.4765],[-83.6989,62.1603],[-83.3768,62.2381],[-83.0158,62.2099],[-82.5683,62.4032],[-82.1137,62.6522],[-81.9486,62.884],[-82.0005,62.9542]]]},"properties":{"scalerank":0,"featurecla":"Land","min_zoom":1.5}},
{"type":"Feature","geometry":{"type":"Polygon","coordinates":[[[-79.5453,62.4117],[-79.8681,62.4043],[-80.2347,62.1527],[-80.2762,61.8586],[-79.8161,61.5946],[-79.7143,61.6125],[-79.3239,62.0261],[-79.2865,62.2477],[-79.5453,62.4117]]]},"properties":{"scalerank":0,"featurecla":"Land","min_zoom":1.5}},
{"type":"Feature","geometry":{"type":"Polygon","coordinates":[[[-104.5582,77.1417],[-104.5422,77.3377],[-105.5879,77.736],[-106.0661,77.7254],[-105.5563,77.3526],[-105.2151,77.1821],[-104.5582,77.1417]]]},"properties":{"scalerank":0,"featurecla":"Land","min_zoom":2}},
{"type":"Feature","geometry":{"type":"Polygon","coordinates":[[[-95.4844,77.792],[-96.143,77.7144],[-96.2639,77.5945],[-95.9871,77.4841],[-93.5196,77.4744],[-93.301,77.7398],[-93.5829,77.7708],[-95.4844,77.792]]]},"properties":{"scalerank":0,"featurecla":"Land","min_zoom":1.5}},
{"type":"Feature","geometry":{"type":"Polygon","coordinates":[[[-98.7916,79.9811],[-98.8947,80.0818],[-99.7312,80.1441],[-100.0533,80.0934],[-100.0924,79.9187],[-99.5156,79.8872],[-98.8406,79.7371],[-98.7916,79.9811]]]},"properties":{"scalerank":0,"featurecla":"Land","min_zoom":2}},
{"type":"Feature","geometry":{"type":"Polygon","coordinates":[[[-89.8333,77.2676],[-89.7195,77.4421],[-90.1719,77.5947],[-90.8426,77.655],[-91.1495,77.6081],[-91.1473,77.3873],[-90.2283,77.2125],[-89.8333,77.2676]]]},"properties":{"scalerank":0,"featurecla":"Land","min_zoom":2}},
{"type":"Feature","geometry":{"type":"Polygon","coordinates":[[[-93.5426,75.0279],[-93.4976,75.1369],[-93.7508,75.349],[-94.4272,75.5934],[-95.0495,75.6218],[-95.6708,75.5287],[-96.1249,75.3583],[-96.1804,75.2401],[-96.5658,75.0987],[-96.2701,74.9203],[-95.8654,74.8304],[-95.2861,74.7941],[-94.6973,74.6422],[-93.9846,74.6442],[-93.5472,74.6911],[-93.5426,75.0279]]]},"properties":{"scalerank":0,"featurecla":"Land","min_zoom":1.5}},
{"type":"Feature","geometry":{"type":"Polygon","coordinates":[[[-109.816,78.6504],[-110.4078,78.7566],[-111.0715,78.7084],[-111.7088,78.5747],[-112.6408,78.4998],[-113.15,78.4084],[-113.1725,78.2838],[-112.1312,78.3661],[-111.4351,78.2874],[-111.1692,78.3863],[-110.4184,78.295],[-109.3905,78.3367],[-109.3622,78.4929],[-109.816,78.6504]]]},"properties":{"scalerank":0,"featurecla":"Land","min_zoom":1.5}},
{"type":"Feature","geometry":{"type":"Polygon","coordinates":[[[-118.3281,75.5797],[-117.6264,75.966],[-118.1367,75.9945],[-118.6261,75.9063],[-119.3946,75.6173],[-118.8171,75.5221],[-118.3281,75.5797]]]},"properties":{"scalerank":0,"featurecla":"Land","min_zoom":2}},
{"type":"Feature","geometry":{"type":"Polygon","coordinates":[[[-105.2889,72.9199],[-104.791,73.1676],[-104.5829,73.3539],[-104.6488,73.6144],[-105.1145,73.7444],[-105.5123,73.7658],[-106.614,73.6956],[-106.9215,73.4798],[-106.18,73.3041],[-106.071,73.1964],[-105.2889,72.9199]]]},"properties":{"scalerank":0,"featurecla":"Land","min_zoom":1.5}},
{"type":"Feature","geometry":{"type":"Polygon","coordinates":[[[-100.0019,73.9459],[-100.9151,73.8054],[-100.9758,73.5998],[-101.3231,73.572],[-101.4509,73.431],[-100.8894,73.2753],[-100.4388,73.2546],[-100.2827,73.1203],[-100.4848,72.7729],[-101.0876,72.7133],[-101.3506,72.7463],[-101.9225,73.057],[-102.5038,73.0059],[-102.7137,72.7829],[-102.4022,72.5947],[-101.9737,72.4861],[-101.7239,72.3149],[-101.2085,72.317],[-100.9836,72.2101],[-100.5945,72.1523],[-99.7347,71.7572],[-99.1671,71.3672],[-98.6629,71.3021],[-98.1986,71.4409],[-98.1813,71.6625],[-97.5823,71.6297],[-97.2222,71.6735],[-96.9465,71.7919],[-96.6134,71.8338],[-96.7663,72.0459],[-96.5929,72.2045],[-96.7959,72.3138],[-96.4401,72.4873],[-96.5421,72.6987],[-97.0518,72.6368],[-97.3288,72.9378],[-97.7248,73.0367],[-98.437,73.0002],[-97.7959,73.2853],[-97.2725,73.3868],[-97.3948,73.5642],[-97.0017,73.6665],[-97.2248,73.8438],[-97.5818,73.8875],[-99.158,73.7316],[-100.0019,73.9459]]]},"properties":{"scalerank":0,"featurecla":"Land","min_zoom":0}},
{"type":"Feature","geometry":{"type":"Polygon","coordinates":[[[-84.9196,65.2611],[-85.0561,65.4374],[-85.2399,65.5103],[-85.1054,65.6227],[-85.2411,65.7955],[-85.5547,65.9187],[-85.9617,65.7042],[-86.1142,65.4173],[-86.1883,65.0103],[-86.3743,64.5658],[-86.2521,64.1369],[-86.886,63.9237],[-87.1889,63.6723],[-86.8469,63.5753],[-86.5757,63.6623],[-85.8047,63.7065],[-85.7142,63.658],[-85.4955,63.1391],[-84.9615,63.1972],[-84.6329,63.3092],[-84.3076,63.5858],[-84.0221,63.6599],[-83.7283,63.8134],[-83.4943,64.0992],[-83.0651,64.159],[-83.0339,64.0232],[-82.4671,63.927],[-82.3781,63.7068],[-81.9633,63.6645],[-81.0464,63.4616],[-80.3021,63.7622],[-80.829,64.0899],[-81.005,64.0333],[-81.3356,64.0758],[-81.7161,64.0219],[-81.6761,64.2126],[-81.7872,64.426],[-82.05,64.6443],[-82.6676,64.7803],[-83.2223,64.968],[-83.4071,65.1039],[-84.0849,65.2178],[-84.2664,65.3672],[-84.6125,65.4473],[-84.9196,65.2611]]]},"properties":{"scalerank":0,"featurecla":"Land","min_zoom":0.5}},
{"type":"Feature","geometry":{"type":"Polygon","coordinates":[[[-75.6759,68.3225],[-76.3645,68.3187],[-76.7402,68.2313],[-77.2286,67.8501],[-77.3059,67.7061],[-77.1571,67.4084],[-77.0049,67.2669],[-76.6939,67.2358],[-75.7801,67.2835],[-75.4001,67.3667],[-75.1273,67.5373],[-75.1538,68.234],[-75.6759,68.3225]]]},"properties":{"scalerank":0,"featurecla":"Land","min_zoom":1}},
{"type":"Feature","geometry":{"type":"Polygon","coordinates":[[[-79.5373,73.6545],[-80.4123,73.7654],[-80.8489,73.7212],[-80.8242,73.3807],[-80.6179,73.2708],[-80.1833,73.2247],[-79.9369,72.8636],[-79.5005,72.756],[-79.1342,72.7716],[-78.3142,72.8818],[-77.8359,72.8968],[-76.4005,72.8207],[-76.09,72.8812],[-76.2896,73.081],[-77.2065,73.4996],[-78.2865,73.6658],[-79.5373,73.6545]]]},"properties":{"scalerank":0,"featurecla":"Land","min_zoom":1}},
{"type":"Feature","geometry":{"type":"Polygon","coordinates":[[[-97.7009,76.4665],[-98.7108,76.6938],[-99.0236,76.6146],[-100.3879,76.6136],[-100.8297,76.5239],[-99.9783,76.0295],[-101.0558,76.2456],[-101.3397,76.4105],[-101.8585,76.439],[-102.1377,76.2849],[-101.529,76.2173],[-101.8721,76.0831],[-101.4313,75.992],[-101.5997,75.8327],[-102.1447,75.875],[-102.2521,75.7777],[-102.7975,75.5997],[-102.5414,75.5136],[-101.4613,75.6079],[-101.2068,75.5904],[-99.9151,75.6813],[-99.5912,75.6554],[-100.2796,75.461],[-100.7119,75.4063],[-100.2344,75.0077],[-99.6269,74.9837],[-99.4206,75.0438],[-98.5687,75.0093],[-97.7994,75.1167],[-97.8782,75.4161],[-97.4096,75.5521],[-97.4075,75.6725],[-97.8628,75.7381],[-97.6017,75.8511],[-97.5307,76.1815],[-97.7009,76.4665]]]},"properties":{"scalerank":0,"featurecla":"Land","min_zoom":0}},
{"type":"Feature","geometry":{"type":"Polygon","coordinates":[[[-103.426,79.3156],[-103.7064,79.3521],[-105.3877,79.3236],[-105.5356,79.0325],[-103.8756,78.9027],[-103.5184,78.7691],[-103.4826,78.5939],[-103.7644,78.5195],[-104.7271,78.5794],[-104.9956,78.5185],[-104.7636,78.3517],[-104.3242,78.2695],[-102.7313,78.371],[-102.607,78.2489],[-102.057,78.2795],[-101.0741,78.1938],[-100.586,77.8918],[-99.9559,77.7938],[-99.1664,77.8569],[-99.1315,78.1175],[-99.7514,78.303],[-99.8478,78.4382],[-99.6094,78.5831],[-100.4355,78.8203],[-101.8726,79.0884],[-102.6523,79.095],[-102.9144,79.2311],[-103.426,79.3156]]]},"properties":{"scalerank":0,"featurecla":"Land","min_zoom":0.5}},
{"type":"Feature","geometry":{"type":"Polygon","coordinates":[[[-91.8855,81.1329],[-92.4126,81.2783],[-93.3328,81.3644],[-94.0597,81.3493],[-94.1944,81.2409],[-93.2356,81.1289],[-95.2698,81.0008],[-95.5147,80.8381],[-94.7885,80.7513],[-96.1328,80.6914],[-96.1518,80.5535],[-95.6145,80.3962],[-96.3684,80.2931],[-95.4051,80.135],[-94.5901,80.2015],[-94.6459,80.0487],[-95.782,80.0664],[-96.7732,80.1358],[-96.4627,79.8475],[-95.8575,79.6738],[-95.297,79.6531],[-95.733,79.4182],[-95.1032,79.2899],[-94.4049,79.3905],[-93.9332,79.2907],[-92.8219,79.4499],[-92.5472,79.2826],[-92.6836,79.1858],[-93.2939,79.1395],[-94.1628,78.9942],[-93.2666,78.6083],[-92.7256,78.4867],[-92.6783,78.3891],[-91.8992,78.2369],[-90.6144,78.1499],[-90.3268,78.1848],[-88.791,78.1924],[-88.6064,78.392],[-87.9829,78.5371],[-87.0165,78.8987],[-86.0916,79.1],[-85.2898,79.2084],[-85.0638,79.3282],[-85.5014,79.5303],[-87.1442,79.6626],[-86.9772,79.8942],[-87.6255,80.1872],[-87.675,80.3721],[-88.6437,80.3869],[-89.1669,80.4796],[-89.8619,80.4984],[-90.643,80.5937],[-91.8855,81.1329]]]},"properties":{"scalerank":0,"featurecla":"Land","min_zoom":0}},
{"type":"Feature","geometry":{"type":"Polygon","coordinates":[[[-94.295,76.9125],[-95.6382,77.0638],[-96.7583,76.9718],[-96.4332,76.8107],[-96.6397,76.7029],[-95.7889,76.5372],[-95.2739,76.2644],[-94.7367,76.2933],[-93.6652,76.2731],[-93.0917,76.354],[-92.1851,75.8465],[-92.0688,75.6579],[-92.4271,75.3464],[-92.0763,75.1235],[-92.1742,75.0511],[-91.9616,74.7932],[-91.5083,74.6507],[-90.7841,74.6959],[-90.5533,74.6127],[-89.8444,74.5486],[-88.7778,74.7152],[-88.423,74.4941],[-87.5926,74.4704],[-86.6661,74.4891],[-86.1099,74.5397],[-84.4255,74.5081],[-83.5319,74.5857],[-83.3413,74.7646],[-82.9311,74.5656],[-81.8088,74.4766],[-81.2262,74.5667],[-80.2777,74.5816],[-80.2127,74.7495],[-79.508,74.8801],[-79.5248,74.9897],[-80.3576,75.0516],[-79.6344,75.1993],[-79.5078,75.2954],[-79.6602,75.4495],[-80.0996,75.4674],[-80.322,75.6291],[-81.0008,75.6431],[-81.1508,75.7355],[-82.1537,75.8311],[-83.2371,75.7508],[-83.932,75.8189],[-84.6049,75.6535],[-84.9868,75.6449],[-86.0687,75.5022],[-86.2363,75.4063],[-86.8145,75.4914],[-87.2569,75.6177],[-88.2013,75.512],[-88.569,75.6451],[-89.2804,75.5641],[-89.2049,75.762],[-90.2514,76.0535],[-90.3121,76.158],[-89.4066,76.1892],[-89.2845,76.3016],[-90.8548,76.4373],[-90.7384,76.5813],[-91.305,76.6808],[-92.7163,76.603],[-93.8109,76.9142],[-94.295,76.9125]]]},"properties":{"scalerank":0,"featurecla":"Land","min_zoom":0}},
{"type":"Feature","geometry":{"type":"Polygon","coordinates":[[[-96.2045,78.5313],[-96.5871,78.6871],[-97.3823,78.7829],[-98.2121,78.8045],[-98.0604,78.5584],[-98.2549,78.4292],[-97.6582,78.0906],[-97.0933,77.9335],[-96.9896,77.806],[-95.087,77.9926],[-94.936,78.1064],[-95.3292,78.225],[-94.8872,78.3452],[-95.5611,78.5166],[-96.2045,78.5313]]]},"properties":{"scalerank":0,"featurecla":"Land","min_zoom":1}},
{"type":"Feature","geometry":{"type":"Polygon","coordinates":[[[-110.4581,78.1032],[-111.2066,78.0881],[-113.2152,77.9035],[-113.1644,77.5303],[-112.3727,77.3641],[-111.952,77.3442],[-110.6829,77.4459],[-110.1985,77.5245],[-110.1527,77.7629],[-110.7511,77.8572],[-109.7718,77.9574],[-109.6569,78.0792],[-110.4581,78.1032]]]},"properties":{"scalerank":0,"featurecla":"Land","min_zoom":1}},
{"type":"Feature","geometry":{"type":"Polygon","coordinates":[[[-115.5513,77.3633],[-116.3626,77.5428],[-116.8353,77.5289],[-117.4186,77.3174],[-118.0052,77.3812],[-119.0902,77.3051],[-121.6138,76.4415],[-122.3654,76.4012],[-122.774,76.2277],[-122.4005,75.9442],[-121.9082,76.0348],[-121.428,75.9811],[-121.0193,76.0203],[-120.7716,76.1663],[-120.4089,75.8256],[-119.9129,75.8588],[-119.3679,76.2218],[-118.9939,76.1449],[-118.6434,76.3347],[-118.8208,76.4858],[-118.4682,76.5474],[-118.3006,76.7367],[-117.7805,76.7843],[-118.0202,76.4465],[-117.4924,76.2727],[-117.1539,76.298],[-116.9992,76.5316],[-116.2205,76.6111],[-115.9446,76.7362],[-116.234,76.8743],[-115.8568,76.9692],[-116.2857,77.1017],[-115.6239,77.2659],[-115.5513,77.3633]]]},"properties":{"scalerank":0,"featurecla":"Land","min_zoom":0.5}},
{"type":"Feature","geometry":{"type":"Polygon","coordinates":[[[-108.2924,76.0571],[-108.1232,76.2334],[-108.5125,76.4389],[-108.6276,76.5867],[-108.467,76.7376],[-108.8316,76.8211],[-109.3385,76.76],[-109.8648,76.5224],[-110.27,76.417],[-110.2008,76.2895],[-109.4868,76.1447],[-109.4546,76.0212],[-109.796,75.863],[-108.9448,75.699],[-109.0864,75.5065],[-110.4594,75.5553],[-111.0527,75.5485],[-111.5132,75.8107],[-112.6976,76.2017],[-113.1713,76.2578],[-113.8235,76.2068],[-114.1939,76.4515],[-114.9985,76.4975],[-115.5807,76.4375],[-115.8317,76.2958],[-116.6098,76.0737],[-116.6543,75.9293],[-116.3896,75.8082],[-116.9727,75.7458],[-117.0252,75.6015],[-116.4256,75.5854],[-116.0771,75.493],[-117.1542,75.473],[-117.6001,75.2717],[-117.0048,75.1561],[-116.4761,75.1718],[-115.7289,74.9681],[-115.4781,75.1041],[-115.0201,74.9762],[-114.4518,75.0879],[-114.1685,75.2395],[-113.7118,75.0686],[-112.9514,75.1078],[-112.5971,75.2117],[-112.2555,75.1337],[-111.0335,75.2268],[-111.6711,75.0194],[-112.836,74.9756],[-114.1325,74.7661],[-114.2683,74.6043],[-113.5141,74.4301],[-112.5193,74.4168],[-111.7287,74.502],[-110.9409,74.6387],[-110.1758,74.84],[-109.5031,74.8828],[-108.8313,75.0649],[-108.3544,74.9426],[-107.8201,75],[-107.1534,74.9271],[-106.0926,75.0895],[-105.8626,75.1916],[-105.4809,75.7457],[-105.6044,75.9299],[-106.3966,76.0601],[-107.1357,75.8786],[-107.7552,75.9403],[-107.8523,76.0577],[-108.2924,76.0571]]]},"properties":{"scalerank":0,"featurecla":"Land","min_zoom":0}},
{"type":"Feature","geometry":{"type":"Polygon","coordinates":[[[-93.1708,74.161],[-94.4826,74.1131],[-95.0398,74.0239],[-95.149,73.9064],[-94.8168,73.6625],[-95.386,73.7551],[-95.6329,73.6955],[-95.5476,72.7815],[-95.251,72.502],[-95.193,72.0274],[-94.0375,72.0288],[-93.8706,72.2526],[-93.5552,72.4211],[-93.7706,72.6682],[-94.2113,72.7569],[-93.3406,72.8019],[-92.3919,72.7185],[-92.1179,72.7538],[-91.621,73.0259],[-90.9337,73.5277],[-90.5656,73.6864],[-90.3546,73.8687],[-91.088,74.0093],[-91.6304,74.0278],[-92.2227,73.9724],[-92.4928,74.0621],[-93.1708,74.161]]]},"properties":{"scalerank":0,"featurecla":"Land","min_zoom":0.5}},
{"type":"Feature","geometry":{"type":"Polygon","coordinates":[[[-97.4395,69.6427],[-97.4114,69.7385],[-97.7907,69.8616],[-98.2682,69.7544],[-98.2888,69.629],[-98.5482,69.545],[-98.456,69.3347],[-98.9122,69.1676],[-99.4557,69.1312],[-99.5641,69.0341],[-99.254,68.8632],[-98.8296,68.8386],[-97.8854,68.6725],[-97.472,68.5437],[-97.0084,68.5387],[-96.4016,68.4707],[-95.6856,68.7358],[-95.4656,68.7473],[-95.9514,69.0237],[-96.3,69.3444],[-96.8752,69.51],[-97.2361,69.6735],[-97.4395,69.6427]]]},"properties":{"scalerank":0,"featurecla":"Land","min_zoom":1.5}},
{"type":"Feature","geometry":{"type":"Polygon","coordinates":[[[-114.5215,72.5929],[-114.1092,72.861],[-114.0517,73.071],[-114.3019,73.3307],[-114.6382,73.3727],[-116.5732,73.0549],[-117.5517,72.8311],[-118.3745,72.5339],[-118.4813,72.4277],[-118.2135,72.2629],[-118.5898,72.1675],[-118.9446,71.9855],[-118.9877,71.7643],[-118.8684,71.6868],[-118.3715,71.6399],[-117.7423,71.6593],[-118.1882,71.4359],[-117.7233,71.3907],[-117.3371,71.4346],[-115.9803,71.4693],[-116.2282,71.3592],[-117.8141,71.1584],[-118.2691,71.0347],[-118.2641,70.8883],[-117.5871,70.6295],[-116.9925,70.6037],[-116.3273,70.6237],[-115.9909,70.5863],[-114.8407,70.6214],[-113.7573,70.6907],[-112.1142,70.4469],[-111.7258,70.3521],[-111.7837,70.2729],[-112.6379,70.2252],[-114.5923,70.3125],[-116.5538,70.175],[-117.1354,70.1001],[-117.104,69.8042],[-116.5135,69.4246],[-116.1016,69.3372],[-115.159,69.2647],[-114.3229,69.2691],[-113.6941,69.195],[-113.6168,68.8385],[-113.1277,68.4941],[-111.3109,68.542],[-109.9585,68.6303],[-108.9459,68.7598],[-108.365,68.9348],[-107.4399,69.0021],[-107.0334,69.1808],[-106.6591,69.4396],[-106.3614,69.3811],[-106.3412,69.2244],[-106.1409,69.162],[-105.0196,69.0813],[-105.1059,68.9204],[-104.5714,68.8721],[-104.3527,68.9282],[-103.4682,68.8085],[-102.8951,68.8236],[-101.8571,69.024],[-101.8225,69.2171],[-102.064,69.2812],[-101.9755,69.407],[-102.4468,69.4763],[-102.8841,69.3413],[-103.4649,69.6445],[-102.6211,69.5515],[-102.5959,69.7179],[-102.1821,69.8459],[-101.6477,69.6985],[-100.9351,69.7153],[-100.9733,70.0295],[-101.1485,70.1476],[-101.5624,70.135],[-101.6268,70.2483],[-101.9898,70.2851],[-102.7505,70.5219],[-103.105,70.5103],[-103.9535,70.7626],[-104.1668,70.9272],[-104.5696,71.1041],[-104.3496,71.434],[-104.3859,71.577],[-104.767,71.8676],[-105.2341,72.4151],[-105.4151,72.7883],[-105.8127,73.0106],[-106.4821,73.1962],[-106.9508,73.276],[-107.1135,73.1921],[-107.72,73.3291],[-108.2382,73.1058],[-107.9325,72.5204],[-107.6958,72.1493],[-107.306,71.8947],[-107.3469,71.8192],[-107.9253,71.6387],[-108.2104,71.7512],[-108.6983,72.4993],[-109.1219,72.7264],[-110.0084,72.9836],[-110.6608,73.0082],[-110.5536,72.8614],[-110.1972,72.7589],[-110.2051,72.6613],[-110.7815,72.5339],[-111.1399,72.3653],[-111.3555,72.5721],[-111.2697,72.7137],[-112.0481,72.888],[-112.7536,72.986],[-113.208,72.981],[-113.4499,72.8632],[-113.5,72.6944],[-114.5215,72.5929]]]},"properties":{"scalerank":0,"featurecla":"Land","min_zoom":0}},
{"type":"Feature","geometry":{"type":"Polygon","coordinates":[[[-119.7363,74.1126],[-119.5626,74.2328],[-120.5545,74.3529],[-121.3152,74.53],[-121.7479,74.5406],[-122.6231,74.4642],[-123.4683,74.4361],[-124.6962,74.3482],[-124.2607,73.9533],[-123.7973,73.7682],[-124.1142,73.5274],[-124.4242,73.4187],[-124.8364,73.0763],[-124.5826,72.9259],[-125.0004,72.8133],[-124.9871,72.588],[-125.3828,72.4238],[-125.7626,72.1375],[-125.7669,71.9608],[-125.2967,71.973],[-124.0078,71.6774],[-123.2106,71.1234],[-122.9365,71.088],[-122.1566,71.2659],[-121.7494,71.4448],[-121.4722,71.389],[-120.6193,71.5058],[-120.4432,71.6308],[-120.1799,72.2126],[-119.7675,72.2438],[-119.4078,72.3604],[-118.9616,72.6841],[-117.0654,73.1073],[-116.4825,73.2532],[-115.4469,73.4389],[-115.5107,73.6188],[-115.9577,73.7479],[-117.1988,74.1711],[-117.9659,74.2661],[-118.544,74.2446],[-119.0257,74.0447],[-119.206,74.198],[-119.7363,74.1126]]]},"properties":{"scalerank":0,"featurecla":"Land","min_zoom":0}},
{"type":"Feature","geometry":{"type":"Polygon","coordinates":[[[-56.1507,46.7624],[-56.1526,46.8111],[-56.2092,46.7982],[-56.2433,46.7672],[-56.1507,46.7624]]]},"properties":{"scalerank":0,"featurecla":"Land","min_zoom":4}},
{"type":"Feature","geometry":{"type":"Polygon","coordinates":[[[-94.5266,75.7493],[-94.2963,75.7881],[-94.5379,75.9964],[-94.9012,75.9308],[-94.5266,75.7493]]]},"properties":{"scalerank":0,"featurecla":"Land","min_zoom":3}},
{"type":"Feature","geometry":{"type":"Polygon","coordinates":[[[-79.3843,51.952],[-79.3349,52.0981],[-79.6437,52.0101],[-79.3843,51.952]]]},"properties":{"scalerank":0,"featurecla":"Land","min_zoom":3}},
{"type":"Feature","geometry":{"type":"Polygon","coordinates":[[[-78.8265,56.1453],[-78.6572,56.3174],[-78.7994,56.3833],[-78.8265,56.1453]]]},"properties":{"scalerank":0,"featurecla":"Land","min_zoom":3}},
{"type":"Feature","geometry":{"type":"Polygon","coordinates":[[[-78.9356,56.2661],[-78.9632,56.4217],[-79.2724,56.6004],[-79.3926,56.2765],[-79.5963,56.2445],[-80.0008,55.9321],[-79.9046,55.871],[-79.5646,56.1209],[-79.4975,56.0932],[-79.7647,55.8068],[-79.4074,55.9349],[-79.1755,55.8851],[-78.9356,56.2661]]]},"properties":{"scalerank":0,"featurecla":"Land","min_zoom":2}},
{"type":"Feature","geometry":{"type":"Polygon","coordinates":[[[-79.867,56.7746],[-79.8267,56.8431],[-79.8981,56.8653],[-79.9437,56.7768],[-79.867,56.7746]]]},"properties":{"scalerank":0,"featurecla":"Land","min_zoom":4}},
{"type":"Feature","geometry":{"type":"Polygon","coordinates":[[[-79.7165,57.5155],[-79.7267,57.6046],[-79.8108,57.5593],[-79.7165,57.5155]]]},"properties":{"scalerank":0,"featurecla":"Land","min_zoom":4}},
{"type":"Feature","geometry":{"type":"Polygon","coordinates":[[[-79.9776,56.207],[-79.6879,56.3268],[-79.681,56.404],[-80.0051,56.3179],[-79.9776,56.207]]]},"properties":{"scalerank":0,"featurecla":"Land","min_zoom":3}},
{"type":"Feature","geometry":{"type":"Polygon","coordinates":[[[-80.2853,59.6241],[-80.1831,59.6835],[-80.299,59.6742],[-80.2853,59.6241]]]},"properties":{"scalerank":0,"featurecla":"Land","min_zoom":4}},
{"type":"Feature","geometry":{"type":"Polygon","coordinates":[[[-79.9382,53.3042],[-79.9746,53.3522],[-80.074,53.3443],[-80.0394,53.2972],[-79.9382,53.3042]]]},"properties":{"scalerank":0,"featurecla":"Land","min_zoom":4}},
{"type":"Feature","geometry":{"type":"Polygon","coordinates":[[[-80.0642,59.7708],[-79.8986,59.8531],[-80.0412,59.8702],[-80.0642,59.7708]]]},"properties":{"scalerank":0,"featurecla":"Land","min_zoom":3}},
{"type":"Feature","geometry":{"type":"Polygon","coordinates":[[[-79.5182,56.6567],[-79.4822,56.7144],[-79.5507,56.7335],[-79.5774,56.6449],[-79.5182,56.6567]]]},"properties":{"scalerank":0,"featurecla":"Land","min_zoom":4}},
{"type":"Feature","geometry":{"type":"Polygon","coordinates":[[[-96.7823,72.9366],[-96.5985,73.0738],[-97.0692,73.1302],[-97.0928,72.9969],[-96.7823,72.9366]]]},"properties":{"scalerank":0,"featurecla":"Land","min_zoom":3}},
{"type":"Feature","geometry":{"type":"Polygon","coordinates":[[[-97.3555,74.5263],[-97.4165,74.6266],[-97.75,74.5105],[-97.3555,74.5263]]]},"properties":{"scalerank":0,"featurecla":"Land","min_zoom":3}},
{"type":"Feature","geometry":{"type":"Polygon","coordinates":[[[-98.2704,73.8685],[-97.7547,74.0055],[-98.061,74.1047],[-98.9045,74.0069],[-99.3852,73.8793],[-98.9739,73.8121],[-98.2704,73.8685]]]},"properties":{"scalerank":0,"featurecla":"Land","min_zoom":2}},
{"type":"Feature","geometry":{"type":"Polygon","coordinates":[[[-90.1998,69.4191],[-90.492,69.3699],[-90.3641,69.2626],[-90.1774,69.3571],[-90.1998,69.4191]]]},"properties":{"scalerank":0,"featurecla":"Land","min_zoom":3}},
{"type":"Feature","geometry":{"type":"Polygon","coordinates":[[[-90.4926,69.2211],[-90.5997,69.3678],[-90.7424,69.3573],[-90.5744,69.2094],[-90.4926,69.2211]]]},"properties":{"scalerank":0,"featurecla":"Land","min_zoom":3}},
{"type":"Feature","geometry":{"type":"Polygon","coordinates":[[[-74.0004,62.6184],[-74.1089,62.6803],[-74.3948,62.6958],[-74.2535,62.622],[-74.0004,62.6184]]]},"properties":{"scalerank":0,"featurecla":"Land","min_zoom":3}},
{"type":"Feature","geometry":{"type":"Polygon","coordinates":[[[-74.8809,68.3487],[-74.7982,68.458],[-74.9836,68.6476],[-75.2874,68.6877],[-75.4002,68.5255],[-74.8809,68.3487]]]},"properties":{"scalerank":0,"featurecla":"Land","min_zoom":3}},
{"type":"Feature","geometry":{"type":"Polygon","coordinates":[[[-78.5316,60.7286],[-78.2789,60.7839],[-78.3996,60.8081],[-78.612,60.7723],[-78.5316,60.7286]]]},"properties":{"scalerank":0,"featurecla":"Land","min_zoom":3}},
{"type":"Feature","geometry":{"type":"Polygon","coordinates":[[[-78.9827,68.1928],[-78.8285,68.2682],[-79.1535,68.3353],[-79.174,68.235],[-78.9827,68.1928]]]},"properties":{"scalerank":0,"featurecla":"Land","min_zoom":3}},
{"type":"Feature","geometry":{"type":"Polygon","coordinates":[[[-76.6776,63.3939],[-76.7636,63.5736],[-77.1337,63.682],[-77.3647,63.5883],[-77.0572,63.4498],[-76.6776,63.3939]]]},"properties":{"scalerank":0,"featurecla":"Land","min_zoom":2}},
{"type":"Feature","geometry":{"type":"Polygon","coordinates":[[[-64.8238,62.5587],[-64.9012,62.421],[-64.4783,62.4179],[-64.5153,62.5518],[-64.8238,62.5587]]]},"properties":{"scalerank":0,"featurecla":"Land","min_zoom":3}},
{"type":"Feature","geometry":{"type":"Polygon","coordinates":[[[-62.6815,67.0563],[-62.3963,67.1783],[-62.6253,67.177],[-62.6815,67.0563]]]},"properties":{"scalerank":0,"featurecla":"Land","min_zoom":3}},
{"type":"Feature","geometry":{"type":"Polygon","coordinates":[[[-68.2338,60.2409],[-67.8442,60.3917],[-67.9142,60.5398],[-68.1419,60.562],[-68.3383,60.3606],[-68.2338,60.2409]]]},"properties":{"scalerank":0,"featurecla":"Land","min_zoom":2}},
{"type":"Feature","geometry":{"type":"Polygon","coordinates":[[[-70.3371,62.5487],[-70.4426,62.7338],[-70.6743,62.807],[-70.8513,62.7043],[-70.7661,62.5969],[-70.3371,62.5487]]]},"properties":{"scalerank":0,"featurecla":"Land","min_zoom":2}},
{"type":"Feature","geometry":{"type":"Polygon","coordinates":[[[-64.8326,61.3661],[-64.6696,61.593],[-64.7896,61.6622],[-65.1298,61.6857],[-65.3939,61.5628],[-64.8326,61.3661]]]},"properties":{"scalerank":0,"featurecla":"Land","min_zoom":2}},
{"type":"Feature","geometry":{"type":"Polygon","coordinates":[[[-67.9147,69.541],[-67.7546,69.6314],[-67.9891,69.6788],[-68.2023,69.5804],[-67.9147,69.541]]]},"properties":{"scalerank":0,"featurecla":"Land","min_zoom":3}},
{"type":"Feature","geometry":{"type":"Polygon","coordinates":[[[-79.4307,69.7878],[-79.9708,69.739],[-80.2137,69.802],[-80.6525,69.7506],[-80.1615,69.5359],[-79.5528,69.6309],[-79.4307,69.7878]]]},"properties":{"scalerank":0,"featurecla":"Land","min_zoom":2}},
{"type":"Feature","geometry":{"type":"Polygon","coordinates":[[[-78.0291,69.7149],[-78.5786,69.6388],[-78.4701,69.5025],[-77.9691,69.639],[-78.0291,69.7149]]]},"properties":{"scalerank":0,"featurecla":"Land","min_zoom":3}},
{"type":"Feature","geometry":{"type":"Polygon","coordinates":[[[-77.6421,63.9919],[-77.9313,64.0148],[-77.9288,63.962],[-77.7141,63.9457],[-77.6421,63.9919]]]},"properties":{"scalerank":0,"featurecla":"Land","min_zoom":3}},
{"type":"Feature","geometry":{"type":"Polygon","coordinates":[[[-83.1235,66.2828],[-83.0599,66.1993],[-82.9313,66.2573],[-83.1235,66.2828]]]},"properties":{"scalerank":0,"featurecla":"Land","min_zoom":4}},
{"type":"Feature","geometry":{"type":"Polygon","coordinates":[[[-79.2106,68.8455],[-78.8527,68.9157],[-78.229,69.304],[-78.5967,69.3706],[-78.9,69.1354],[-79.2427,69.0493],[-79.4058,68.923],[-79.2106,68.8455]]]},"properties":{"scalerank":0,"featurecla":"Land","min_zoom":2}},
{"type":"Feature","geometry":{"type":"Polygon","coordinates":[[[-76.9954,69.1438],[-76.6875,69.3277],[-76.7457,69.404],[-77.3187,69.4163],[-77.3794,69.274],[-76.9954,69.1438]]]},"properties":{"scalerank":0,"featurecla":"Land","min_zoom":2}},
{"type":"Feature","geometry":{"type":"Polygon","coordinates":[[[-65.0306,61.8791],[-65.1659,61.7977],[-64.9277,61.7325],[-64.8471,61.7615],[-65.0306,61.8791]]]},"properties":{"scalerank":0,"featurecla":"Land","min_zoom":3}},
{"type":"Feature","geometry":{"type":"Polygon","coordinates":[[[-86.913,70.1132],[-87.1908,70.0186],[-86.7343,69.9763],[-86.6127,70.1057],[-86.913,70.1132]]]},"properties":{"scalerank":0,"featurecla":"Land","min_zoom":3}},
{"type":"Feature","geometry":{"type":"Polygon","coordinates":[[[-83.726,65.7967],[-83.7014,65.9201],[-83.9504,66.0275],[-84.1432,65.916],[-84.1183,65.7718],[-83.8136,65.7875],[-83.3814,65.63],[-83.2339,65.6966],[-83.726,65.7967]]]},"properties":{"scalerank":0,"featurecla":"Land","min_zoom":2}},
{"type":"Feature","geometry":{"type":"Polygon","coordinates":[[[-86.5956,67.7359],[-86.3824,67.9273],[-86.4211,68.1834],[-86.7021,68.3056],[-86.9598,68.1002],[-86.8471,68.0103],[-86.8611,67.8105],[-86.5956,67.7359]]]},"properties":{"scalerank":0,"featurecla":"Land","min_zoom":2}},
{"type":"Feature","geometry":{"type":"Polygon","coordinates":[[[-84.6748,65.575],[-84.6026,65.6574],[-84.9386,66.0085],[-85.1496,66.0154],[-85.1363,65.8208],[-84.7829,65.5701],[-84.6748,65.575]]]},"properties":{"scalerank":0,"featurecla":"Land","min_zoom":2}},
{"type":"Feature","geometry":{"type":"Polygon","coordinates":[[[-93.0439,61.8441],[-93.0758,61.935],[-93.1967,61.9186],[-93.0439,61.8441]]]},"properties":{"scalerank":0,"featurecla":"Land","min_zoom":4}},
{"type":"Feature","geometry":{"type":"Polygon","coordinates":[[[-102.2273,76.0149],[-102.49,76.0951],[-102.5841,76.2816],[-103.0982,76.3115],[-104.3506,76.1823],[-104.2425,76.047],[-103.8008,76.037],[-103.7698,75.8924],[-103.0415,75.9188],[-103.3147,75.7642],[-102.5796,75.7802],[-102.0475,75.9277],[-102.2273,76.0149]]]},"properties":{"scalerank":0,"featurecla":"Land","min_zoom":2}},
{"type":"Feature","geometry":{"type":"Polygon","coordinates":[[[-101.2261,76.5793],[-100.2691,76.7341],[-100.9622,76.7342],[-101.2261,76.5793]]]},"properties":{"scalerank":0,"featurecla":"Land","min_zoom":3}},
{"type":"Feature","geometry":{"type":"Polygon","coordinates":[[[-104.0229,76.5831],[-104.5857,76.6065],[-104.2707,76.3263],[-103.4722,76.3291],[-103.0513,76.4499],[-104.0229,76.5831]]]},"properties":{"scalerank":0,"featurecla":"Land","min_zoom":2}},
{"type":"Feature","geometry":{"type":"Polygon","coordinates":[[[-103.0034,78.1464],[-102.7883,78.2182],[-103.1104,78.2459],[-103.2601,78.1835],[-103.0034,78.1464]]]},"properties":{"scalerank":0,"featurecla":"Land","min_zoom":3}},
{"type":"Feature","geometry":{"type":"Polygon","coordinates":[[[-101.6936,77.6966],[-101.0021,77.7351],[-101.6394,77.8921],[-102.4477,77.8806],[-102.4582,77.7702],[-101.6936,77.6966]]]},"properties":{"scalerank":0,"featurecla":"Land","min_zoom":3}},
{"type":"Feature","geometry":{"type":"Polygon","coordinates":[[[-89.7265,76.5074],[-89.6954,76.7412],[-89.9488,76.8362],[-90.5562,76.7346],[-90.0543,76.4951],[-89.7265,76.5074]]]},"properties":{"scalerank":0,"featurecla":"Land","min_zoom":3}},
{"type":"Feature","geometry":{"type":"Polygon","coordinates":[[[-96.0786,75.5101],[-96.5229,75.5836],[-96.9828,75.5098],[-96.7229,75.3808],[-96.4616,75.4942],[-96.0786,75.5101]]]},"properties":{"scalerank":0,"featurecla":"Land","min_zoom":3}},
{"type":"Feature","geometry":{"type":"Polygon","coordinates":[[[-95.3066,74.5054],[-95.5102,74.6368],[-95.7772,74.5507],[-95.3066,74.5054]]]},"properties":{"scalerank":0,"featurecla":"Land","min_zoom":3}},
{"type":"Feature","geometry":{"type":"Polygon","coordinates":[[[-113.8325,77.7546],[-113.768,77.9036],[-114.2798,78.0043],[-115.0293,77.9675],[-114.6083,77.7693],[-113.8325,77.7546]]]},"properties":{"scalerank":0,"featurecla":"Land","min_zoom":2}},
{"type":"Feature","geometry":{"type":"Polygon","coordinates":[[[-121.0762,75.7453],[-120.9549,75.7888],[-120.8787,75.9067],[-121.2211,75.7775],[-121.0762,75.7453]]]},"properties":{"scalerank":0,"featurecla":"Land","min_zoom":4}},
{"type":"Feature","geometry":{"type":"Polygon","coordinates":[[[-113.5607,76.7433],[-113.8916,76.8949],[-114.4199,76.8753],[-114.7515,76.7589],[-113.5607,76.7433]]]},"properties":{"scalerank":0,"featurecla":"Land","min_zoom":3}},
{"type":"Feature","geometry":{"type":"Polygon","coordinates":[[[-104.1199,75.0363],[-103.6421,75.1629],[-103.8041,75.3455],[-104.3462,75.4299],[-104.6488,75.3498],[-104.8874,75.1478],[-104.6343,75.0613],[-104.1199,75.0363]]]},"properties":{"scalerank":0,"featurecla":"Land","min_zoom":2}},
{"type":"Feature","geometry":{"type":"Polygon","coordinates":[[[-55.4587,51.5365],[-55.6904,51.4713],[-56.0256,51.5684],[-56.518,51.3993],[-56.7502,51.2749],[-56.8055,51.1445],[-56.9764,51.028],[-57.1316,50.7874],[-57.298,50.6987],[-57.4655,50.4637],[-57.7125,50.0249],[-58.0158,49.5425],[-58.2134,49.3867],[-58.1909,49.2587],[-58.0491,49.18],[-58.0989,49.0774],[-58.4037,49.0843],[-58.4937,49.0032],[-58.7165,48.598],[-58.9064,48.6502],[-59.1668,48.5218],[-58.7226,48.5407],[-58.4922,48.513],[-58.7106,48.325],[-59.2721,47.9956],[-59.3624,47.8657],[-59.2598,47.6342],[-59.1169,47.5707],[-58.3332,47.6769],[-57.9255,47.6749],[-56.9525,47.5745],[-56.4596,47.6169],[-56.2213,47.6714],[-56.1506,47.7745],[-55.8444,47.7878],[-55.8621,47.5301],[-55.5761,47.4652],[-55.4347,47.5013],[-55.3663,47.6611],[-55.0746,47.6576],[-54.8695,47.5709],[-55.1908,47.449],[-55.4915,47.1606],[-55.8384,47.0716],[-55.9499,46.9277],[-55.7885,46.8672],[-55.5307,46.914],[-55.3157,46.9057],[-55.1396,47.0459],[-55.0904,47.1739],[-54.8566,47.385],[-54.4345,47.4623],[-54.1918,47.8598],[-53.989,47.7562],[-53.8691,47.387],[-54.0927,47.0862],[-54.1737,46.8804],[-54.076,46.82],[-53.86,46.9395],[-53.6364,47.1377],[-53.5813,46.9573],[-53.6164,46.6803],[-53.5361,46.6325],[-53.2913,46.717],[-53.0698,46.6813],[-52.8892,46.9741],[-52.9124,47.1032],[-52.6836,47.4263],[-52.6537,47.5494],[-52.7824,47.7694],[-52.945,47.5528],[-53.1225,47.4551],[-53.1755,47.653],[-52.955,48.0293],[-53.2827,47.9979],[-53.6038,47.6623],[-53.7651,47.6501],[-53.8617,47.7993],[-53.695,47.9212],[-53.5312,48.2319],[-53.3343,48.356],[-53.1357,48.4019],[-53.0208,48.5716],[-53.4113,48.5622],[-53.5521,48.4818],[-53.7946,48.5264],[-53.698,48.6798],[-53.966,48.7067],[-53.8529,48.8113],[-53.7581,49.0354],[-53.5734,49.1412],[-53.6194,49.3216],[-53.9577,49.4418],[-54.3167,49.4241],[-54.5791,49.4908],[-54.7176,49.3886],[-55.0262,49.3054],[-55.3759,49.4897],[-55.6781,49.4346],[-55.892,49.5803],[-55.7176,49.829],[-55.7647,49.9604],[-56.2471,50.0901],[-56.3764,49.9337],[-56.7568,49.6516],[-56.8486,49.7653],[-56.694,50.0597],[-56.3824,50.417],[-56.1356,50.651],[-56.0781,50.781],[-55.8714,50.9074],[-55.8151,51.1912],[-55.9999,51.1993],[-56.0311,51.3284],[-55.5834,51.3886],[-55.4587,51.5365]]]},"properties":{"scalerank":0,"featurecla":"Land","min_zoom":0}},
{"type":"Feature","geometry":{"type":"Polygon","coordinates":[[[-55.5361,50.7197],[-55.4728,50.7759],[-55.6045,50.7807],[-55.6293,50.7208],[-55.5361,50.7197]]]},"properties":{"scalerank":0,"featurecla":"Land","min_zoom":4}},
{"type":"Feature","geometry":{"type":"Polygon","coordinates":[[[-54.5544,49.5889],[-54.6187,49.6221],[-54.7331,49.5622],[-54.8636,49.5761],[-54.7865,49.4961],[-54.5544,49.5889]]]},"properties":{"scalerank":0,"featurecla":"Land","min_zoom":3}},
{"type":"Feature","geometry":{"type":"Polygon","coordinates":[[[-55.3612,51.8896],[-55.2936,51.93],[-55.3465,51.9829],[-55.4196,51.9],[-55.3612,51.8896]]]},"properties":{"scalerank":0,"featurecla":"Land","min_zoom":4}},
{"type":"Feature","geometry":{"type":"Polygon","coordinates":[[[-54.0937,49.7444],[-54.2888,49.6608],[-54.2384,49.5917],[-53.9807,49.662],[-54.0937,49.7444]]]},"properties":{"scalerank":0,"featurecla":"Land","min_zoom":3}},
{"type":"Feature","geometry":{"type":"Polygon","coordinates":[[[-56.2671,46.8385],[-56.3149,46.9539],[-56.2874,47.071],[-56.3869,47.068],[-56.2671,46.8385]]]},"properties":{"scalerank":0,"featurecla":"Land","min_zoom":3}},
{"type":"Feature","geometry":{"type":"Polygon","coordinates":[[[-54.2271,47.4414],[-54.2274,47.54],[-54.3201,47.4385],[-54.2271,47.4414]]]},"properties":{"scalerank":0,"featurecla":"Land","min_zoom":3}},
{"type":"Feature","geometry":{"type":"Polygon","coordinates":[[[-100.2172,68.8067],[-100.1785,68.9039],[-100.6116,68.9902],[-100.616,68.7829],[-100.2172,68.8067]]]},"properties":{"scalerank":0,"featurecla":"Land","min_zoom":3}},
{"type":"Feature","geometry":{"type":"Polygon","coordinates":[[[-99.9947,69.0135],[-100.0354,69.0866],[-100.242,69.0404],[-100.1413,68.9699],[-99.9947,69.0135]]]},"properties":{"scalerank":0,"featurecla":"Land","min_zoom":3}},
{"type":"Feature","geometry":{"type":"Polygon","coordinates":[[[-100.3083,70.4958],[-100.4339,70.6494],[-100.6783,70.6462],[-100.6207,70.5469],[-100.3083,70.4958]]]},"properties":{"scalerank":0,"featurecla":"Land","min_zoom":3}},
{"type":"Feature","geometry":{"type":"Polygon","coordinates":[[[-95.5137,69.5736],[-95.8758,69.606],[-95.9948,69.4697],[-95.4962,69.3501],[-95.3809,69.5066],[-95.5137,69.5736]]]},"properties":{"scalerank":0,"featurecla":"Land","min_zoom":3}},
{"type":"Feature","geometry":{"type":"Polygon","coordinates":[[[-101.1717,69.3971],[-101.0006,69.4619],[-101.0983,69.5408],[-101.2895,69.4413],[-101.1717,69.3971]]]},"properties":{"scalerank":0,"featurecla":"Land","min_zoom":3}},
{"type":"Feature","geometry":{"type":"Polygon","coordinates":[[[-101.8459,68.5863],[-101.7216,68.7241],[-102.0134,68.8254],[-102.2664,68.6637],[-101.8459,68.5863]]]},"properties":{"scalerank":0,"featurecla":"Land","min_zoom":3}},
{"type":"Feature","geometry":{"type":"Polygon","coordinates":[[[-104.5407,68.4059],[-104.4721,68.5035],[-104.9073,68.5818],[-104.9652,68.4917],[-104.5407,68.4059]]]},"properties":{"scalerank":0,"featurecla":"Land","min_zoom":3}},
{"type":"Feature","geometry":{"type":"Polygon","coordinates":[[[-107.8999,67.4018],[-107.9909,67.6221],[-108.1275,67.6286],[-108.1522,67.4294],[-107.8999,67.4018]]]},"properties":{"scalerank":0,"featurecla":"Land","min_zoom":3}},
{"type":"Feature","geometry":{"type":"Polygon","coordinates":[[[-109.1664,67.9824],[-109.0962,67.924],[-108.886,67.8985],[-108.9705,67.9797],[-109.1664,67.9824]]]},"properties":{"scalerank":0,"featurecla":"Land","min_zoom":4}},
{"type":"Feature","geometry":{"type":"Polygon","coordinates":[[[-108.0927,67.0052],[-107.9651,66.8849],[-107.8055,66.9986],[-108.0927,67.0052]]]},"properties":{"scalerank":0,"featurecla":"Land","min_zoom":3}},
{"type":"Feature","geometry":{"type":"Polygon","coordinates":[[[-109.3231,67.9909],[-109.3417,68.0459],[-109.4691,68.098],[-109.4979,68.047],[-109.3231,67.9909]]]},"properties":{"scalerank":0,"featurecla":"Land","min_zoom":4}},
{"type":"Feature","geometry":{"type":"Polygon","coordinates":[[[-60.9945,56.0393],[-61.0869,56.1408],[-61.1913,56.0479],[-60.9945,56.0393]]]},"properties":{"scalerank":0,"featurecla":"Land","min_zoom":3}},
{"type":"Feature","geometry":{"type":"Polygon","coordinates":[[[-61.7436,57.5546],[-61.9755,57.4954],[-61.7953,57.4225],[-61.7436,57.5546]]]},"properties":{"scalerank":0,"featurecla":"Land","min_zoom":3}},
{"type":"Feature","geometry":{"type":"Polygon","coordinates":[[[-69.1601,59.0402],[-69.1952,59.1461],[-69.33,59.1212],[-69.3017,58.9766],[-69.1601,59.0402]]]},"properties":{"scalerank":0,"featurecla":"Land","min_zoom":3}},
{"type":"Feature","geometry":{"type":"Polygon","coordinates":[[[22.1751,60.3708],[22.0771,60.2863],[22.2583,60.1656],[22.355,60.3559],[22.1751,60.3708]]]},"properties":{"scalerank":0,"featurecla":"Land","min_zoom":3}},
{"type":"Feature","geometry":{"type":"Polygon","coordinates":[[[21.4509,60.5296],[21.3013,60.5956],[21.3,60.4798],[21.4509,60.5296]]]},"properties":{"scalerank":0,"featurecla":"Land","min_zoom":3}},
{"type":"Feature","geometry":{"type":"Polygon","coordinates":[[[21.8332,60.1405],[21.8644,60.2018],[21.7048,60.1723],[21.7331,60.1062],[21.8332,60.1405]]]},"properties":{"scalerank":0,"featurecla":"Land","min_zoom":4}},
{"type":"Feature","geometry":{"type":"Polygon","coordinates":[[[-64.407,60.3671],[-64.6463,60.5146],[-64.809,60.4104],[-64.407,60.3671]]]},"properties":{"scalerank":0,"featurecla":"Land","min_zoom":3}},
{"type":"Feature","geometry":{"type":"Polygon","coordinates":[[[126.172,34.7312],[126.1686,34.8297],[126.0521,34.8375],[126.1152,34.7142],[126.172,34.7312]]]},"properties":{"scalerank":0,"featurecla":"Land","min_zoom":3}},
{"type":"Feature","geometry":{"type":"Polygon","coordinates":[[[72.492,-7.3774],[72.4936,-7.2617],[72.4456,-7.2204],[72.4737,-7.3097],[72.4672,-7.3676],[72.492,-7.3774]]]},"properties":{"scalerank":0,"featurecla":"Land","min_zoom":3}},
{"type":"Feature","geometry":{"type":"Polygon","coordinates":[[[-139.5562,-8.9402],[-139.584,-8.8601],[-139.6318,-8.8985],[-139.5562,-8.9402]]]},"properties":{"scalerank":0,"featurecla":"Land","min_zoom":4}},
{"type":"Feature","geometry":{"type":"Polygon","coordinates":[[[157.6454,-8.7589],[157.5793,-8.7037],[157.4579,-8.7302],[157.5858,-8.7831],[157.6454,-8.7589]]]},"properties":{"scalerank":0,"featurecla":"Land","min_zoom":3}},
{"type":"Feature","geometry":{"type":"Polygon","coordinates":[[[20.6113,60.0407],[20.5691,60.0696],[20.4296,60.0617],[20.5218,60.0117],[20.6113,60.0407]]]},"properties":{"scalerank":0,"featurecla":"Land","min_zoom":4}},
{"type":"Feature","geometry":{"type":"Polygon","coordinates":[[[21.6283,60.1078],[21.568,60.1723],[21.486,60.1268],[21.6283,60.1078]]]},"properties":{"scalerank":0,"featurecla":"Land","min_zoom":4}},
{"type":"Feature","geometry":{"type":"Polygon","coordinates":[[[24.8482,64.991],[24.786,65.0864],[24.5766,65.0429],[24.6989,64.9578],[24.8482,64.991]]]},"properties":{"scalerank":0,"featurecla":"Land","min_zoom":3}},
{"type":"Feature","geometry":{"type":"Polygon","coordinates":[[[29.9562,69.7968],[30.0552,69.8384],[29.8358,69.9056],[29.7442,69.7916],[29.9562,69.7968]]]},"properties":{"scalerank":0,"featurecla":"Land","min_zoom":3}},
{"type":"Feature","geometry":{"type":"Polygon","coordinates":[[[4.9587,61.0846],[4.9732,61.1482],[4.8244,61.1782],[4.799,61.0827],[4.9587,61.0846]]]},"properties":{"scalerank":0,"featurecla":"Land","min_zoom":4}},
{"type":"Feature","geometry":{"type":"Polygon","coordinates":[[[8.1027,63.3376],[8.0735,63.4708],[7.804,63.4139],[8.1027,63.3376]]]},"properties":{"scalerank":0,"featurecla":"Land","min_zoom":3}},
{"type":"Feature","geometry":{"type":"Polygon","coordinates":[[[8.4708,63.6671],[8.7865,63.7035],[8.7089,63.7743],[8.4513,63.7318],[8.4708,63.6671]]]},"properties":{"scalerank":0,"featurecla":"Land","min_zoom":3}},
{"type":"Feature","geometry":{"type":"Polygon","coordinates":[[[12.5096,65.902],[12.7187,65.9639],[12.5488,66.0019],[12.5096,65.902]]]},"properties":{"scalerank":0,"featurecla":"Land","min_zoom":3}},
{"type":"Feature","geometry":{"type":"Polygon","coordinates":[[[12.4199,66.0433],[12.5764,66.0719],[12.6208,66.1779],[12.4613,66.185],[12.4199,66.0433]]]},"properties":{"scalerank":0,"featurecla":"Land","min_zoom":3}},
{"type":"Feature","geometry":{"type":"Polygon","coordinates":[[[19.7675,70.2167],[19.7809,70.0774],[20.0885,70.1021],[19.7675,70.2167]]]},"properties":{"scalerank":0,"featurecla":"Land","min_zoom":3}},
{"type":"Feature","geometry":{"type":"Polygon","coordinates":[[[23.4405,70.8158],[22.3503,70.6577],[22.3587,70.5148],[23.0682,70.5941],[23.4405,70.8158]]]},"properties":{"scalerank":0,"featurecla":"Land","min_zoom":2}},
{"type":"Feature","geometry":{"type":"Polygon","coordinates":[[[20.7792,70.0897],[20.8194,70.2055],[20.4117,70.1549],[20.4643,70.0766],[20.7792,70.0897]]]},"properties":{"scalerank":0,"featurecla":"Land","min_zoom":3}},
{"type":"Feature","geometry":{"type":"Polygon","coordinates":[[[25.5863,71.1421],[25.3149,71.0341],[25.582,70.9608],[26.1338,70.9958],[25.945,71.1046],[25.5863,71.1421]]]},"properties":{"scalerank":0,"featurecla":"Land","min_zoom":3}},
{"type":"Feature","geometry":{"type":"Polygon","coordinates":[[[23.6153,70.5493],[22.941,70.4446],[23.1592,70.2826],[23.5478,70.4082],[23.6153,70.5493]]]},"properties":{"scalerank":0,"featurecla":"Land","min_zoom":3}},
{"type":"Feature","geometry":{"type":"Polygon","coordinates":[[[24.0176,70.5674],[24.0783,70.6506],[23.7784,70.7474],[23.6701,70.5971],[24.0176,70.5674]]]},"properties":{"scalerank":0,"featurecla":"Land","min_zoom":3}},
{"type":"Feature","geometry":{"type":"Polygon","coordinates":[[[13.8729,68.2653],[13.538,68.249],[13.1995,68.0873],[13.2294,67.9954],[14.0293,68.1875],[13.8729,68.2653]]]},"properties":{"scalerank":0,"featurecla":"Land","min_zoom":3}},
{"type":"Feature","geometry":{"type":"Polygon","coordinates":[[[12.9718,67.8741],[13.0982,67.9564],[12.9577,68.0155],[12.824,67.8212],[12.9718,67.8741]]]},"properties":{"scalerank":0,"featurecla":"Land","min_zoom":3}},
{"type":"Feature","geometry":{"type":"Polygon","coordinates":[[[17.503,69.5962],[17.252,69.5038],[17.3608,69.3815],[17.0018,69.3619],[16.9718,69.1379],[17.3236,69.13],[17.9507,69.1981],[18.0768,69.3958],[18.0041,69.505],[17.503,69.5962]]]},"properties":{"scalerank":0,"featurecla":"Land","min_zoom":2}},
{"type":"Feature","geometry":{"type":"Polygon","coordinates":[[[19.2551,70.0664],[18.3493,69.7679],[18.0835,69.6261],[18.2741,69.5355],[18.7848,69.579],[19.1309,69.8104],[19.3348,69.8203],[19.5923,69.9702],[19.2551,70.0664]]]},"properties":{"scalerank":0,"featurecla":"Land","min_zoom":2}},
{"type":"Feature","geometry":{"type":"Polygon","coordinates":[[[15.7604,68.5612],[15.9279,68.7332],[15.8117,69.0242],[16.1148,69.2164],[15.8927,69.2779],[15.483,69.0435],[15.5643,68.8737],[15.4126,68.6158],[15.0953,68.4414],[14.5858,68.4003],[14.2572,68.2569],[14.6289,68.1985],[14.9269,68.3066],[15.4375,68.3128],[15.9125,68.3893],[16.5192,68.633],[16.5474,68.7166],[16.1506,68.8424],[16.0596,68.6805],[15.7604,68.5612]]]},"properties":{"scalerank":0,"featurecla":"Land","min_zoom":2}},
{"type":"Feature","geometry":{"type":"Polygon","coordinates":[[[15.2071,68.9431],[14.8724,68.9139],[14.3734,68.7114],[14.5208,68.6331],[15.2221,68.6163],[15.3966,68.7836],[15.2071,68.9431]]]},"properties":{"scalerank":0,"featurecla":"Land","min_zoom":2}},
{"type":"Feature","geometry":{"type":"Polygon","coordinates":[[[11.2314,64.8659],[11.1326,64.9762],[10.8135,64.9232],[10.8325,64.8431],[11.2314,64.8659]]]},"properties":{"scalerank":0,"featurecla":"Land","min_zoom":3}},
{"type":"Feature","geometry":{"type":"Polygon","coordinates":[[[5.0858,60.3076],[5.0502,60.389],[4.9301,60.4121],[4.9436,60.2724],[5.0858,60.3076]]]},"properties":{"scalerank":0,"featurecla":"Land","min_zoom":3}},
{"type":"Feature","geometry":{"type":"Polygon","coordinates":[[[11.968,65.6265],[12.0032,65.6794],[11.8004,65.6839],[11.7783,65.6045],[11.968,65.6265]]]},"properties":{"scalerank":0,"featurecla":"Land","min_zoom":4}},
{"type":"Feature","geometry":{"type":"Polygon","coordinates":[[[-79.0631,75.9259],[-79.0093,76.1459],[-79.6987,75.8833],[-79.0631,75.9259]]]},"properties":{"scalerank":0,"featurecla":"Land","min_zoom":3}},
{"type":"Feature","geometry":{"type":"Polygon","coordinates":[[[-71.6673,77.3253],[-72.0891,77.4671],[-72.4949,77.3855],[-71.6673,77.3253]]]},"properties":{"scalerank":0,"featurecla":"Land","min_zoom":3}},
{"type":"Feature","geometry":{"type":"Polygon","coordinates":[[[-44.8646,82.0836],[-44.7499,82.4011],[-45.4114,82.5775],[-46.3992,82.6921],[-47.2723,82.6569],[-47.3075,82.5334],[-46.7519,82.3482],[-44.8646,82.0836]]]},"properties":{"scalerank":0,"featurecla":"Land","min_zoom":0}},
{"type":"Feature","geometry":{"type":"Polygon","coordinates":[[[-18.6647,81.8465],[-19.3146,82.1232],[-19.5945,81.9913],[-19.0314,81.8272],[-18.6647,81.8465]]]},"properties":{"scalerank":0,"featurecla":"Land","min_zoom":3}},
{"type":"Feature","geometry":{"type":"Polygon","coordinates":[[[-17.6125,79.8259],[-17.4714,80.0287],[-17.9829,80.0552],[-18.9972,79.9405],[-19.0324,79.7729],[-18.0358,79.7112],[-17.6125,79.8259]]]},"properties":{"scalerank":0,"featurecla":"Land","min_zoom":2}},
{"type":"Feature","geometry":{"type":"Polygon","coordinates":[[[-18.9972,77.9738],[-18.8825,78.1149],[-18.9354,78.4236],[-19.3147,78.3442],[-19.297,78.1854],[-18.9972,77.9738]]]},"properties":{"scalerank":0,"featurecla":"Land","min_zoom":3}},
{"type":"Feature","geometry":{"type":"Polygon","coordinates":[[[-18.5826,76.0423],[-18.7326,76.642],[-19.0854,76.4304],[-18.5826,76.0423]]]},"properties":{"scalerank":0,"featurecla":"Land","min_zoom":3}},
{"type":"Feature","geometry":{"type":"Polygon","coordinates":[[[-18.0005,75.4073],[-18.8561,75.3191],[-18.8913,75.0722],[-18.6708,75.0017],[-17.586,74.9928],[-17.4979,75.1515],[-17.8859,75.2044],[-18.0005,75.4073]]]},"properties":{"scalerank":0,"featurecla":"Land","min_zoom":2}},
{"type":"Feature","geometry":{"type":"Polygon","coordinates":[[[-17.9537,77.6423],[-17.7295,77.7064],[-17.6814,77.8586],[-17.9037,77.8626],[-18.174,77.7144],[-17.9537,77.6423]]]},"properties":{"scalerank":0,"featurecla":"Land","min_zoom":3}},
{"type":"Feature","geometry":{"type":"Polygon","coordinates":[[[-29.9529,83.5648],[-32.9844,83.5996],[-33.8374,83.53],[-34.6678,83.5711],[-37.828,83.4855],[-38.7478,83.3326],[-38.9311,83.1753],[-40.3568,83.3322],[-41.3001,83.1008],[-42.2595,83.232],[-43.1946,83.2551],[-45.4146,83.0177],[-46.4782,82.9519],[-45.5524,82.7252],[-44.5772,82.5426],[-44.2389,82.3682],[-44.6371,82.1044],[-44.5324,81.8489],[-45.2911,81.8288],[-46.6173,82.097],[-47.3574,82.1736],[-48.8612,82.4054],[-50.0371,82.4724],[-50.9899,82.4602],[-50.7131,82.2374],[-49.6943,81.9721],[-49.867,81.893],[-50.8944,81.8952],[-52.7756,82.3217],[-53.1107,82.2512],[-52.9255,82.0384],[-53.582,82.0616],[-53.9873,82.2792],[-54.7259,82.3514],[-55.5487,82.2458],[-56.5894,82.2271],[-58.7174,82.0931],[-59.2618,82.0066],[-59.2819,81.884],[-60.4324,81.9202],[-61.2029,81.7469],[-61.1,81.3961],[-61.436,81.1336],[-62.9933,81.207],[-63.4417,81.0139],[-64.5155,81],[-65.6452,80.6851],[-66.3723,80.5842],[-66.9959,80.413],[-67.1413,80.1665],[-66.8437,80.0762],[-64.7923,80.0006],[-65.1169,79.589],[-65.4199,79.3402],[-65.9679,79.1324],[-67.4822,79.1169],[-69.0305,78.9429],[-68.9935,78.8574],[-69.9735,78.7777],[-70.9058,78.6385],[-71.6513,78.6231],[-72.3956,78.5043],[-72.8181,78.1943],[-72.0649,77.9368],[-71.6499,77.8998],[-70.1264,77.6378],[-69.9768,77.5477],[-69.3514,77.4671],[-68.6215,77.6019],[-67.9773,77.5189],[-67.5146,77.5429],[-66.6912,77.6812],[-66.3064,77.5645],[-66.4531,77.3931],[-66.938,77.3642],[-68.1355,77.3796],[-68.5916,77.3425],[-68.9783,77.1953],[-69.6565,77.229],[-70.8628,77.1754],[-71.1549,77.0739],[-70.7928,76.8691],[-70.4413,76.8074],[-69.8881,76.8271],[-69.2521,76.6861],[-68.2234,76.6777],[-69.3997,76.4363],[-69.3729,76.3319],[-68.1487,76.067],[-66.8262,75.9688],[-67.0548,76.1519],[-66.4658,76.1392],[-65.9541,76.2417],[-65.4568,76.1298],[-64.912,76.1725],[-64.3873,76.304],[-63.8431,76.2171],[-63.4389,76.3395],[-62.8234,76.2615],[-62.0967,76.2423],[-61.1882,76.1579],[-58.5162,75.6891],[-58.2497,75.5067],[-58.6035,75.3853],[-58.2533,75.279],[-57.8132,75.04],[-57.1909,74.8938],[-56.8013,74.6717],[-56.2555,74.5268],[-56.656,74.4576],[-56.7063,74.2192],[-56.2985,74.1634],[-55.9295,73.8954],[-56.1041,73.5582],[-55.7389,73.384],[-55.2972,73.2623],[-55.6928,73.1128],[-55.6686,73.0079],[-54.7379,72.8725],[-54.7904,72.6416],[-55.1219,72.4996],[-55.6017,72.4535],[-55.6595,72.2226],[-55.3156,72.1107],[-55.5492,71.7683],[-55.594,71.5535],[-55.3364,71.4268],[-54.6891,71.3672],[-53.963,71.459],[-54.0199,71.6579],[-53.7797,71.6785],[-53.4776,71.85],[-53.1389,71.7752],[-53.476,71.6402],[-53.1675,71.5359],[-52.6563,71.6723],[-51.9673,71.5991],[-52.7494,71.5015],[-53.117,71.3129],[-53.0076,71.18],[-52.5346,71.2004],[-52.0614,71.1216],[-51.3767,71.119],[-51.1301,70.9717],[-51.2566,70.8527],[-51.3229,70.5888],[-50.9327,70.4539],[-50.9469,70.3636],[-51.5245,70.4395],[-52.4052,70.6868],[-53.0913,70.7694],[-53.5131,70.7666],[-54.1658,70.8201],[-54.5012,70.6569],[-54.0145,70.4217],[-53.023,70.3019],[-52.2546,70.0589],[-51.4188,69.9892],[-51.1057,70.0574],[-50.5,69.9358],[-50.3495,69.7962],[-50.7203,69.7253],[-50.8922,69.4118],[-51.077,69.2095],[-50.5366,69.2479],[-50.3927,69.1374],[-51.0849,69.1283],[-51.2494,68.7399],[-51.1333,68.5984],[-51.7807,68.5482],[-52.3028,68.7011],[-52.6046,68.7087],[-53.0395,68.6109],[-53.3832,68.2974],[-52.78,68.3099],[-52.1985,68.2208],[-51.6324,68.273],[-51.4561,68.3935],[-51.2073,68.3255],[-51.5969,68.0548],[-52.0585,68.0755],[-52.4361,68.1457],[-53.1516,68.2078],[-53.3529,67.9705],[-53.578,67.8368],[-53.7352,67.549],[-53.4188,67.5746],[-52.9796,67.7578],[-52.3448,67.8369],[-51.7652,67.7378],[-50.9688,67.8066],[-51.1814,67.6365],[-51.9091,67.6637],[-52.3836,67.7523],[-52.6665,67.7497],[-53.7986,67.4182],[-53.8844,67.1355],[-53.6872,66.9865],[-53.0383,66.8268],[-53.4187,66.6485],[-53.6347,66.4137],[-53.6147,66.1545],[-53.1561,66.1777],[-52.9219,66.2411],[-51.823,66.6979],[-52.0561,66.5073],[-53.0179,66.1709],[-53.3569,66.0733],[-53.1063,65.9771],[-53.2337,65.7709],[-53.199,65.594],[-52.7609,65.5908],[-52.5513,65.4614],[-52.4476,65.2051],[-52.259,65.1549],[-52.0889,64.6815],[-52.0934,64.4159],[-51.9987,64.2568],[-51.7581,64.2799],[-51.4009,64.6231],[-50.9891,64.6648],[-50.6481,64.8533],[-50.4921,64.6932],[-50.8492,64.6447],[-50.8349,64.559],[-51.2315,64.5606],[-51.7079,64.2051],[-51.4511,63.9048],[-51.5382,63.758],[-51.4688,63.6423],[-50.7435,63.0513],[-50.3383,62.8288],[-50.2593,62.5781],[-50.3192,62.4732],[-50.0702,62.3645],[-49.5535,62.2327],[-49.6677,62.1509],[-49.6238,61.9986],[-49.0396,62.0394],[-49.3803,61.8902],[-49.2652,61.7101],[-49.2891,61.5899],[-49.0492,61.5239],[-48.9221,61.2774],[-48.4948,61.2247],[-48.3864,61.0047],[-47.8588,61.0157],[-48.2052,60.8559],[-48.014,60.722],[-47.7962,60.8289],[-47.4646,60.8426],[-47.2244,60.7829],[-46.8745,60.8164],[-46.5824,60.9621],[-46.0117,61.0968],[-46.1419,60.7765],[-46.0466,60.6157],[-45.5903,60.5188],[-45.3678,60.3729],[-45.3792,60.2029],[-44.8122,60.0499],[-44.4535,60.0146],[-44.3836,59.8991],[-44.0655,59.9248],[-43.9065,59.8155],[-43.6169,59.9369],[-43.3201,59.9281],[-43.1229,60.0612],[-43.1565,60.3329],[-43.3483,60.5198],[-43.0441,60.5237],[-42.717,60.7675],[-42.646,61.0641],[-42.4187,61.537],[-42.2497,61.7714],[-42.1102,61.8572],[-42.1431,62.0135],[-42.3215,62.1527],[-42.153,62.5685],[-42.4671,62.5982],[-42.4237,62.7231],[-42.0583,62.694],[-41.909,62.7371],[-41.6345,62.9725],[-41.3879,63.0619],[-41.1077,63.2738],[-41.0487,63.5138],[-40.5504,63.7252],[-40.6523,63.9277],[-40.6178,64.1317],[-40.7817,64.2218],[-40.1822,64.4799],[-40.6555,64.9153],[-40.966,64.8688],[-41.0844,65.1008],[-40.6676,65.1087],[-40.2531,65.0489],[-40.028,65.1025],[-39.5779,65.3408],[-40.1916,65.5225],[-39.9609,65.5562],[-38.6367,65.6244],[-38.2034,65.7117],[-38.2164,65.8383],[-37.9694,66.1411],[-37.7523,66.2615],[-37.8139,66.3855],[-37.2787,66.3044],[-37.7878,65.978],[-37.7974,65.8568],[-38.0013,65.7096],[-37.7542,65.5931],[-37.4101,65.6563],[-37.0628,65.8714],[-36.9324,65.7826],[-36.3792,65.8308],[-35.6301,66.1399],[-35.7555,66.3235],[-35.1886,66.2503],[-34.6328,66.4348],[-34.4229,66.6302],[-34.1017,66.7259],[-33.528,67.2582],[-33.5176,67.3542],[-33.157,67.6267],[-32.2748,67.9229],[-32.156,68.0632],[-32.3668,68.213],[-32.1373,68.3849],[-31.4195,68.1285],[-30.9786,68.0613],[-30.6107,68.1179],[-29.8685,68.3116],[-29.2495,68.2988],[-28.1265,68.479],[-27.8512,68.4935],[-26.8153,68.6543],[-26.3414,68.7021],[-25.698,68.8899],[-25.544,69.0457],[-25.0924,69.1652],[-25.1886,69.2605],[-24.7406,69.3184],[-23.709,69.6272],[-23.5525,69.7405],[-23.0146,69.8048],[-23.0882,69.883],[-22.4351,69.9857],[-22.2845,70.1258],[-23.1732,70.1146],[-24.041,70.1812],[-24.7488,70.2951],[-25.5299,70.3532],[-26.1557,70.2456],[-27.0277,70.2012],[-27.3842,69.9916],[-27.5608,70.1245],[-27.0725,70.2812],[-26.5768,70.3571],[-26.7473,70.4755],[-27.5961,70.4067],[-28.015,70.4022],[-28.5409,70.4769],[-28.1457,70.6557],[-27.9922,70.8952],[-27.6888,70.9935],[-26.7179,70.9505],[-26.1575,71.0503],[-25.7422,71.1836],[-25.6994,71.3683],[-25.8427,71.4802],[-26.7372,71.5008],[-26.6885,71.5834],[-26.2114,71.5899],[-25.6559,71.53],[-24.377,71.1464],[-24.1304,70.7911],[-23.7918,70.5552],[-23.3278,70.451],[-21.9435,70.4435],[-21.5227,70.5262],[-21.6745,70.8563],[-21.6712,71.206],[-21.7522,71.4783],[-22.299,71.4323],[-22.5032,71.5004],[-22.0133,71.6888],[-22.3702,71.7698],[-22.4969,71.9138],[-22.8685,71.9707],[-24.4172,72.3482],[-24.6668,72.4374],[-24.771,72.8687],[-25.688,72.7974],[-26.3921,72.6728],[-26.6576,72.7158],[-25.2559,72.9241],[-24.63,73.0376],[-24.3586,72.6873],[-24.069,72.4987],[-22.2932,72.1195],[-22.2802,72.3448],[-22.0748,72.3992],[-22.0363,72.9185],[-22.8523,73.084],[-23.899,73.3983],[-24.5872,73.4229],[-25.2683,73.362],[-25.399,73.2758],[-26.7532,73.1211],[-26.4067,73.3129],[-26.0623,73.253],[-24.7913,73.5113],[-24.1577,73.7645],[-23.7606,73.5431],[-22.9875,73.3462],[-22.1851,73.2699],[-21.548,73.4317],[-20.5097,73.4929],[-20.3673,73.8482],[-21.2983,73.9625],[-21.9877,73.971],[-22.3353,74.0634],[-22.3216,74.3025],[-21.1294,74.1109],[-20.2306,74.2046],[-20.2564,74.2828],[-19.3691,74.284],[-19.2251,74.4795],[-19.5378,74.6246],[-19.9849,74.9752],[-20.4171,74.9752],[-20.6111,74.7282],[-20.9858,75.0744],[-20.485,75.3143],[-20.1987,75.308],[-19.7985,75.1575],[-19.426,75.2298],[-19.3665,75.3864],[-19.509,75.7575],[-19.9577,75.9967],[-19.8629,76.1207],[-20.1036,76.2191],[-20.8874,76.304],[-21.5691,76.2937],[-21.8773,76.5735],[-22.6066,76.6808],[-22.1853,76.7941],[-21.6147,76.6879],[-20.9421,76.887],[-20.0644,76.9276],[-18.5103,76.7782],[-18.3373,76.9212],[-18.339,77.2153],[-18.5859,77.2831],[-19.3003,77.2224],[-20.2319,77.3684],[-20.6808,77.619],[-19.4904,77.7189],[-20.8626,77.9119],[-21.3797,77.6976],[-21.7476,77.7906],[-21.3973,78.0736],[-20.9557,78.555],[-21.1337,78.6586],[-20.6156,78.8039],[-20.0505,78.8418],[-19.723,79.065],[-19.075,79.1523],[-19.414,79.3488],[-19.2836,79.6832],[-20.1385,79.8034],[-20.1501,80.0112],[-19.4292,80.2577],[-18.0709,80.1721],[-16.8684,80.1982],[-15.9326,80.3951],[-16.7606,80.5734],[-16.3189,80.6498],[-15.5427,80.6504],[-14.5036,80.7633],[-14.4901,80.9733],[-13.4512,81.0381],[-11.5288,81.424],[-12.1929,81.6491],[-13.7045,81.7891],[-15.5555,81.8336],[-16.359,81.7291],[-17.2262,81.4304],[-20.0157,81.5644],[-20.7559,81.312],[-21.9313,81.0502],[-23.0725,80.9267],[-21.7236,81.3482],[-21.1466,81.6952],[-21.338,82.0687],[-23.1037,82.0118],[-23.6365,81.7418],[-24.2931,81.701],[-24.5892,81.8828],[-25.1488,82.0011],[-27.8395,82.0489],[-29.5438,81.9399],[-29.8874,82.0548],[-29.5794,82.1612],[-23.8622,82.2871],[-22.4726,82.3847],[-21.5207,82.5954],[-22.5249,82.7892],[-24.4703,82.8774],[-25.1234,83.1596],[-27.0021,83.0672],[-30.386,83.0937],[-31.5156,82.9917],[-31.9927,83.0854],[-30.092,83.1574],[-26.1827,83.2214],[-25.9474,83.2896],[-28.4838,83.4349],[-29.9529,83.5648]]]},"properties":{"scalerank":0,"featurecla":"Land","min_zoom":0}},
{"type":"Feature","geometry":{"type":"Polygon","coordinates":[[[180,-16.54],[180,-16.4889],[179.9847,-16.5222],[180,-16.54]]]},"properties":{"scalerank":0,"featurecla":"Land","min_zoom":4}},
{"type":"Feature","geometry":{"type":"Polygon","coordinates":[[[-179.9562,-16.1492],[-179.9694,-16.1261],[-180,-16.1529],[-180,-16.1561],[-180,-16.1683],[-179.9562,-16.1492]]]},"properties":{"scalerank":0,"featurecla":"Land","min_zoom":1}},
{"type":"Feature","geometry":{"type":"Polygon","coordinates":[[[-85.8709,16.4615],[-85.9242,16.4833],[-85.961,16.4297],[-85.9472,16.4036],[-85.8709,16.4615]]]},"properties":{"scalerank":0,"featurecla":"Land","min_zoom":4}},
{"type":"Feature","geometry":{"type":"Polygon","coordinates":[[[25.4027,37.4191],[25.463,37.4711],[25.3481,37.5092],[25.3071,37.413],[25.4027,37.4191]]]},"properties":{"scalerank":0,"featurecla":"Land","min_zoom":3}},
{"type":"Feature","geometry":{"type":"Polygon","coordinates":[[[166.9584,-0.5166],[166.9136,-0.4991],[166.9164,-0.5465],[166.9584,-0.5166]]]},"properties":{"scalerank":0,"featurecla":"Land","min_zoom":4}},
{"type":"Feature","geometry":{"type":"Polygon","coordinates":[[[169.6351,5.8301],[169.6726,5.9352],[169.6511,5.9451],[169.6271,5.8558],[169.6351,5.8301]]]},"properties":{"scalerank":0,"featurecla":"Land","min_zoom":4}},
{"type":"Feature","geometry":{"type":"Polygon","coordinates":[[[172.9696,3.1292],[172.9625,3.1488],[172.8871,3.1013],[172.9063,3.0959],[172.9696,3.1292]]]},"properties":{"scalerank":0,"featurecla":"Land","min_zoom":4}},
{"type":"Feature","geometry":{"type":"Polygon","coordinates":[[[172.8442,3.0512],[172.8803,3.0535],[172.8871,3.074],[172.827,3.0711],[172.8442,3.0512]]]},"properties":{"scalerank":0,"featurecla":"Land","min_zoom":4}},
{"type":"Feature","geometry":{"type":"Polygon","coordinates":[[[173.0188,1.8457],[172.9691,1.9127],[172.9327,1.9259],[173.0188,1.8457]]]},"properties":{"scalerank":0,"featurecla":"Land","min_zoom":4}},
{"type":"Feature","geometry":{"type":"Polygon","coordinates":[[[173.0294,1.7174],[173.0452,1.7416],[173.0377,1.8044],[173.0236,1.8093],[173.0294,1.7174]]]},"properties":{"scalerank":0,"featurecla":"Land","min_zoom":4}},
{"type":"Feature","geometry":{"type":"Polygon","coordinates":[[[173.0328,1.0131],[173.065,0.9627],[173.0386,0.9147],[172.9699,0.8428],[172.9911,0.8354],[173.0614,0.9152],[173.0865,0.9734],[173.0328,1.0131]]]},"properties":{"scalerank":0,"featurecla":"Land","min_zoom":4}},
{"type":"Feature","geometry":{"type":"Polygon","coordinates":[[[174.5087,-0.8018],[174.4748,-0.6422],[174.4527,-0.6471],[174.4797,-0.7736],[174.5087,-0.8018]]]},"properties":{"scalerank":0,"featurecla":"Land","min_zoom":4}},
{"type":"Feature","geometry":{"type":"Polygon","coordinates":[[[174.7732,-1.2119],[174.741,-1.1846],[174.756,-1.2564],[174.7789,-1.2634],[174.7732,-1.2119]]]},"properties":{"scalerank":0,"featurecla":"Land","min_zoom":4}},
{"type":"Feature","geometry":{"type":"Polygon","coordinates":[[[168.8303,7.309],[168.6793,7.3362],[168.7192,7.3027],[168.8154,7.2936],[168.8303,7.309]]]},"properties":{"scalerank":0,"featurecla":"Land","min_zoom":4}},
{"type":"Feature","geometry":{"type":"Polygon","coordinates":[[[171.5773,7.0482],[171.5928,7.0163],[171.6142,7.0072],[171.6594,7.0101],[171.6934,7.0001],[171.6884,7.0283],[171.6147,7.0266],[171.5773,7.0482]]]},"properties":{"scalerank":0,"featurecla":"Land","min_zoom":4}},
{"type":"Feature","geometry":{"type":"Polygon","coordinates":[[[171.102,7.1382],[171.0955,7.1093],[171.2023,7.0735],[171.227,7.087],[171.102,7.1382]]]},"properties":{"scalerank":0,"featurecla":"Land","min_zoom":4}},
{"type":"Feature","geometry":{"type":"Polygon","coordinates":[[[-178.0467,-14.3184],[-178.1422,-14.2426],[-178.1586,-14.3119],[-178.0467,-14.3184]]]},"properties":{"scalerank":0,"featurecla":"Land","min_zoom":4}},
{"type":"Feature","geometry":{"type":"Polygon","coordinates":[[[-140.8094,-17.8566],[-140.8325,-17.8385],[-140.7763,-17.7541],[-140.8036,-17.7517],[-140.8507,-17.8311],[-140.8094,-17.8566]]]},"properties":{"scalerank":0,"featurecla":"Land","min_zoom":4}},
{"type":"Feature","geometry":{"type":"Polygon","coordinates":[[[-136.2939,-18.5443],[-136.4261,-18.4743],[-136.4357,-18.4891],[-136.344,-18.5349],[-136.2939,-18.5443]]]},"properties":{"scalerank":0,"featurecla":"Land","min_zoom":4}},
{"type":"Feature","geometry":{"type":"Polygon","coordinates":[[[-136.9717,-18.342],[-137.0296,-18.2729],[-137.0676,-18.2653],[-136.9713,-18.3609],[-136.9717,-18.342]]]},"properties":{"scalerank":0,"featurecla":"Land","min_zoom":4}},
{"type":"Feature","geometry":{"type":"Polygon","coordinates":[[[-138.5059,-20.8572],[-138.5149,-20.8134],[-138.5464,-20.7951],[-138.524,-20.8506],[-138.5059,-20.8572]]]},"properties":{"scalerank":0,"featurecla":"Land","min_zoom":4}},
{"type":"Feature","geometry":{"type":"Polygon","coordinates":[[[-140.6854,-18.3799],[-140.7817,-18.3342],[-140.7732,-18.3638],[-140.696,-18.3991],[-140.6854,-18.3799]]]},"properties":{"scalerank":0,"featurecla":"Land","min_zoom":4}},
{"type":"Feature","geometry":{"type":"Polygon","coordinates":[[[-140.8299,-18.1894],[-140.9251,-18.0838],[-140.9586,-18.0851],[-140.8955,-18.1479],[-140.8601,-18.1987],[-140.8299,-18.1894]]]},"properties":{"scalerank":0,"featurecla":"Land","min_zoom":4}},
{"type":"Feature","geometry":{"type":"Polygon","coordinates":[[[-142.5118,-16.0963],[-142.4812,-16.0178],[-142.5068,-16.0277],[-142.5118,-16.0963]]]},"properties":{"scalerank":0,"featurecla":"Land","min_zoom":4}},
{"type":"Feature","geometry":{"type":"Polygon","coordinates":[[[-143.4406,-16.6197],[-143.4585,-16.6354],[-143.3862,-16.6688],[-143.4406,-16.6197]]]},"properties":{"scalerank":0,"featurecla":"Land","min_zoom":4}},
{"type":"Feature","geometry":{"type":"Polygon","coordinates":[[[-143.5711,-16.6348],[-143.6148,-16.6181],[-143.6702,-16.5809],[-143.7074,-16.5809],[-143.6106,-16.6404],[-143.5711,-16.6348]]]},"properties":{"scalerank":0,"featurecla":"Land","min_zoom":4}},
{"type":"Feature","geometry":{"type":"Polygon","coordinates":[[[-145.0514,-15.8561],[-145.1335,-15.762],[-145.1379,-15.7881],[-145.0764,-15.8576],[-145.0514,-15.8561]]]},"properties":{"scalerank":0,"featurecla":"Land","min_zoom":4}},
{"type":"Feature","geometry":{"type":"Polygon","coordinates":[[[-145.4867,-16.3298],[-145.5771,-16.1599],[-145.5767,-16.2015],[-145.5398,-16.2951],[-145.4867,-16.3298]]]},"properties":{"scalerank":0,"featurecla":"Land","min_zoom":4}},
{"type":"Feature","geometry":{"type":"Polygon","coordinates":[[[173.0384,1.3421],[173.1063,1.3571],[173.1631,1.3575],[173.1434,1.3813],[173.0286,1.3587],[173.0384,1.3421]]]},"properties":{"scalerank":0,"featurecla":"Land","min_zoom":4}},
{"type":"Feature","geometry":{"type":"Polygon","coordinates":[[[-169.7552,56.6351],[-169.5869,56.5424],[-169.4743,56.594],[-169.7552,56.6351]]]},"properties":{"scalerank":0,"featurecla":"Land","min_zoom":3}},
{"type":"Feature","geometry":{"type":"Polygon","coordinates":[[[-72.6641,20.0375],[-72.791,20.0919],[-72.8442,20.0354],[-72.6641,20.0375]]]},"properties":{"scalerank":0,"featurecla":"Land","min_zoom":3}},
{"type":"Feature","geometry":{"type":"Polygon","coordinates":[[[24.5235,37.1251],[24.5291,37.1923],[24.4412,37.1869],[24.4248,37.132],[24.5235,37.1251]]]},"properties":{"scalerank":0,"featurecla":"Land","min_zoom":4}},
{"type":"Feature","geometry":{"type":"Polygon","coordinates":[[[142.1882,26.6165],[142.2021,26.6488],[142.1617,26.71],[142.1071,26.7215],[142.1699,26.6157],[142.1882,26.6165]]]},"properties":{"scalerank":0,"featurecla":"Land","min_zoom":4}},
{"type":"Feature","geometry":{"type":"Polygon","coordinates":[[[130.916,37.4785],[130.9037,37.5537],[130.8384,37.5372],[130.8168,37.4785],[130.916,37.4785]]]},"properties":{"scalerank":0,"featurecla":"Land","min_zoom":4}},
{"type":"Feature","geometry":{"type":"Polygon","coordinates":[[[-57.0207,-63.3729],[-57.0767,-63.2625],[-57.3896,-63.2263],[-57.8681,-63.3187],[-58.2156,-63.4513],[-58.8721,-63.5519],[-59.0364,-63.6703],[-59.5102,-63.8207],[-60.2772,-63.9239],[-60.8642,-64.0734],[-61.0821,-64.3147],[-61.3959,-64.4271],[-61.6318,-64.6047],[-61.8825,-64.6254],[-62.1396,-64.7268],[-62.5762,-64.7557],[-63.1199,-64.9425],[-63.0326,-65.0798],[-63.4821,-65.085],[-63.7603,-65.0335],[-64.038,-65.179],[-64.0659,-65.5537],[-64.6532,-65.8669],[-64.6135,-66.019],[-64.9987,-65.9463],[-65.2675,-65.9942],[-65.172,-66.1168],[-65.6173,-66.1353],[-65.7758,-66.3426],[-65.6785,-66.4027],[-65.7664,-66.6249],[-66.3709,-66.6089],[-66.5268,-66.7407],[-66.4647,-66.8752],[-66.61,-67.2086],[-66.9021,-67.256],[-66.9551,-66.9848],[-67.1602,-66.9518],[-67.4934,-67.1128],[-67.5858,-67.4352],[-67.4869,-67.547],[-67.1243,-67.4851],[-66.705,-67.5271],[-66.9154,-67.6926],[-67.1499,-68.0246],[-66.7934,-68.2404],[-67.1169,-68.5748],[-67.1337,-68.7707],[-67.3905,-68.8612],[-67.0212,-69.0287],[-66.9749,-69.161],[-67.3718,-69.4123],[-68.1409,-69.3476],[-68.708,-69.4322],[-68.4698,-69.6438],[-68.4033,-70.0197],[-67.8885,-70.4217],[-67.6922,-70.6861],[-67.5046,-71.0578],[-67.4604,-71.5268],[-66.9517,-71.8973],[-66.8277,-72.0904],[-67.3067,-72.6111],[-67.6671,-72.8346],[-68.8209,-73.1055],[-70.3227,-73.274],[-71.0172,-73.2628],[-71.4527,-73.3545],[-72.3808,-73.4384],[-72.9292,-73.4479],[-73.996,-73.6998],[-74.594,-73.7152],[-75.2931,-73.6388],[-76.2912,-73.8054],[-77.1349,-73.8177],[-76.7645,-73.5663],[-76.8505,-73.4604],[-78.4079,-73.5558],[-78.7862,-73.5067],[-78.9637,-73.3124],[-79.5217,-73.0896],[-80.4422,-72.9445],[-80.6142,-73.0834],[-80.3364,-73.4142],[-81.0243,-73.2355],[-81.2624,-73.3149],[-81.1632,-73.6324],[-81.3087,-73.7383],[-82.1835,-73.8568],[-83.0419,-73.7072],[-83.5648,-73.706],[-84.2142,-73.5728],[-84.9812,-73.5021],[-85.5822,-73.259],[-85.9808,-73.2085],[-86.6021,-73.3537],[-87.0379,-73.3539],[-87.401,-73.192],[-87.9363,-73.2409],[-88.4194,-73.229],[-88.5607,-73.1207],[-88.1945,-72.8586],[-88.5269,-72.7023],[-89.1271,-72.6932],[-89.3413,-72.8896],[-89.8177,-72.8626],[-90.2954,-72.9779],[-90.4309,-73.2433],[-90.9209,-73.3191],[-92.241,-73.1784],[-92.8284,-73.1646],[-93.706,-73.215],[-94.2462,-73.313],[-94.5865,-73.2495],[-95.2366,-73.2201],[-96.1521,-73.3093],[-96.6758,-73.2686],[-98.0124,-73.0332],[-99.8107,-72.9999],[-100.2588,-73.0413],[-100.8205,-72.9812],[-101.6812,-73.0299],[-102.4093,-72.9874],[-102.272,-72.835],[-102.4848,-72.7356],[-103.1101,-72.7212],[-103.375,-72.8188],[-103.0762,-73.1846],[-102.675,-73.3209],[-101.1895,-73.3179],[-100.0208,-73.4025],[-99.2003,-73.571],[-99.7811,-73.7201],[-100.9854,-73.7572],[-101.3107,-73.6952],[-102.4106,-73.6164],[-102.7995,-73.6457],[-102.7665,-73.8838],[-101.7154,-74.0237],[-101.2517,-74.4857],[-100.8818,-74.5411],[-100.1186,-74.515],[-100.0127,-74.6621],[-100.2649,-74.8229],[-100.1641,-74.9379],[-99.6519,-74.9488],[-99.2082,-75.0785],[-98.5579,-75.1897],[-98.7523,-75.3171],[-99.5313,-75.309],[-100.4634,-75.3534],[-101.0394,-75.4219],[-101.3037,-75.3658],[-101.7081,-75.1273],[-103.4249,-75.1013],[-103.9013,-75.1525],[-104.9019,-75.1151],[-106.6188,-75.3439],[-106.9321,-75.3094],[-107.8047,-75.3216],[-108.2545,-75.2525],[-109.2722,-75.1851],[-111.1042,-75.1908],[-111.4631,-75.1334],[-110.5319,-74.8363],[-110.3004,-74.7106],[-110.3071,-74.3667],[-111.1802,-74.1881],[-111.63,-74.1814],[-111.8063,-74.2697],[-111.6959,-74.5041],[-111.6962,-74.7922],[-113.0915,-74.8917],[-113.9318,-74.9818],[-113.9035,-74.6444],[-113.333,-74.4542],[-113.7533,-74.3667],[-113.5085,-74.0889],[-114.3459,-73.925],[-114.791,-73.9886],[-115.1052,-74.4551],[-115.2226,-74.4874],[-116.433,-74.4471],[-117.0683,-74.4732],[-118.342,-74.3815],[-118.8029,-74.4223],[-119.0224,-74.5179],[-119.677,-74.6546],[-121.5439,-74.75],[-123.8895,-74.773],[-124.3125,-74.7357],[-125.3534,-74.7146],[-126.384,-74.7426],[-127.0202,-74.6979],[-127.8634,-74.7192],[-129.7908,-74.8914],[-130.8575,-74.826],[-131.7065,-74.8109],[-132.0494,-74.7657],[-133.4749,-74.8519],[-134.1171,-74.8297],[-134.8404,-74.6941],[-135.3621,-74.6904],[-136.0301,-74.7653],[-136.2278,-74.836],[-136.5495,-75.1395],[-137.0901,-75.1526],[-137.6182,-75.0756],[-139.1488,-75.1602],[-139.6912,-75.2128],[-140.7093,-75.4977],[-141.2233,-75.5459],[-140.8743,-75.7459],[-141.5057,-75.6904],[-142.3298,-75.4909],[-143.5743,-75.5636],[-144.2206,-75.7314],[-145.1055,-75.8789],[-145.9877,-75.8888],[-146.383,-76.0997],[-145.6423,-76.3257],[-145.8857,-76.4243],[-146.8173,-76.3181],[-147.8602,-76.1309],[-148.3203,-76.1045],[-148.8948,-76.2718],[-149.6542,-76.3653],[-148.6011,-76.4933],[-147.3404,-76.4384],[-146.7767,-76.507],[-145.7505,-76.749],[-145.6292,-76.9537],[-145.967,-77.0687],[-145.5157,-77.1992],[-145.808,-77.2732],[-145.6006,-77.4553],[-146.3906,-77.4725],[-146.9276,-77.2599],[-147.7302,-77.3098],[-148.5724,-77.1051],[-148.7444,-77.3433],[-148.2598,-77.4126],[-148.3399,-77.5512],[-149.126,-77.6427],[-149.7177,-77.7975],[-150.3056,-77.7314],[-151.719,-77.4259],[-153.077,-77.4425],[-153.4606,-77.416],[-153.91,-77.227],[-154.8149,-77.127],[-156.2112,-77.1057],[-156.6677,-77.213],[-157.4654,-77.2312],[-157.842,-77.0792],[-158.2136,-77.1571],[-158.23,-77.4977],[-158.5004,-77.7783],[-158.2859,-77.9508],[-157.2668,-78.1998],[-155.3415,-78.192],[-154.293,-78.2591],[-154.7164,-78.3981],[-155.9198,-78.5104],[-156.4693,-78.6354],[-155.2099,-78.9648],[-153.5176,-79.1173],[-152.2435,-79.1027],[-152.0914,-79.2416],[-150.4906,-79.5456],[-149.0514,-79.6569],[-148.1765,-79.7759],[-148.4335,-79.9295],[-148.3171,-80.071],[-150.2207,-80.15],[-150.5754,-80.3537],[-150.1328,-80.5104],[-149.2141,-80.6042],[-149.1472,-80.7187],[-148.0234,-80.8357],[-148.1228,-80.9008],[-152.0348,-81.029],[-155.9211,-81.1334],[-156.5282,-81.1623],[-157.0325,-81.3191],[-154.9078,-81.5104],[-153.9566,-81.7002],[-154.7174,-81.9407],[-153.0099,-82.4496],[-153.8223,-82.6693],[-155.1502,-82.8584],[-155.4594,-82.9808],[-157.6795,-83.1295],[-157.0278,-83.2344],[-157.4285,-83.3464],[-159.4444,-83.5432],[-160.5947,-83.4896],[-162.1973,-83.5189],[-163.1111,-83.3291],[-164.4456,-83.4677],[-164.9156,-83.29],[-166.2169,-83.2008],[-168.4177,-83.2288],[-169.4408,-83.096],[-171.8213,-82.8475],[-173.0711,-82.9158],[-174.066,-82.9001],[-169.1677,-83.4498],[-167.5529,-83.8108],[-164.9509,-83.8059],[-164.0829,-83.9461],[-164.6851,-84.1546],[-163.7652,-84.3242],[-165.1251,-84.3746],[-163.5685,-84.5287],[-158.3034,-84.778],[-156.9863,-84.8111],[-157.1275,-85.1856],[-160.8209,-84.9866],[-162.9334,-84.9012],[-166.9111,-84.8192],[-168.6678,-84.6836],[-171.7037,-84.5424],[-178.3895,-84.3375],[-180,-84.3516],[-180,-85.0575],[-180,-85.7634],[-180,-86.4693],[-180,-87.1752],[-180,-87.8811],[-180,-88.587],[-180,-89.293],[-180,-89.5829],[-180,-89.9989],[180,-89.9989],[180,-84.3516],[179.403,-84.2062],[175.3229,-83.94],[175.011,-83.8391],[173.8224,-83.8102],[172.8739,-83.6731],[171.9172,-83.644],[171.2207,-83.475],[169.8379,-83.399],[168.1101,-83.362],[168.6073,-83.0653],[167.2326,-82.9523],[166.9567,-82.7646],[166.4459,-82.7222],[164.7472,-82.3544],[163.2686,-82.4633],[161.2832,-82.4899],[161.1665,-82.4078],[163.6801,-82.1873],[162.8212,-81.8662],[161.5821,-81.6098],[160.9078,-81.3902],[160.4698,-81.3406],[160.7167,-81.1996],[160.7168,-80.9074],[160.2602,-80.7867],[160.8303,-80.7299],[160.5213,-80.5834],[160.5422,-80.425],[158.5736,-80.4234],[158.7675,-80.2934],[160.5588,-80.0105],[160.2092,-79.5544],[160.6461,-79.4269],[160.4827,-79.2015],[161.1905,-78.9787],[161.9515,-79.03],[161.5018,-78.6772],[161.9745,-78.6942],[162.6395,-78.8978],[164.6348,-78.6032],[166.1168,-78.5711],[166.5246,-78.6949],[167.049,-78.686],[167.058,-78.5185],[166.2086,-78.4517],[165.663,-78.3057],[165.0506,-78.2261],[164.6281,-78.3156],[163.9776,-78.2238],[164.4297,-78.0422],[164.4209,-77.8835],[164.0364,-77.853],[163.6191,-77.5823],[163.6076,-77.3878],[163.0869,-77.0323],[162.4503,-76.9557],[162.7628,-76.7457],[162.8246,-76.4636],[162.7275,-76.2254],[162.4365,-76.1549],[162.8157,-75.8462],[162.2391,-75.6217],[162.1896,-75.4669],[161.9035,-75.4042],[160.9107,-75.3347],[161.6796,-75.2178],[162.0878,-75.2616],[162.5336,-75.1671],[162.6041,-74.8231],[163.1674,-74.602],[163.2655,-74.4263],[163.7353,-74.5638],[164.174,-74.5232],[165.3028,-74.5937],[165.2631,-74.4262],[164.7757,-74.0285],[164.9799,-73.9259],[164.7496,-73.5588],[164.813,-73.3968],[165.1295,-73.3826],[165.347,-73.8794],[165.7337,-73.8667],[166.1061,-73.7352],[166.1594,-73.5338],[166.9961,-73.5443],[167.6158,-73.3368],[166.834,-73.2243],[166.467,-72.9975],[166.8828,-73.0112],[167.1557,-73.1473],[168.2045,-73.1298],[168.7359,-73.0912],[169.0334,-73.2004],[169.545,-73.0504],[169.8286,-72.7288],[168.82,-72.5524],[169.0724,-72.4687],[169.4403,-72.4868],[170.0478,-72.6006],[170.2858,-72.4771],[169.9535,-72.4028],[170.0301,-72.1155],[170.224,-71.9479],[170.6754,-71.9686],[170.8591,-71.8686],[170.4357,-71.4187],[170.1623,-71.6305],[168.7979,-71.2748],[168.1727,-71.1832],[167.5694,-70.8103],[166.627,-70.6643],[165.8539,-70.6453],[164.4032,-70.5104],[163.9984,-70.6365],[163.3487,-70.6209],[162.6748,-70.3046],[162.216,-70.334],[162.022,-70.4398],[162.0396,-70.625],[162.2865,-70.969],[161.6251,-70.9161],[161.4245,-70.8268],[161.037,-70.3172],[160.6519,-70.0806],[160.2097,-69.9749],[160.1258,-69.7343],[159.784,-69.5219],[159.3863,-69.4684],[158.1578,-69.2089],[157.7758,-69.2047],[157.4813,-69.3087],[157.0464,-69.1763],[156.4887,-69.183],[156.0109,-69.0778],[155.5203,-69.0244],[154.9875,-68.8413],[154.1997,-68.4179],[153.7847,-68.3496],[153.7053,-68.7289],[153.0818,-68.8568],[152.5455,-68.7296],[151.5621,-68.6937],[151.1389,-68.7642],[151.0683,-68.385],[150.9359,-68.3585],[150.3422,-68.4357],[149.7169,-68.4178],[148.8806,-68.4312],[148.4563,-68.467],[147.5686,-68.3751],[147.0937,-68.3687],[146.7977,-68.2736],[146.8966,-68.1203],[146.8278,-67.9646],[145.9752,-67.6242],[145.5564,-67.5909],[145.1279,-67.626],[144.8791,-67.7209],[144.4043,-67.7942],[144.1891,-67.8998],[143.942,-67.794],[144.6212,-67.1414],[144.3479,-67.018],[143.9111,-67.0907],[143.8627,-66.9386],[143.4482,-66.8768],[142.8884,-67.0001],[142.3267,-66.9483],[141.9729,-66.8067],[141.2859,-66.8318],[140.9016,-66.752],[139.9001,-66.7151],[139.2416,-66.574],[138.1399,-66.5439],[137.7538,-66.4064],[137.3362,-66.3465],[136.8892,-66.3396],[136.5533,-66.439],[136.1939,-66.2922],[135.352,-66.1271],[134.9715,-66.3302],[134.2895,-66.4768],[134.1789,-66.2771],[133.8428,-66.1536],[133.4445,-66.0814],[133.1482,-66.0948],[132.8743,-66.178],[132.3203,-66.1654],[131.8309,-66.2358],[130.9518,-66.1914],[130.5785,-66.2086],[130.1205,-66.2915],[129.7412,-66.4686],[129.2369,-67.0416],[128.4306,-67.1191],[127.9681,-67.0279],[127.5412,-67.0511],[126.8736,-66.7594],[126.6647,-66.4976],[125.8656,-66.3645],[125.3979,-66.4244],[125.0951,-66.6411],[124.5979,-66.7082],[124.1962,-66.6008],[123.9693,-66.6081],[123.2217,-66.7451],[122.1828,-66.8595],[121.4876,-67.0907],[120.9787,-67.1357],[120.4004,-67.236],[119.133,-67.3707],[119.2807,-67.1992],[119.9537,-67.0759],[119.768,-66.9915],[118.9646,-67.1448],[118.5189,-67.1609],[118.1387,-67.0824],[117.7447,-67.1285],[117.1319,-67.1144],[116.7135,-67.0472],[115.8853,-67.202],[115.3842,-67.2381],[114.6579,-67.3879],[114.0266,-67.4412],[113.9125,-67.3677],[113.9912,-67.2119],[114.5706,-67.1085],[115.2737,-67.0279],[115.6354,-66.7712],[115.3104,-66.5608],[115.0824,-66.493],[114.6186,-66.468],[114.3369,-66.3602],[113.9545,-66.0604],[113.7098,-65.9296],[113.0994,-65.7999],[111.4531,-65.9609],[110.9067,-66.0767],[110.587,-66.3123],[110.6223,-66.524],[109.8237,-66.8337],[109.4628,-66.9087],[108.9101,-66.8619],[108.3762,-66.7658],[108.1579,-66.6391],[107.7851,-66.6641],[107.6673,-66.5804],[107.1709,-66.4704],[106.3869,-66.4106],[105.0004,-66.1641],[104.667,-66.1368],[103.9512,-65.9881],[103.6388,-65.9989],[102.6742,-65.8651],[102.1741,-65.9542],[101.4744,-65.9512],[101.3271,-66.1005],[100.8891,-66.358],[100.2117,-66.4739],[99.3701,-66.6482],[98.8589,-66.6708],[98.7201,-66.5531],[98.2576,-66.4675],[97.7198,-66.6073],[97.1006,-66.4994],[96.4237,-66.5996],[95.541,-66.631],[94.8398,-66.5014],[94.3135,-66.6472],[93.9643,-66.6896],[93.358,-66.5854],[92.7306,-66.6244],[92.0734,-66.5079],[91.0217,-66.6028],[90.5473,-66.7343],[89.6984,-66.823],[88.7895,-66.792],[88.3142,-66.8175],[87.9803,-66.7885],[87.0849,-66.9401],[86.7502,-67.0371],[86.1184,-67.055],[85.7107,-67.1613],[84.7483,-67.1022],[84.4852,-67.1145],[83.4937,-67.4412],[83.3043,-67.603],[82.607,-67.6131],[82.017,-67.69],[80.3631,-67.9469],[79.2878,-68.1193],[78.7263,-68.2778],[78.5635,-68.3937],[78.489,-68.6258],[78.0151,-68.8919],[77.8175,-69.0689],[77.5409,-69.1744],[77.192,-69.206],[76.3598,-69.4902],[75.8912,-69.5756],[75.8207,-69.7255],[75.4238,-69.8931],[75.1479,-69.8555],[74.5711,-69.8796],[73.9422,-69.7432],[73.3248,-69.8489],[72.8221,-70.0959],[72.7604,-70.3957],[72.2626,-70.6567],[71.9049,-70.7066],[71.4648,-71.1546],[71.2768,-71.6239],[71.0788,-71.7367],[70.6162,-71.8421],[70.2943,-72.0554],[69.9621,-72.1329],[69.5547,-72.3745],[68.4198,-72.515],[67.9714,-72.7506],[67.9714,-73.0856],[67.3221,-73.3003],[66.5691,-73.2092],[66.4977,-73.1255],[66.8921,-72.9486],[67.1134,-72.6411],[67.4322,-72.0029],[68.0374,-71.391],[68.6237,-71.1814],[68.8728,-71.0352],[69.1884,-70.7046],[69.2502,-70.4311],[69.0209,-70.3252],[68.5594,-70.4125],[67.9408,-70.4229],[67.268,-70.2731],[67.5754,-70.0879],[68.1781,-69.8373],[68.7438,-69.9214],[69.0826,-69.8666],[69.1885,-69.6549],[68.8798,-69.4697],[68.9063,-69.3728],[69.3719,-69.3314],[69.6295,-69.2316],[69.5308,-69.024],[69.6456,-68.9322],[69.5342,-68.7369],[69.9822,-68.4643],[69.603,-68.041],[69.656,-67.8646],[69.4164,-67.743],[68.8995,-67.8621],[68.3279,-67.8896],[67.1748,-67.768],[66.4884,-67.7655],[64.5736,-67.6204],[63.699,-67.5083],[63.2376,-67.5269],[62.6879,-67.6476],[62.1739,-67.5755],[61.3091,-67.5402],[60.482,-67.3852],[59.8676,-67.4031],[59.2508,-67.485],[58.7374,-67.2296],[57.6274,-67.0141],[56.8916,-67.0562],[56.5621,-67.1159],[56.1549,-67.2646],[55.8027,-67.1993],[56.3914,-66.9738],[56.4532,-66.7798],[56.2945,-66.6034],[56.8236,-66.7127],[57.1854,-66.6133],[56.8594,-66.4234],[56.3615,-66.3728],[55.7104,-66.08],[55.2904,-65.9542],[54.9479,-65.9163],[53.6718,-65.8587],[52.9553,-65.9455],[51.8846,-66.02],[50.9369,-66.3154],[50.3324,-66.4446],[50.2443,-66.6034],[50.3061,-66.7533],[50.5209,-66.82],[50.606,-67.1502],[50.0062,-67.1752],[49.2471,-66.9416],[48.8303,-66.9383],[48.4652,-67.0435],[48.7137,-67.2169],[49.2193,-67.2269],[49.0529,-67.3524],[48.6304,-67.5206],[48.648,-67.794],[48.3217,-67.9175],[48.21,-67.6993],[47.9586,-67.6601],[47.4898,-67.7279],[47.1172,-67.5727],[47.4029,-67.4092],[46.8839,-67.2748],[46.5597,-67.2682],[46.3173,-67.402],[46.399,-67.6176],[45.8877,-67.6598],[45.5693,-67.7364],[44.9896,-67.7692],[44.6998,-67.9043],[42.8195,-68.1232],[42.4088,-68.3519],[41.8246,-68.4326],[41.1327,-68.5751],[40.8171,-68.7236],[40.4839,-68.7389],[39.8639,-68.967],[39.7051,-69.4256],[39.487,-69.608],[38.8593,-70.0061],[38.4994,-70.0562],[38.1443,-69.8242],[37.5598,-69.7184],[37.1148,-69.8104],[36.7188,-69.6522],[35.2248,-69.6373],[35.1313,-69.4869],[34.5959,-69.0945],[33.8137,-69.0993],[33.7721,-69.02],[34.2193,-68.7906],[34.1929,-68.7024],[33.4656,-68.6707],[33.1215,-68.6892],[32.6416,-68.8689],[32.5676,-69.0742],[32.9031,-69.3787],[32.9894,-69.6242],[32.8098,-69.9094],[32.6213,-70.0006],[31.3788,-70.2258],[31.0629,-70.2247],[30.0033,-70.3],[29.4639,-70.4062],[28.9115,-70.5831],[27.6978,-70.7725],[27.2068,-70.9109],[26.4988,-71.0195],[25.9741,-71.0374],[25.1874,-70.971],[24.7567,-70.8921],[24.3857,-70.7044],[24.2357,-70.4486],[23.8036,-70.4046],[23.4068,-70.7232],[22.979,-70.8104],[22.4454,-70.7397],[22.2337,-70.6427],[22.366,-70.4751],[21.9623,-70.3004],[21.705,-70.2585],[21.3373,-70.4951],[21.0708,-70.8435],[20.1281,-70.9176],[19.2651,-70.9023],[19.0266,-70.674],[19.1964,-70.2932],[18.8772,-70.2014],[18.4326,-70.2899],[18.1246,-70.5403],[16.7092,-70.3973],[16.5849,-70.2038],[16.3811,-70.1451],[16.0252,-70.1935],[15.8069,-70.324],[14.4918,-70.2996],[13.8227,-70.3432],[13.2979,-70.2296],[13.0656,-70.0536],[12.5951,-70.1174],[12.9294,-70.2134],[12.4616,-70.3701],[12.068,-70.6165],[11.7013,-70.7666],[11.2035,-70.7287],[10.2177,-70.5079],[9.6135,-70.269],[9.1416,-70.1837],[8.8175,-70.3908],[8.523,-70.4738],[7.6768,-70.3563],[7.4012,-70.4944],[6.508,-70.5864],[5.1131,-70.6557],[3.5069,-70.8444],[2.6095,-70.9001],[1.9087,-71.0036],[0.835,-71.2023],[0.1542,-71.3979],[-0.5432,-71.7127],[-0.7599,-71.6303],[-0.8958,-71.3492],[-2.0146,-71.4334],[-2.2613,-71.3571],[-2.812,-71.321],[-3.7132,-71.3746],[-4.4501,-71.3277],[-5.95,-71.3416],[-6.0803,-71.1541],[-5.5879,-70.8567],[-5.9363,-70.7127],[-6.8382,-70.8445],[-7.3881,-70.7869],[-7.7527,-70.8428],[-7.8735,-70.9403],[-7.618,-71.1215],[-7.7137,-71.5465],[-7.9158,-71.6354],[-8.6465,-71.6728],[-9.2307,-71.174],[-9.888,-71.0273],[-10.0335,-71.1307],[-10.5201,-71.2955],[-10.8254,-71.5533],[-11.663,-71.3312],[-12.0737,-71.2969],[-12.3513,-71.3897],[-12.1482,-71.6137],[-11.3331,-71.7855],[-10.9581,-71.902],[-11.497,-72.4129],[-12.7469,-72.6289],[-13.2086,-72.7851],[-14.2978,-72.733],[-14.0001,-73.0006],[-14.321,-73.123],[-15.007,-73.0475],[-15.596,-73.0968],[-16.4352,-73.4257],[-16.5188,-73.644],[-15.9356,-73.7576],[-16.2201,-73.9157],[-15.7488,-73.9456],[-14.6114,-73.8518],[-14.5738,-73.9375],[-15.2897,-74.2809],[-15.6725,-74.4073],[-16.4295,-74.3239],[-17.299,-74.3339],[-17.9228,-74.6992],[-18.2212,-74.9745],[-18.5169,-75.052],[-18.7492,-75.2421],[-18.5169,-75.3899],[-19.493,-75.5399],[-20.4875,-75.492],[-20.7833,-75.5939],[-21.4338,-75.6831],[-22.4655,-75.661],[-24.2696,-75.767],[-26.0593,-75.9572],[-27.1345,-76.1573],[-28.9336,-76.3703],[-30.222,-76.6604],[-30.4892,-76.7623],[-31.6758,-77.0331],[-32.0634,-77.1599],[-32.6141,-77.1408],[-34.0758,-77.4254],[-34.5515,-77.7285],[-35.0876,-77.8371],[-35.5093,-78.0412],[-36.1809,-78.4684],[-36.2392,-78.7742],[-35.516,-78.933],[-34.1974,-79.1103],[-32.9942,-79.2288],[-31.4128,-79.1452],[-30.3159,-79.1631],[-30.2112,-79.4853],[-29.9493,-79.599],[-25.2586,-79.7625],[-24.2999,-79.7708],[-23.4068,-79.859],[-23.5745,-79.9648],[-24.2403,-80.0619],[-29.3291,-80.1721],[-31.0154,-80.3081],[-31.3121,-80.4501],[-32.2557,-80.4607],[-35.327,-80.6507],[-35.9658,-80.8909],[-37.2093,-81.0639],[-38.7717,-80.8823],[-41.4338,-81.2978],[-42.0463,-81.5979],[-43.1804,-82.0172],[-43.6693,-82.2701],[-45.0437,-82.438],[-46.5167,-82.4546],[-46.0464,-82.1587],[-46.2581,-81.947],[-47.3603,-82.004],[-48.3608,-81.8923],[-50.653,-81.9755],[-52.4149,-82.1349],[-53.9861,-82.2006],[-55.2947,-82.4648],[-55.8007,-82.4784],[-57.3536,-82.8402],[-59.516,-83.4584],[-60.9832,-83.4275],[-61.5898,-83.3412],[-61.2184,-82.9918],[-61.917,-82.9767],[-62.7356,-82.5273],[-60.8172,-82.2758],[-62.6453,-82.2631],[-64.9196,-82.3705],[-65.9132,-82.1832],[-65.9162,-81.9022],[-64.1371,-81.8693],[-64.1902,-81.7948],[-65.4866,-81.775],[-64.6961,-81.6523],[-62.5418,-81.6783],[-62.4902,-81.5567],[-64.7501,-81.5217],[-65.5737,-81.4605],[-67.9654,-81.1482],[-68.5898,-80.968],[-69.1816,-81.0049],[-70.2391,-80.8566],[-70.5601,-80.6466],[-71.0177,-80.619],[-72.1736,-80.7639],[-73.0295,-80.9173],[-73.9378,-80.8159],[-74.8066,-80.8865],[-75.2365,-80.8026],[-75.709,-80.3827],[-76.4073,-80.0949],[-78.1761,-80.1668],[-79.6604,-79.9969],[-77.7019,-80.0096],[-76.5579,-79.9035],[-76.0316,-79.6271],[-76.2177,-79.3872],[-76.4991,-79.3257],[-79.4557,-79.3044],[-80.1512,-79.2681],[-80.892,-79.5019],[-81.6609,-79.0998],[-83.26,-78.7742],[-83.7627,-78.4611],[-83.2459,-78.357],[-81.9293,-78.5591],[-80.2923,-78.8228],[-78.7116,-78.7521],[-77.8691,-78.7455],[-77.545,-78.6596],[-77.4326,-78.4347],[-77.8581,-78.351],[-81.441,-77.8856],[-80.6016,-77.752],[-79.679,-77.8426],[-77.7421,-77.9403],[-76.4378,-78.0441],[-75.3984,-78.1578],[-74.8121,-78.1778],[-74.0421,-78.1094],[-73.2516,-77.8942],[-72.852,-77.5902],[-74.5806,-77.478],[-75.3869,-77.4742],[-76.2486,-77.2749],[-77.168,-76.8339],[-77.19,-76.6298],[-76.2442,-76.5854],[-75.2684,-76.5814],[-73.8798,-76.6968],[-72.7223,-76.6891],[-71.7987,-76.7527],[-70.895,-76.7394],[-70.0955,-76.6545],[-69.9153,-76.522],[-69.3044,-76.3508],[-67.5182,-76.1098],[-66.3704,-76.0134],[-65.0444,-75.7875],[-63.3634,-75.4515],[-63.3038,-75.3522],[-64.2795,-75.2929],[-63.8575,-75.2062],[-63.2311,-75.1538],[-63.3369,-75.0348],[-63.9247,-75.0045],[-62.7085,-74.7371],[-62.3725,-74.9521],[-61.928,-74.8628],[-61.8944,-74.7131],[-62.2257,-74.5056],[-61.0108,-74.4783],[-60.7043,-74.3071],[-61.3318,-74.3286],[-61.5708,-74.1947],[-61.0416,-74.122],[-61.2034,-73.9566],[-60.9027,-73.8706],[-60.8789,-73.612],[-61.4055,-73.4671],[-61.637,-73.5002],[-61.7876,-73.2549],[-61.4284,-73.1914],[-61.0813,-73.3282],[-60.5607,-73.2114],[-60.1222,-73.2753],[-59.9568,-73.0306],[-60.3847,-73.0073],[-60.5323,-72.6733],[-60.9392,-72.6997],[-61.2861,-72.6008],[-61.2798,-72.4683],[-60.7303,-72.426],[-60.7194,-72.0727],[-61.3103,-72.1127],[-61.628,-72.0527],[-62.2566,-72.0176],[-61.9389,-71.9036],[-61.0351,-71.82],[-60.949,-71.7473],[-61.2136,-71.5641],[-61.5628,-71.6753],[-61.7896,-71.616],[-61.5159,-71.4791],[-61.0031,-71.3193],[-61.0172,-71.1669],[-61.3128,-70.8676],[-61.9611,-70.9006],[-61.9941,-70.7286],[-61.6965,-70.6758],[-61.5047,-70.4905],[-62.0008,-70.4972],[-62.3778,-70.3648],[-61.9611,-70.1201],[-62.2024,-70.0279],[-62.4071,-69.8272],[-62.4505,-69.5844],[-62.5868,-69.4772],[-62.9941,-69.3289],[-63.456,-69.0419],[-63.3435,-68.8104],[-63.747,-68.7046],[-63.7965,-68.4697],[-64.1692,-68.5825],[-64.0785,-68.7712],[-64.8983,-68.6733],[-65.2416,-68.5832],[-64.9965,-68.4078],[-65.3652,-68.2875],[-64.8959,-68.1684],[-65.6395,-68.1306],[-65.4694,-68.0095],[-65.6,-67.8757],[-65.4181,-67.6596],[-65.5234,-67.4446],[-65.4431,-67.3262],[-64.8193,-67.3073],[-64.8781,-67.0245],[-64.6863,-66.8062],[-64.0426,-66.9272],[-63.7547,-66.8729],[-63.8088,-66.7609],[-64.0777,-66.6541],[-63.7557,-66.409],[-63.7525,-66.2777],[-63.2575,-66.2638],[-62.7048,-66.6801],[-62.6154,-66.4357],[-62.682,-66.2373],[-62.2413,-66.1971],[-61.8754,-66.2961],[-61.5261,-66.2257],[-60.9027,-66.191],[-60.5654,-65.9794],[-60.6183,-65.9331],[-61.2661,-65.98],[-61.3591,-66.0588],[-61.8391,-66.1195],[-62.1691,-66.0313],[-62.305,-65.8404],[-61.9914,-65.5892],[-62.1453,-65.3317],[-61.9479,-65.1923],[-61.5774,-65.1856],[-61.7362,-65.0335],[-61.0599,-64.9812],[-60.66,-64.7292],[-59.9631,-64.4313],[-59.5732,-64.5308],[-59.5468,-64.3588],[-59.2294,-64.4436],[-58.8955,-64.3889],[-58.839,-64.1868],[-58.5319,-63.9154],[-58.263,-63.7634],[-57.4606,-63.5136],[-57.1522,-63.4791],[-57.1192,-63.6378],[-56.8348,-63.6312],[-57.0207,-63.3729]]]},"properties":{"scalerank":0,"featurecla":"Land","min_zoom":0}},
{"type":"Feature","geometry":{"type":"Polygon","coordinates":[[[178.8615,70.8264],[179.6477,70.8989],[180,70.993],[180,71.5377],[179.5477,71.4477],[178.8911,71.2311],[178.6283,71.0474],[178.8615,70.8264]]]},"properties":{"scalerank":0,"featurecla":"Land","min_zoom":0.5}},
{"type":"Feature","geometry":{"type":"Polygon","coordinates":[[[17.9798,59.3291],[18.5781,59.5658],[18.9705,59.7572],[18.9332,59.9423],[18.787,60.0795],[18.5354,60.1529],[18.5575,60.2536],[18.2505,60.3615],[17.9558,60.5898],[17.6611,60.5352],[17.5555,60.6427],[17.251,60.7008],[17.1308,61.5757],[17.4173,61.7407],[17.3745,61.8663],[17.5629,62.2123],[17.3733,62.4265],[17.8345,62.5027],[17.9744,62.721],[17.8956,62.8305],[18.4631,62.8959],[18.6064,63.1783],[19.0344,63.2377],[19.3543,63.4775],[19.7221,63.4633],[19.9137,63.6105],[20.2047,63.6625],[20.7627,63.8678],[21.0185,64.178],[21.465,64.3796],[21.2793,64.7247],[21.1382,64.8087],[21.5739,65.1258],[21.5655,65.4081],[21.8796,65.424],[22.254,65.5976],[22.3663,65.8427],[22.7466,65.8709],[23.1023,65.7354],[23.6914,65.8285],[23.8905,65.7822],[24.2375,65.8124],[24.5815,65.7571],[25.2418,65.5463],[25.3479,65.4792],[25.2559,65.1433],[25.3727,65.0095],[24.5579,64.801],[24.2783,64.5153],[23.9248,64.2741],[23.2487,63.8961],[23.0145,63.8218],[22.2433,63.4379],[22.3197,63.3104],[22.1203,63.2441],[21.5451,63.2043],[21.651,63.0393],[21.1957,62.7905],[21.1036,62.6229],[21.1656,62.4141],[21.3537,62.2238],[21.256,61.9896],[21.3849,61.9149],[21.606,61.5916],[21.4982,61.552],[21.4791,61.1705],[21.3605,60.9675],[21.436,60.5964],[21.934,60.5003],[22.2579,60.4009],[22.5759,60.3591],[22.4697,60.2013],[22.4627,60.0292],[22.7935,60.0768],[22.8444,60.1866],[23.1984,60.0218],[23.7218,59.9657],[24.3426,60.0423],[24.6005,60.1143],[25.1559,60.1941],[25.6564,60.3332],[25.7154,60.2674],[26.2047,60.4066],[26.5347,60.4129],[27.2419,60.5387],[27.4624,60.4648],[27.7616,60.5329],[28.1793,60.571],[28.5128,60.6773],[28.6506,60.611],[28.6432,60.3753],[29.0691,60.1915],[29.7212,60.1953],[30.1226,59.8736],[29.6697,59.9557],[29.1473,59.9998],[28.9473,59.8288],[28.4539,59.8143],[28.3346,59.6925],[28.014,59.7248],[28.064,59.554],[27.8926,59.4142],[26.9747,59.4506],[26.625,59.5539],[25.7938,59.6347],[25.5093,59.639],[25.4438,59.5211],[24.8775,59.5221],[24.5836,59.4557],[24.3804,59.4727],[24.0834,59.2919],[23.7825,59.2751],[23.4944,59.1957],[23.515,58.9992],[23.432,58.9207],[23.5093,58.6585],[23.7676,58.3608],[24.1148,58.2661],[24.3369,58.3814],[24.5291,58.3542],[24.4639,58.106],[24.3016,57.7841],[24.4032,57.325],[24.2813,57.1723],[23.9312,57.0085],[23.6478,56.971],[23.2873,57.0897],[23.1368,57.3238],[22.6486,57.5954],[22.5546,57.7243],[21.7287,57.571],[21.4592,57.3225],[21.3508,57.0177],[21.0713,56.8237],[21.0149,56.2589],[21.0619,55.8134],[21.2379,55.455],[21.1889,54.9352],[20.8875,54.9095],[20.5203,54.9949],[20.3967,54.9513],[19.9745,54.9212],[19.9441,54.75],[19.7585,54.5448],[19.4071,54.3861],[18.9763,54.3489],[18.6696,54.4309],[18.3234,54.8382],[17.843,54.8167],[17.2619,54.7295],[16.8854,54.5964],[16.5598,54.5538],[16.1863,54.2904],[15.9,54.254],[14.7157,54.0183],[14.3842,53.9247],[13.9217,53.9966],[13.9258,53.8791],[14.5584,53.8232],[14.4876,53.6719],[14.025,53.7674],[13.8655,53.8534],[13.7242,54.1532],[13.448,54.1409],[13.1475,54.2827],[13.0286,54.411],[12.5754,54.4674],[12.1113,54.1683],[11.7963,54.1455],[11.3996,53.9446],[10.8107,54.0751],[11.0086,54.1812],[11.0134,54.3792],[10.7315,54.3163],[10.3604,54.4383],[10.2124,54.4089],[9.8923,54.7806],[9.7459,54.8072],[9.6454,55.0228],[9.4537,55.0396],[9.671,55.2664],[9.5911,55.4932],[10.183,55.8652],[10.3188,56.2129],[10.539,56.2003],[10.8564,56.2955],[10.9262,56.4433],[10.8459,56.5217],[10.4902,56.5205],[10.2827,56.6205],[10.2961,56.9991],[10.5241,57.2432],[10.5371,57.4485],[10.2591,57.617],[9.9623,57.581],[9.5543,57.2325],[9.2988,57.1465],[8.6186,57.1113],[8.2841,56.8523],[8.2683,56.754],[8.4684,56.6646],[8.772,56.7253],[8.9928,57.0161],[9.2549,57.0117],[9.0671,56.7938],[8.5529,56.5603],[8.164,56.6069],[8.1215,56.1399],[8.2023,55.9824],[8.1321,55.5998],[8.6159,55.4182],[8.6698,55.1557],[8.6823,54.7918],[8.9572,54.5383],[8.9519,54.4676],[8.648,54.3977],[8.9066,54.2608],[8.8978,53.8357],[8.6189,53.875],[8.5284,53.7811],[8.5385,53.5569],[8.3016,53.5841],[8.0093,53.6907],[7.2853,53.6813],[7.1071,53.557],[7.0533,53.3758],[6.8162,53.4412],[6.0622,53.4071],[5.532,53.2687],[5.3584,53.0965],[4.6783,52.8098],[4.5621,52.4426],[4.4828,52.3092],[4.2088,52.059],[4.0849,51.9941],[3.9469,51.8105],[4.1826,51.6103],[4.0805,51.5511],[3.7439,51.596],[3.4489,51.5408],[3.5869,51.4539],[2.9602,51.2654],[2.4457,51.0665],[1.9125,50.9906],[1.6723,50.885],[1.5795,50.7393],[1.5516,50.2939],[1.4072,50.0885],[1.2455,49.9982],[0.6162,49.8629],[0.1867,49.703],[0.1094,49.5575],[0.2776,49.4633],[-0.1635,49.2968],[-0.5209,49.3545],[-1.1385,49.3879],[-1.2323,49.4949],[-1.2586,49.6802],[-1.8564,49.6838],[-1.8701,49.5951],[-1.5831,49.2024],[-1.5655,48.8055],[-1.4376,48.6414],[-1.8247,48.6305],[-2.4462,48.6483],[-2.6923,48.5368],[-3.0032,48.7907],[-3.2314,48.8408],[-3.4715,48.8129],[-3.7148,48.7105],[-4.0589,48.7075],[-4.5312,48.62],[-4.7208,48.5399],[-4.7194,48.3631],[-4.3932,48.3676],[-4.5122,48.2297],[-4.3778,48.1288],[-4.6292,48.0858],[-4.428,47.9689],[-4.3121,47.8229],[-3.9009,47.8375],[-3.1588,47.6947],[-2.7703,47.5139],[-2.5541,47.5271],[-2.4277,47.4709],[-2.5031,47.3121],[-2.1083,47.2629],[-2.1971,47.1629],[-2.0189,47.0376],[-2.0594,46.8103],[-1.7865,46.5148],[-1.3925,46.3501],[-1.1463,46.3114],[-1.066,45.8057],[-1.17,45.6859],[-1.081,45.5324],[-1.1891,45.1615],[-1.2455,44.5599],[-1.346,44.0202],[-1.4849,43.5638],[-1.6314,43.438],[-1.9913,43.3451],[-2.3371,43.328],[-2.6071,43.4127],[-2.875,43.4544],[-3.0456,43.3716],[-3.6046,43.5195],[-3.8894,43.4994],[-4.3128,43.4147],[-4.523,43.4157],[-5.1053,43.5019],[-5.3157,43.5532],[-5.6658,43.5825],[-5.8467,43.6451],[-6.0801,43.5949],[-6.9007,43.5856],[-7.061,43.554],[-7.262,43.5946],[-7.5036,43.7399],[-7.6981,43.7646],[-8.0047,43.6944],[-8.2567,43.5799],[-8.2489,43.4394],[-8.5371,43.3371],[-8.8737,43.3344],[-9.1781,43.174],[-9.2352,42.9769],[-9.0416,42.814],[-8.9878,42.5856],[-8.8115,42.6403],[-8.8121,42.4701],[-8.6909,42.2742],[-8.8872,42.1053],[-8.8876,41.7646],[-8.8108,41.652],[-8.7384,41.2847],[-8.6556,41.0295],[-8.6846,40.7525],[-8.7724,40.6057],[-8.8866,40.1794],[-8.8378,40.1157],[-9.1483,39.5426],[-9.3748,39.3383],[-9.4741,38.7309],[-9.2504,38.6567],[-9.2133,38.4481],[-8.9148,38.5121],[-8.8022,38.1838],[-8.879,37.9587],[-8.7918,37.7328],[-8.8142,37.4308],[-8.9978,37.0323],[-8.5977,37.1213],[-8.1368,37.0771],[-7.8341,37.0057],[-7.4936,37.1683],[-7.175,37.2088],[-6.8846,37.1942],[-6.4924,36.9546],[-6.3962,36.8316],[-6.3841,36.637],[-6.2689,36.5967],[-6.1705,36.3338],[-6.0407,36.1884],[-5.6255,36.0259],[-5.3609,36.1349],[-5.1715,36.4238],[-4.9353,36.5021],[-4.6741,36.5064],[-4.3668,36.7181],[-3.8278,36.7561],[-3.4312,36.7079],[-3.2591,36.7558],[-2.7875,36.7147],[-2.5957,36.8065],[-2.3056,36.8198],[-2.1115,36.7767],[-1.9393,36.9459],[-1.7976,37.2329],[-1.641,37.387],[-1.3275,37.5611],[-0.8222,37.5808],[-0.8231,37.7116],[-0.6832,37.992],[-0.6468,38.1519],[-0.3812,38.4356],[-0.0527,38.5857],[0.2016,38.7592],[-0.0341,38.8912],[-0.2049,39.0626],[-0.329,39.4171],[-0.327,39.5199],[-0.0751,39.8759],[0.3637,40.319],[0.5961,40.6145],[0.8592,40.6862],[0.7146,40.8229],[1.0329,41.0621],[1.5666,41.1956],[2.0826,41.2874],[2.3109,41.4665],[3.0049,41.7674],[3.248,41.9442],[3.1664,42.2565],[3.3067,42.289],[3.0909,42.5909],[3.0518,42.9151],[3.2589,43.1932],[4.0526,43.5931],[4.1628,43.5037],[4.6287,43.3871],[4.7891,43.3789],[5.0598,43.4445],[5.1204,43.349],[5.3202,43.3449],[5.4065,43.2285],[5.6716,43.1778],[5.8095,43.0979],[6.1159,43.0724],[6.494,43.1693],[6.6572,43.2617],[6.7166,43.3736],[6.8647,43.4383],[7.1814,43.6591],[7.4932,43.7671],[7.7333,43.8026],[8.0816,43.9189],[8.2924,44.1365],[8.552,44.3461],[8.7658,44.4223],[9.2894,44.3192],[9.7309,44.1012],[10.0477,44.02],[10.2458,43.8521],[10.3205,43.5131],[10.4476,43.3712],[10.5323,43.1401],[10.5148,42.9675],[10.7084,42.9363],[10.8031,42.8043],[10.9378,42.7387],[11.1678,42.5352],[11.1848,42.4566],[11.6373,42.2875],[11.807,42.082],[12.0753,41.9409],[12.6309,41.4697],[12.8492,41.4087],[13.0887,41.2438],[13.2469,41.2889],[13.5548,41.2322],[13.7334,41.2356],[13.8598,41.13],[14.1023,40.8271],[14.3089,40.8126],[14.4605,40.7287],[14.4594,40.6327],[14.7657,40.6684],[14.9069,40.5561],[14.9861,40.3775],[14.9509,40.239],[15.2945,40.07],[15.5852,40.0528],[15.6928,39.9902],[15.8544,39.6265],[16.0236,39.3536],[16.1074,39.0238],[16.21,38.9411],[16.1968,38.7592],[15.9724,38.7126],[15.8789,38.6139],[15.9048,38.4835],[15.8224,38.303],[15.6431,38.1754],[15.7245,37.9391],[16.0568,37.9418],[16.2824,38.2496],[16.5456,38.4091],[16.559,38.7148],[16.7555,38.8897],[17.1746,38.9981],[17.1229,39.1366],[17.1146,39.3806],[16.8243,39.5783],[16.5978,39.6389],[16.53,39.8597],[16.6696,40.1372],[16.9282,40.4581],[17.0313,40.5135],[17.2153,40.4864],[17.2577,40.3991],[17.4762,40.3149],[17.865,40.2802],[18.0779,39.937],[18.3438,39.8214],[18.4858,40.1048],[18.4606,40.221],[18.3282,40.3709],[18.0361,40.5649],[17.955,40.6552],[17.4742,40.8406],[17.1034,41.0622],[16.5519,41.232],[16.0126,41.4354],[15.9005,41.5121],[15.9138,41.6209],[16.1513,41.7585],[16.1646,41.8962],[15.9641,41.9395],[15.405,41.9132],[15.1688,41.934],[14.8661,42.0525],[14.5407,42.2443],[14.1827,42.5064],[14.0104,42.6896],[13.8047,43.1804],[13.5642,43.5713],[13.2953,43.6861],[12.907,43.9212],[12.6911,43.9947],[12.3963,44.2239],[12.305,44.4294],[12.2483,44.7225],[12.2789,44.8322],[12.4636,44.8452],[12.5234,44.968],[12.3925,45.0398],[12.2257,45.2415],[12.2743,45.446],[12.4976,45.4617],[13.0303,45.6375],[13.2063,45.7714],[13.4651,45.71],[13.6283,45.7709],[13.7833,45.6272],[13.5172,45.4818],[13.6293,45.1082],[13.8607,44.8374],[13.9658,44.8356],[14.3861,45.3421],[14.5505,45.2977],[14.8546,45.081],[14.9065,44.9714],[14.8952,44.7066],[15.2698,44.3835],[15.1229,44.2568],[15.4994,43.9088],[15.9415,43.6566],[15.9855,43.5198],[16.3939,43.5434],[16.9031,43.3924],[17.1294,43.2111],[17.5373,42.9623],[17.585,42.8372],[17.8238,42.7974],[18.5175,42.4329],[18.8942,42.2495],[19.1223,42.0605],[19.1864,41.9486],[19.5775,41.7875],[19.5757,41.6404],[19.4406,41.4248],[19.4801,41.2364],[19.4612,40.9333],[19.3446,40.6221],[19.4393,40.4703],[19.3981,40.2849],[19.4846,40.21],[19.8519,40.0436],[19.9648,39.8723],[20.0013,39.7094],[20.1914,39.5458],[20.3008,39.3271],[20.4683,39.2553],[20.7797,39.0085],[21.1184,39.03],[21.0742,38.8852],[20.7773,38.9279],[20.7769,38.8075],[20.9922,38.654],[21.1132,38.3847],[21.3901,38.4078],[21.4726,38.3214],[21.9653,38.4125],[22.2269,38.3528],[22.4217,38.4385],[22.9325,38.202],[23.1489,38.1761],[23.1221,38.0733],[22.8932,38.0509],[22.7996,37.9812],[22.5559,38.1132],[22.2438,38.1887],[21.9533,38.3212],[21.8247,38.3281],[21.6584,38.1751],[21.4037,38.1967],[21.3081,38.0274],[21.145,37.9193],[21.3293,37.6693],[21.5713,37.541],[21.6925,37.3093],[21.5788,37.2004],[21.5829,37.081],[21.7381,36.8632],[21.8924,36.7373],[21.9556,36.9901],[22.0805,37.029],[22.4891,36.5682],[22.6084,36.7797],[22.7799,36.7862],[22.9829,36.5284],[23.0735,36.775],[22.995,37.0159],[22.765,37.3933],[22.775,37.5851],[23.0965,37.4406],[23.1615,37.3338],[23.4893,37.4402],[23.3476,37.5976],[23.1976,37.6202],[23.1472,37.7953],[23.0363,37.8784],[23.1937,37.959],[23.5805,38.0105],[23.8773,37.7778],[24.0554,37.7096],[24.0245,38.1398],[23.967,38.275],[23.684,38.3524],[23.5696,38.4894],[23.3689,38.5255],[23.2529,38.6612],[22.774,38.8004],[22.8026,38.9016],[22.9655,39.0309],[22.839,39.2586],[22.9929,39.3311],[23.2885,39.2888],[23.1034,39.492],[22.919,39.6289],[22.8357,39.8006],[22.5922,40.0369],[22.5693,40.1193],[22.6427,40.3666],[22.6295,40.4956],[22.8114,40.5786],[22.8965,40.3999],[23.312,40.2165],[23.4263,40.264],[23.6646,40.2238],[23.8354,40.0223],[23.9675,40.1146],[23.7205,40.2863],[23.8668,40.4186],[23.8789,40.5444],[23.7628,40.7478],[24.0823,40.7241],[24.3838,40.9127],[24.5565,40.9356],[24.793,40.8575],[25.1045,40.9947],[25.2501,40.9328],[25.8557,40.8441],[26.0107,40.7691],[26.1055,40.6113],[26.7921,40.6266],[26.7203,40.5442],[26.4475,40.445],[26.2538,40.3147],[26.33,40.1234],[26.7721,40.498],[27.258,40.6874],[27.4302,40.8399],[27.4994,40.9731],[27.7474,41.0133],[27.9252,40.9906],[28.1722,41.0807],[28.7804,40.9742],[28.9563,41.0082],[29.0572,41.2297],[28.9468,41.2484],[28.3464,41.4664],[28.1979,41.5545],[27.9873,41.8549],[27.9827,42.0474],[27.7082,42.35],[27.4848,42.4681],[27.7537,42.7065],[27.8889,42.7497],[27.9289,43.1861],[28.1337,43.3956],[28.4654,43.3893],[28.5618,43.5013],[28.5907,43.7974],[28.6586,43.9838],[28.6454,44.2957],[28.8518,44.5061],[28.807,44.565],[28.9262,44.81],[29.0482,44.7576],[29.5575,44.8434],[29.6354,44.9796],[29.727,45.3433],[29.6017,45.6825],[30.219,45.8667],[30.5115,46.1054],[30.7217,46.3662],[30.7963,46.552],[31.1368,46.6245],[31.5321,46.6647],[31.7796,46.6316],[31.9743,46.7088],[32.1272,46.5972],[32.3541,46.5648],[32.3613,46.475],[32.0085,46.43],[32.0357,46.261],[32.4768,46.0837],[32.9418,46.1238],[33.2022,46.1757],[33.4299,46.0576],[33.5941,46.0962],[33.6648,45.9471],[33.2801,45.7652],[33.1423,45.7492],[32.508,45.4038],[32.6113,45.3281],[32.9187,45.3481],[33.1869,45.1948],[33.3925,45.1878],[33.5552,45.0977],[33.6122,44.9078],[33.4507,44.5537],[33.6559,44.4332],[33.91,44.3876],[34.2817,44.5384],[34.4699,44.7217],[34.7169,44.8071],[35.0877,44.8026],[35.1548,44.8963],[35.3578,44.9784],[35.4726,45.0985],[35.6775,45.102],[35.8701,45.0053],[36.3934,45.0654],[36.575,45.3936],[36.1705,45.4531],[36.0129,45.3717],[35.8335,45.4016],[35.558,45.3109],[35.3739,45.3536],[35.0229,45.701],[34.8573,45.9874],[34.8496,46.1899],[35.0641,46.2672],[35.2304,46.4406],[35.4002,46.3814],[35.8271,46.6243],[36.0249,46.6668],[36.2795,46.6586],[36.432,46.7326],[36.6887,46.7641],[37.3398,46.9169],[37.5434,47.0746],[38.1783,47.0802],[38.4848,47.1755],[38.6682,47.1439],[38.9283,47.1757],[39.0237,47.2722],[39.1957,47.2688],[39.2935,47.1058],[38.8011,46.9062],[38.4387,46.8131],[38.501,46.6637],[38.23,46.7013],[37.968,46.618],[37.7665,46.6361],[37.9139,46.4065],[38.0777,46.3943],[38.4923,46.0905],[38.1836,46.0948],[38.1328,46.0028],[37.9331,46.0017],[37.8409,45.7996],[37.6124,45.5647],[37.6472,45.3772],[36.9412,45.2897],[36.6191,45.1855],[36.6508,45.1265],[36.9444,45.0696],[37.2048,44.972],[37.4113,44.7354],[37.5725,44.6709],[37.8515,44.6988],[38.1813,44.4197],[38.7173,44.2881],[39.3294,43.8973],[39.5167,43.7279],[39.8736,43.4728],[40.524,43.121],[40.8366,43.0635],[41.0616,42.9309],[41.1287,42.8281],[41.4194,42.7376],[41.4888,42.6593],[41.6633,42.1469],[41.763,41.97],[41.7018,41.7054],[41.4144,41.4236],[40.9595,41.2116],[40.2652,40.9613],[40.1284,40.943],[39.8079,40.9825],[39.4264,41.1064],[38.8521,41.0177],[38.5569,40.9365],[38.3811,40.9245],[37.9101,41.0019],[37.7656,41.0789],[37.431,41.1141],[37.0662,41.1844],[36.992,41.2754],[36.7777,41.3635],[36.5097,41.2625],[36.2784,41.3361],[36.1792,41.4266],[36.0518,41.6826],[35.9198,41.7137],[35.558,41.634],[35.2978,41.7285],[35.1221,41.8911],[35.1549,42.0275],[35.0064,42.0633],[34.7505,41.9568],[34.193,41.9637],[33.3813,42.0176],[32.9467,41.8917],[32.3064,41.7296],[32.0864,41.5892],[31.458,41.32],[31.2549,41.1076],[30.8101,41.0849],[30.3449,41.1969],[29.9193,41.1508],[29.3223,41.2277],[29.0943,41.1772],[29.0455,41.0076],[29.3647,40.8093],[29.8006,40.7602],[28.958,40.6306],[28.7879,40.534],[29.0071,40.3897],[28.6303,40.3765],[28.2891,40.403],[27.728,40.3288],[27.4756,40.3199],[27.2846,40.4556],[27.0121,40.3963],[26.7381,40.4002],[26.4754,40.1973],[26.3134,40.025],[26.1813,39.9901],[26.1131,39.4674],[26.8271,39.5629],[26.9109,39.5173],[26.6818,39.2922],[26.8536,39.1156],[26.8149,38.961],[27.0137,38.8869],[26.7637,38.7096],[26.9068,38.4817],[26.8614,38.3729],[26.595,38.4186],[26.5865,38.557],[26.3778,38.6242],[26.4297,38.4406],[26.2907,38.2772],[26.5824,38.1493],[26.6828,38.1983],[26.9438,38.0629],[27.2324,37.9787],[27.2244,37.7254],[27.0778,37.6877],[27.2192,37.3892],[27.5201,37.2491],[27.5351,37.1639],[27.3489,37.0196],[27.6684,37.0074],[28.1337,37.0295],[28.2244,36.9964],[27.8038,36.7365],[28.084,36.7515],[28.1956,36.6863],[28.3037,36.812],[28.4836,36.8038],[28.7177,36.7009],[29.0383,36.6935],[29.1433,36.3972],[29.3483,36.2588],[29.6891,36.1567],[30.2316,36.3073],[30.3873,36.2433],[30.4836,36.3104],[30.5585,36.5258],[30.582,36.7972],[30.644,36.8657],[31.3525,36.8011],[31.7779,36.6128],[32.022,36.5353],[32.3777,36.1836],[32.5338,36.1007],[32.7948,36.0359],[33.0995,36.103],[33.6947,36.182],[34.0234,36.3408],[34.2996,36.6042],[34.6014,36.7845],[34.8112,36.7993],[35.1762,36.6349],[35.3932,36.5752],[35.5374,36.597],[35.6611,36.7243],[36.0489,36.9106],[36.1801,36.8072],[36.1885,36.659],[35.8828,36.4063],[35.8109,36.3099],[35.9569,35.9981],[35.8396,35.8492],[35.7645,35.5716],[35.9024,35.4207],[35.9431,35.2238],[35.8899,35.0603],[35.8993,34.8521],[35.9779,34.5474],[35.8043,34.4374],[35.6479,34.2482],[35.6118,34.0322],[35.5108,33.8797],[35.3357,33.5035],[35.2514,33.3926],[34.9219,32.6141],[34.8038,32.1963],[34.6784,31.8957],[34.484,31.5923],[34.1763,31.3039],[33.9025,31.181],[33.6665,31.1304],[33.3779,31.131],[33.1943,31.0845],[33.1299,31.1682],[32.6033,31.0688],[32.3235,31.2561],[32.2065,31.119],[32.1018,31.0928],[32.0085,31.2205],[31.7711,31.2926],[31.8759,31.4137],[31.889,31.5414],[31.5244,31.4583],[31.1939,31.5876],[31.052,31.5916],[31.0018,31.4628],[30.7005,31.4039],[30.571,31.473],[30.3951,31.4576],[30.2227,31.2584],[29.9298,31.2275],[29.5916,31.0115],[29.2789,30.8669],[29.0721,30.8303],[28.5148,31.0504],[27.9676,31.0974],[27.83,31.195],[27.54,31.2127],[27.248,31.3779],[26.4573,31.5121],[25.8933,31.6209],[25.3822,31.5128],[25.2255,31.5338],[25.025,31.8834],[24.8785,31.9843],[24.6839,32.016],[24.4798,31.9965],[24.1297,32.0092],[23.7977,32.1587],[23.2863,32.2138],[23.1063,32.3314],[23.0906,32.6188],[22.7541,32.7405],[22.5234,32.7939],[22.1874,32.9183],[21.8395,32.9086],[21.6359,32.9373],[21.4247,32.7992],[21.0623,32.7755],[20.6211,32.5802],[20.3706,32.4308],[20.1215,32.2188],[19.9734,31.9991],[19.9264,31.8175],[19.9612,31.556],[20.1038,31.3005],[20.151,31.0786],[20.0132,30.8007],[19.7133,30.4884],[19.2917,30.2881],[18.9364,30.2904],[18.6698,30.4157],[18.1904,30.7773],[17.8305,30.9276],[17.3492,31.0815],[16.7815,31.2147],[16.123,31.2645],[15.706,31.4264],[15.4964,31.6568],[15.3631,31.9712],[15.3591,32.1597],[15.1766,32.3912],[14.5134,32.5111],[14.2371,32.6813],[13.8354,32.7918],[13.6478,32.7988],[13.2835,32.9146],[12.7535,32.8011],[12.2799,32.8585],[11.8135,33.0937],[11.6571,33.1189],[11.4006,33.2249],[11.1503,33.3692],[11.0846,33.5629],[10.7228,33.5144],[10.7132,33.689],[10.4543,33.6625],[10.159,33.85],[10.049,34.0563],[10.0648,34.2116],[10.2004,34.346],[10.5349,34.5447],[10.8662,34.8843],[11.1201,35.2403],[11.0433,35.3351],[11.0043,35.6338],[10.5908,35.8873],[10.4766,36.1751],[10.5257,36.3233],[10.7981,36.4931],[10.9672,36.743],[11.1267,36.8741],[11.0539,37.0725],[10.9514,37.0593],[10.7662,36.9303],[10.5713,36.8794],[10.4123,36.7318],[10.1888,37.0339],[10.1964,37.2059],[9.8756,37.2542],[9.688,37.3404],[9.142,37.1946],[8.8235,36.9976],[8.5766,36.9372],[8.1271,36.9104],[7.9104,36.8563],[7.6077,36.9998],[7.2043,37.0924],[7.2385,36.9685],[6.9275,36.9194],[6.5759,37.003],[6.4865,37.0857],[6.3278,37.046],[6.2491,36.9383],[6.0647,36.8643],[5.7255,36.7996],[5.4246,36.6754],[5.1956,36.6768],[4.9954,36.8081],[4.7581,36.8963],[3.779,36.8962],[3.5205,36.7951],[2.9729,36.7845],[2.5934,36.6007],[2.3429,36.6103],[1.9745,36.5676],[1.2572,36.5196],[0.9717,36.4439],[0.5149,36.2618],[0.1517,36.0631],[0.0479,35.9005],[-0.1892,35.8191],[-0.4261,35.8615],[-0.9175,35.6684],[-1.2054,35.4958],[-1.3358,35.3643],[-1.6736,35.1831],[-2.0178,35.0851],[-2.4237,35.1235],[-2.8399,35.1278],[-2.9722,35.4073],[-3.206,35.2391],[-3.3947,35.2118],[-3.6933,35.28],[-3.9824,35.2434],[-4.33,35.1615],[-4.6283,35.2064],[-4.8372,35.2813],[-5.1054,35.4678],[-5.3376,35.7452],[-5.3974,35.9299],[-5.6229,35.8289],[-5.9248,35.7858],[-5.9576,35.6812],[-6.3531,34.7761],[-6.7558,34.1329],[-6.901,33.969],[-7.1447,33.8303],[-7.5624,33.6403],[-8.3012,33.3744],[-8.5963,33.1872],[-8.8362,32.9205],[-9.2459,32.5725],[-9.2866,32.2406],[-9.3475,32.0864],[-9.675,31.711],[-9.8087,31.4246],[-9.8324,30.8473],[-9.8755,30.7179],[-9.6529,30.4476],[-9.6238,30.3526],[-9.6671,30.1093],[-9.8526,29.8092],[-10.2006,29.3804],[-10.4865,29.0649],[-10.6738,28.9392],[-11.081,28.7138],[-11.4302,28.382],[-11.5527,28.3101],[-11.9861,28.1293],[-12.4689,28.0094],[-12.7937,27.9784],[-12.9489,27.9142],[-13.176,27.6557],[-13.2562,27.4346],[-13.4098,27.1466],[-13.4958,26.8727],[-13.5758,26.7351],[-13.9521,26.4888],[-14.1684,26.4154],[-14.4139,26.2537],[-14.5228,25.9252],[-14.6023,25.8085],[-14.7949,25.4042],[-14.8429,25.2201],[-14.8561,24.8716],[-14.9043,24.7198],[-15.0389,24.5488],[-15.1886,24.4788],[-15.5863,24.0728],[-15.8993,23.8444],[-15.806,23.7495],[-16.2103,23.0979],[-16.2019,22.9454],[-16.3043,22.8348],[-16.3587,22.5945],[-16.5144,22.3335],[-16.684,22.2744],[-16.7933,22.1597],[-16.9309,21.9],[-17.0988,20.8569],[-16.9982,21.0397],[-16.8761,21.0861],[-16.6225,20.6342],[-16.5304,20.7095],[-16.4298,20.6523],[-16.3337,20.4159],[-16.2104,20.2279],[-16.2834,19.7872],[-16.5145,19.362],[-16.3059,19.1538],[-16.2131,19.0033],[-16.085,18.5212],[-16.0303,17.8879],[-16.0789,17.5459],[-16.2075,17.1926],[-16.3467,16.9264],[-16.4636,16.6015],[-16.5357,16.2868],[-16.5353,15.8384],[-16.5708,15.7344],[-16.8434,15.294],[-17.1472,14.922],[-17.4118,14.7922],[-17.1681,14.6406],[-17.0794,14.4831],[-16.9738,14.4032],[-16.7978,14.0933],[-16.7454,13.8404],[-16.5878,13.6896],[-16.5301,13.458],[-16.3518,13.3434],[-16.1354,13.4482],[-16.1851,13.2827],[-16.4134,13.2697],[-16.5564,13.3032],[-16.6693,13.475],[-16.8248,13.3411],[-16.7693,13.1485],[-16.7439,12.5854],[-16.5977,12.7153],[-16.5532,12.6049],[-16.7603,12.5258],[-16.7118,12.3548],[-16.4368,12.2042],[-16.3123,12.243],[-16.3281,12.0516],[-16.1384,11.9173],[-15.9588,11.9596],[-15.9417,11.7866],[-15.8194,11.7635],[-15.6507,11.8184],[-15.4348,11.9436],[-15.5019,11.7238],[-15.413,11.6152],[-15.4795,11.4103],[-15.3945,11.3345],[-15.3931,11.2172],[-15.2167,11.1563],[-15.1811,11.0342],[-15.043,10.9401],[-14.7759,10.9316],[-14.6096,10.5499],[-14.4269,10.2483],[-14.1704,10.1286],[-14.045,10.1413],[-13.9546,9.9687],[-13.7005,9.8513],[-13.6587,9.7764],[-13.6914,9.5358],[-13.5683,9.5434],[-13.4363,9.4203],[-13.2695,9.1706],[-13.2716,8.9874],[-13.2069,8.8431],[-13.2284,8.6959],[-13.1818,8.5769],[-12.9534,8.6151],[-13.085,8.4248],[-13.2728,8.4297],[-13.149,8.2146],[-12.9569,8.1453],[-12.881,7.8566],[-12.6976,7.7159],[-12.5104,7.6657],[-12.4327,7.545],[-12.4856,7.3863],[-11.9292,7.1835],[-11.7334,7.0886],[-11.5475,6.947],[-11.2916,6.6882],[-10.849,6.4651],[-10.7856,6.3102],[-10.5971,6.2109],[-10.4182,6.1673],[-10.2764,6.0776],[-9.6544,5.5187],[-9.3748,5.2411],[-9.1322,5.0546],[-8.259,4.59],[-7.9982,4.5087],[-7.66,4.3668],[-7.4261,4.376],[-7.058,4.5447],[-6.8452,4.6715],[-6.5484,4.7618],[-5.9138,5.0109],[-5.5647,5.0895],[-4.8997,5.1383],[-4.0372,5.2301],[-3.8706,5.2207],[-3.3476,5.1307],[-3.2376,5.3354],[-3.1687,5.203],[-3.2464,5.1141],[-2.723,5.0137],[-2.3989,4.9293],[-2.0902,4.7641],[-2.0019,4.7625],[-1.6385,4.9809],[-1.0643,5.1827],[-0.7977,5.2267],[-0.4854,5.3942],[-0.3487,5.5008],[-0.1265,5.5682],[0.2597,5.7573],[0.7488,5.7601],[0.9497,5.8103],[1.1056,6.0514],[1.3106,6.1469],[1.8182,6.2606],[2.2869,6.3281],[2.7725,6.3757],[3.4866,6.4089],[4.1259,6.4114],[4.4313,6.3486],[4.6336,6.2172],[4.861,6.0263],[5.0421,5.7975],[5.2324,5.4838],[5.3858,5.4018],[5.3833,5.129],[5.5878,4.6472],[5.7986,4.456],[6.0766,4.2906],[6.5546,4.3414],[6.757,4.3436],[7.0134,4.3973],[7.1547,4.5144],[7.1642,4.6156],[7.2844,4.5477],[7.4599,4.5552],[7.6442,4.5253],[8.2931,4.5576],[8.4313,4.7462],[8.5148,4.7247],[8.5744,4.5262],[8.7619,4.58],[8.9183,4.5538],[8.9028,4.4352],[9.0001,4.0916],[9.4253,3.9223],[9.6004,4.0269],[9.6281,3.87],[9.5562,3.798],[9.6721,3.5376],[9.8762,3.3098],[9.9484,3.0791],[9.8854,2.9166],[9.8218,2.5393],[9.7797,2.0682],[9.807,1.9275],[9.6321,1.5655],[9.4942,1.4353],[9.3859,1.1393],[9.5099,1.1148],[9.6259,0.7794],[9.618,0.5765],[9.4953,0.6648],[9.33,0.6108],[9.4701,0.3619],[9.7767,0.1925],[9.7384,0.085],[9.4111,0.2004],[9.3019,0.2885],[9.3391,-0.0583],[9.2967,-0.3513],[9.1365,-0.5733],[8.9464,-0.6888],[8.8214,-0.7084],[8.8442,-0.9136],[9.0646,-1.2983],[9.2038,-1.3824],[9.3307,-1.5346],[9.2656,-1.8251],[9.5332,-2.1639],[9.7595,-2.5186],[10.0062,-2.7483],[10.3477,-3.0131],[10.5854,-3.278],[10.6407,-3.398],[10.9473,-3.6621],[11.032,-3.8265],[11.3645,-4.1306],[11.3938,-4.2003],[11.6681,-4.4343],[11.7775,-4.5658],[11.7809,-4.6766],[11.8933,-4.8657],[12.0399,-5.0352],[12.1771,-5.3248],[12.2065,-5.4683],[12.1555,-5.6327],[12.2404,-5.8073],[12.4117,-5.9863],[12.6807,-5.9608],[12.7916,-5.8777],[13.0033,-5.8361],[13.0098,-5.9076],[12.7906,-6.0039],[12.3025,-6.0926],[12.5213,-6.5903],[12.8234,-6.9548],[12.8623,-7.2318],[13.0908,-7.7802],[13.3785,-8.3697],[13.359,-8.6872],[12.9985,-9.048],[13.1557,-9.3896],[13.2094,-9.7032],[13.3322,-9.9989],[13.4954,-10.2571],[13.5395,-10.4207],[13.7214,-10.6336],[13.739,-10.7571],[13.8336,-10.9297],[13.8475,-11.0544],[13.7843,-11.488],[13.7854,-11.8128],[13.6855,-12.1238],[13.5979,-12.2861],[13.417,-12.5204],[12.9832,-12.7757],[12.8977,-13.0277],[12.5505,-13.4378],[12.5037,-13.7555],[12.3789,-14.0391],[12.2805,-14.6375],[12.0732,-15.2482],[11.9679,-15.634],[11.7509,-15.8319],[11.797,-15.9864],[11.8189,-16.7041],[11.7801,-16.8713],[11.7217,-17.4668],[11.7335,-17.751],[11.7759,-18.0018],[11.9514,-18.2705],[12.0957,-18.5409],[12.3287,-18.7511],[12.4582,-18.9268],[13.0421,-20.0282],[13.1684,-20.1847],[13.2844,-20.5239],[13.4506,-20.9167],[13.8394,-21.4732],[13.9732,-21.7676],[14.3219,-22.1899],[14.4628,-22.4491],[14.526,-22.7025],[14.4957,-22.9214],[14.4033,-22.9681],[14.4738,-23.2812],[14.4969,-23.6429],[14.4834,-24.0504],[14.5016,-24.202],[14.6279,-24.548],[14.768,-24.788],[14.8371,-25.0332],[14.8226,-25.3586],[14.8637,-25.5336],[14.8452,-25.7257],[14.9313,-25.9582],[14.9678,-26.3181],[15.0966,-26.4258],[15.1633,-26.6002],[15.1328,-26.7876],[15.3415,-27.3865],[15.719,-27.9658],[16.3351,-28.5365],[16.4808,-28.6415],[16.7395,-29.0094],[16.95,-29.4034],[17.1891,-30.0998],[17.3471,-30.4448],[17.6774,-31.019],[18.2108,-31.7425],[18.3107,-32.1225],[18.3253,-32.505],[18.2509,-32.6521],[18.0365,-32.7751],[17.8511,-32.8274],[17.8782,-32.9615],[18.1563,-33.3588],[18.2612,-33.4217],[18.433,-33.7173],[18.465,-33.8878],[18.3544,-33.9391],[18.3521,-34.1885],[18.5339,-34.0859],[18.8088,-34.1082],[18.8313,-34.3641],[19.0983,-34.3501],[19.3308,-34.4924],[19.3232,-34.5708],[19.635,-34.7533],[20.0206,-34.7857],[20.5299,-34.4631],[20.7748,-34.4399],[21.0602,-34.3646],[21.2489,-34.407],[21.789,-34.3727],[22.2455,-34.0691],[22.5538,-34.0101],[22.9256,-34.0632],[23.2682,-34.0812],[23.5855,-33.9852],[24.183,-34.0615],[24.5955,-34.1745],[24.8271,-34.1689],[25.0029,-33.9736],[25.1697,-33.9607],[25.4772,-34.0281],[25.6382,-34.0111],[25.6524,-33.8496],[25.8059,-33.7371],[25.9896,-33.7113],[26.4295,-33.7596],[26.6137,-33.7074],[27.0774,-33.5212],[27.8606,-33.0539],[28.2141,-32.7692],[28.4494,-32.6246],[28.856,-32.2942],[29.1278,-32.0031],[29.4829,-31.6747],[29.7352,-31.4704],[29.9712,-31.3221],[30.2887,-30.9701],[30.6636,-30.4342],[30.8776,-30.0711],[31.0233,-29.9009],[31.1699,-29.5908],[31.3352,-29.3781],[31.7782,-28.9371],[32.0272,-28.8396],[32.2857,-28.6215],[32.5348,-28.1997],[32.657,-27.6073],[32.8491,-27.0802],[32.8892,-26.8305],[32.9336,-26.2523],[32.8488,-26.2681],[32.7035,-26.1585],[32.5904,-26.0041],[32.7226,-25.8209],[32.7922,-25.6443],[32.9611,-25.4904],[33.3475,-25.2609],[33.836,-25.068],[34.6073,-24.8213],[34.9921,-24.6506],[35.156,-24.5414],[35.4381,-24.1712],[35.542,-23.8244],[35.3704,-23.7982],[35.4944,-23.1852],[35.5754,-22.9631],[35.4902,-22.6577],[35.542,-22.3766],[35.3157,-22.3969],[35.3293,-22.0374],[35.2677,-21.651],[35.128,-21.3953],[35.1176,-21.1952],[34.9823,-20.8062],[34.7647,-20.5619],[34.6981,-20.4044],[34.75,-20.0908],[34.7558,-19.822],[34.9479,-19.8127],[35.3653,-19.4939],[35.6513,-19.1639],[35.8537,-18.9934],[36.125,-18.8424],[36.2356,-18.8613],[36.4037,-18.7697],[36.5401,-18.5182],[36.8996,-18.129],[36.9394,-17.9935],[37.2445,-17.7399],[37.8395,-17.3932],[38.0482,-17.3214],[38.1449,-17.2428],[38.6333,-17.0783],[38.8848,-17.0416],[39.0844,-16.9729],[39.2423,-16.7926],[39.8446,-16.4356],[39.7909,-16.2945],[39.9836,-16.2255],[40.1088,-15.9793],[40.559,-15.4734],[40.651,-15.2609],[40.6178,-15.1155],[40.6943,-15.0652],[40.7007,-14.9298],[40.8352,-14.7915],[40.8182,-14.4676],[40.6399,-14.39],[40.7156,-14.2145],[40.6025,-14.1674],[40.5905,-13.845],[40.5451,-13.4629],[40.5829,-13.374],[40.5688,-12.9847],[40.4477,-12.9048],[40.5533,-12.8246],[40.5809,-12.6355],[40.5231,-12.3928],[40.5015,-12.1194],[40.5315,-12.0046],[40.4331,-11.6573],[40.4651,-11.4494],[40.4028,-11.332],[40.5445,-11.0656],[40.5161,-10.9296],[40.5972,-10.8307],[40.4866,-10.7651],[40.6117,-10.6615],[40.3888,-10.3535],[40.0837,-10.1566],[39.9836,-10.1596],[39.7838,-9.9146],[39.6967,-9.5784],[39.6255,-9.4095],[39.6413,-9.1925],[39.4513,-8.943],[39.4884,-8.8618],[39.3773,-8.7208],[39.304,-8.4438],[39.34,-8.2429],[39.441,-8.0115],[39.4284,-7.8128],[39.3305,-7.7467],[39.2885,-7.5179],[39.3531,-7.3414],[39.5192,-7.1241],[39.5461,-7.024],[39.4724,-6.8786],[39.2873,-6.8149],[39.2284,-6.6853],[39.0674,-6.4993],[38.874,-6.3312],[38.8047,-6.0701],[38.8192,-5.8776],[38.9782,-5.5186],[39.2281,-4.6655],[39.377,-4.6255],[39.4909,-4.4784],[39.8191,-3.786],[39.8609,-3.5768],[39.9917,-3.3507],[40.1154,-3.2506],[40.1947,-3.0192],[40.1798,-2.819],[40.2225,-2.6884],[40.4045,-2.5557],[40.6441,-2.5395],[40.8132,-2.3924],[40.8982,-2.2699],[40.9955,-1.9506],[41.1068,-1.9823],[41.3869,-1.867],[41.7322,-1.4301],[41.9799,-0.973],[42.2189,-0.738],[42.5607,-0.3215],[42.7121,-0.1757],[43.4677,0.6216],[43.7176,0.8579],[44.0327,1.1059],[44.3327,1.391],[44.9202,1.8102],[45.8263,2.3099],[46.0512,2.4751],[46.8788,3.2856],[47.5114,3.9683],[47.9753,4.497],[48.234,4.9527],[48.649,5.4944],[49.0493,6.1736],[49.0927,6.4079],[49.235,6.7773],[49.3485,6.9905],[49.57,7.297],[49.7612,7.6595],[49.8521,7.9625],[50.1028,8.1998],[50.2857,8.5094],[50.4298,8.8453],[50.638,9.1093],[50.6852,9.2412],[50.825,9.4282],[50.8328,9.7105],[50.8737,9.9242],[50.8984,10.2531],[51.0632,10.4339],[51.1406,10.6569],[51.1223,11.0768],[51.0843,11.3356],[51.2182,11.6577],[51.2549,11.8307],[50.7923,11.9837],[50.6359,11.9438],[50.4662,11.7275],[50.1101,11.5293],[49.6421,11.4509],[49.3883,11.3427],[48.9031,11.2549],[48.6744,11.3227],[48.4389,11.2901],[48.0192,11.1394],[47.7125,11.112],[47.405,11.174],[47.2301,11.0999],[46.9734,10.9254],[46.565,10.746],[45.8167,10.8359],[45.3377,10.6498],[44.943,10.4367],[44.3865,10.4302],[44.1582,10.5508],[43.8527,10.7843],[43.6312,11.0354],[43.4412,11.3464],[43.1617,11.566],[42.9115,11.5866],[42.64,11.5601],[42.799,11.7394],[43.048,11.8291],[43.2721,11.9695],[43.4098,12.1899],[43.2986,12.4639],[43.1309,12.6604],[43.0829,12.8246],[42.9695,12.8084],[42.7962,12.8643],[42.7345,13.0186],[42.5229,13.2215],[42.3993,13.2126],[42.3465,13.3981],[42.2451,13.5876],[41.6582,13.9831],[41.4797,14.2439],[41.1765,14.6203],[40.7993,14.743],[40.6344,14.883],[40.4365,14.964],[40.2041,15.0141],[40.0841,15.152],[40.041,15.3345],[39.8638,15.4703],[39.7208,15.2137],[39.6313,15.4525],[39.5065,15.5321],[39.4223,15.7867],[39.2989,15.9211],[39.2226,16.1937],[39.1426,16.7292],[38.9117,17.4271],[38.574,18.0729],[38.3329,18.219],[38.2018,18.2494],[37.9219,18.5559],[37.7298,18.6943],[37.5994,18.7174],[37.4713,18.8201],[37.3615,19.092],[37.2484,19.5819],[37.2626,19.7919],[37.1932,20.1207],[37.1879,20.3949],[37.2275,20.5567],[37.1727,20.732],[37.1506,21.1038],[37.2117,21.1858],[37.0812,21.326],[36.927,21.5865],[36.8826,21.7688],[36.8704,22.0158],[36.8297,22.0977],[36.4146,22.3942],[36.2297,22.6288],[35.9134,22.7396],[35.6979,22.9462],[35.5644,23.2711],[35.5228,23.4425],[35.5044,23.7793],[35.6247,24.066],[35.4778,24.1548],[35.1941,24.4751],[34.5651,25.6912],[34.3293,26.0244],[34.0495,26.5507],[33.9591,26.649],[33.8931,27.0495],[33.8017,27.2682],[33.6973,27.3411],[33.5498,27.6074],[33.5471,27.8981],[33.2021,28.2083],[32.8982,28.5652],[32.7845,28.7866],[32.6318,28.9922],[32.6381,29.1822],[32.565,29.3863],[32.3973,29.5338],[32.3598,29.6307],[32.5657,29.974],[32.6472,29.7984],[32.7215,29.5218],[32.8706,29.2862],[33.0758,29.073],[33.2037,28.7778],[33.2478,28.5677],[33.5941,28.2556],[33.7603,28.0477],[34.0451,27.8289],[34.2201,27.7643],[34.3997,28.016],[34.4465,28.3573],[34.6172,28.7579],[34.7364,29.2706],[34.8485,29.4321],[34.9822,29.4845],[34.7991,28.7205],[34.7799,28.5073],[34.6162,28.1483],[35.0783,28.087],[35.1805,28.0349],[35.4238,27.7338],[35.5813,27.4325],[35.763,27.2588],[35.8517,27.0705],[36.032,26.881],[36.2496,26.5948],[36.5188,26.1049],[36.6752,26.0389],[36.7627,25.7513],[36.9207,25.6412],[37.1488,25.2911],[37.2663,24.9601],[37.1809,24.82],[37.3385,24.6158],[37.5431,24.2917],[37.7134,24.2744],[37.9197,24.1854],[38.2889,23.911],[38.4642,23.7119],[38.7061,23.3055],[38.7969,23.0486],[38.9411,22.8818],[38.9388,22.8048],[39.062,22.5922],[39.0959,22.3928],[39.034,22.2034],[38.9879,21.8817],[39.1471,21.519],[39.0936,21.3104],[39.2761,20.974],[39.4912,20.737],[39.6137,20.5177],[39.8841,20.293],[40.0807,20.2659],[40.4822,19.9935],[40.6159,19.8224],[40.7592,19.7555],[40.9133,19.4901],[41.116,19.0822],[41.2295,18.6784],[41.4317,18.4524],[41.5076,18.2561],[41.75,17.8857],[42.0522,17.6693],[42.2939,17.435],[42.3833,17.1225],[42.5441,16.9597],[42.5529,16.8685],[42.6988,16.737],[42.7898,16.4516],[42.8396,16.032],[42.7172,15.6546],[42.7999,15.3716],[42.6578,15.2328],[42.8557,15.133],[42.9364,14.9386],[42.913,14.8631],[43.0211,14.5549],[43.0063,14.4831],[43.0934,14.2037],[43.0891,14.011],[43.2341,13.8589],[43.2826,13.6398],[43.2319,13.2671],[43.4753,12.839],[43.4876,12.6988],[43.6344,12.7445],[43.9298,12.6165],[44.3585,12.6691],[44.6178,12.8172],[44.7553,12.7638],[45.0387,12.8159],[45.1639,12.9983],[45.3936,13.067],[45.6573,13.3387],[46.2031,13.4238],[46.502,13.4156],[46.7889,13.4656],[46.9757,13.5475],[47.4077,13.6616],[47.6334,13.8584],[47.9899,14.0481],[48.2778,13.9977],[48.6684,14.0501],[48.78,14.1239],[49.0047,14.355],[49.048,14.4564],[49.3499,14.6378],[49.5486,14.7224],[49.9063,14.8281],[50.1669,14.851],[50.5271,15.0382],[51.0151,15.1408],[51.3225,15.2263],[51.6037,15.3368],[52.2175,15.6555],[52.174,15.9568],[52.2373,16.1714],[52.3277,16.2936],[52.5814,16.4704],[53.2978,16.7233],[53.6099,16.76],[53.9544,16.9178],[54.0682,17.0055],[54.5665,17.0313],[54.7719,16.9646],[55.0642,17.0389],[55.1737,17.1576],[55.2956,17.3816],[55.2554,17.5856],[55.4791,17.8433],[55.6139,17.8861],[56.2703,17.9508],[56.3835,17.988],[56.5508,18.166],[56.6551,18.5874],[56.826,18.7535],[57.1766,18.9026],[57.6758,18.9579],[57.8116,19.0171],[57.7151,19.6069],[57.8618,20.2441],[58.1029,20.5704],[58.245,20.5992],[58.209,20.424],[58.4742,20.4069],[58.6904,20.8071],[58.8957,21.1128],[59.0688,21.2891],[59.3715,21.4988],[59.5176,21.7823],[59.6525,21.9514],[59.8,22.2199],[59.8232,22.509],[59.5352,22.5785],[59.3109,22.7934],[59.1947,22.9719],[59.0299,23.1306],[58.773,23.5172],[58.578,23.6435],[58.3245,23.6238],[58.1204,23.7166],[57.6113,23.8037],[57.2198,23.9228],[56.9125,24.1502],[56.6406,24.4703],[56.4898,24.7164],[56.3729,25.0183],[56.3635,25.5694],[56.2979,25.6507],[56.3736,25.8046],[56.4298,26.3272],[56.3056,26.2352],[56.1645,26.207],[55.9412,25.794],[55.5229,25.4981],[55.3035,25.2368],[55.0981,25.0416],[54.7468,24.8104],[54.5347,24.531],[54.3971,24.2782],[53.8934,24.0771],[53.3296,24.0984],[53.0264,24.1473],[52.6482,24.1546],[52.2509,23.9952],[51.9061,23.9854],[51.7917,24.0748],[51.7676,24.2544],[51.3099,24.3404],[51.4184,24.531],[51.4279,24.6683],[51.5869,24.9648],[51.602,25.1479],[51.4854,25.5247],[51.5723,25.781],[51.5431,25.9024],[51.2623,26.1533],[51.0031,25.9814],[50.8687,25.6127],[50.7629,25.4447],[50.7773,25.1774],[50.8468,24.8886],[50.8044,24.7893],[50.5579,25.0867],[50.4552,25.4248],[50.2813,25.5661],[50.1303,25.8466],[50.0316,26.111],[50.1555,26.1005],[50.2139,26.3085],[50.185,26.4049],[50.0273,26.5269],[49.9861,26.8289],[49.7165,26.9559],[49.5377,27.1518],[49.4053,27.181],[49.1751,27.4376],[49.2375,27.4927],[48.9064,27.6291],[48.7737,27.9591],[48.6264,28.1326],[48.4985,28.4489],[48.3393,28.7633],[48.1838,28.9794],[48.0515,29.3554],[47.7253,29.4169],[47.9696,29.6167],[48.1361,29.6181],[48.0057,29.8358],[47.9825,30.0113],[48.1417,30.0409],[48.4542,29.9385],[48.6709,30.0283],[48.8324,30.0355],[48.9191,30.1209],[48.9168,30.3973],[49.1304,30.5094],[49.0543,30.3069],[49.43,30.1305],[49.5549,30.029],[49.9831,30.2094],[50.0716,30.1985],[50.1689,29.9212],[50.6496,29.4201],[50.6752,29.1466],[50.8758,29.0627],[50.867,28.8702],[51.062,28.7261],[51.0938,28.5121],[51.2761,28.2188],[51.2789,28.1313],[51.5186,27.91],[51.6663,27.845],[52.0308,27.8244],[52.1919,27.7173],[52.4759,27.6165],[52.6026,27.4934],[52.6916,27.3234],[52.9825,27.1419],[53.455,26.9433],[53.5071,26.8518],[53.7058,26.7256],[54.0693,26.7324],[54.2471,26.6966],[54.6449,26.5089],[54.8958,26.5567],[55.2941,26.7859],[55.424,26.7706],[55.6503,26.9775],[55.9411,27.0376],[56.1181,27.1431],[56.3562,27.2002],[56.8129,27.09],[56.9822,26.9055],[57.072,26.6801],[57.1043,26.3714],[57.2014,26.1588],[57.2056,26.0372],[57.3346,25.7916],[57.7325,25.7249],[57.7961,25.653],[58.0224,25.6408],[58.3143,25.5809],[58.5309,25.5924],[58.7979,25.5546],[59.0461,25.4173],[59.4561,25.4815],[59.616,25.4033],[60.0247,25.3841],[60.4002,25.3116],[60.5105,25.4371],[60.6639,25.2822],[61.4122,25.1021],[61.5331,25.1955],[61.7437,25.1382],[62.0895,25.1553],[62.1986,25.2249],[62.3153,25.1349],[62.5725,25.2547],[63.015,25.2247],[63.17,25.2549],[63.4914,25.2108],[63.5566,25.3532],[63.7209,25.3859],[63.9355,25.3425],[64.0594,25.4029],[64.1521,25.3334],[64.5438,25.2367],[64.659,25.1841],[64.7767,25.3073],[65.0613,25.3111],[65.4063,25.3743],[65.6797,25.3553],[66.1312,25.4933],[66.219,25.5899],[66.4286,25.5753],[66.6986,25.2263],[66.703,24.8609],[67.1006,24.7919],[67.1715,24.7561],[67.2887,24.3678],[67.3094,24.1748],[67.6685,23.811],[68.037,23.8482],[68.192,23.7289],[68.235,23.597],[68.4175,23.5715],[68.6407,23.1899],[68.8171,23.0537],[69.2359,22.8485],[69.6646,22.7591],[69.8498,22.8564],[70.2512,22.9709],[70.3277,22.8158],[70.1772,22.5728],[70.0059,22.5477],[69.819,22.4518],[69.5492,22.4084],[69.2766,22.2855],[69.1313,22.4163],[68.9835,22.3854],[69.0088,22.1968],[69.1917,21.9915],[69.3854,21.8396],[69.7484,21.5057],[70.1273,21.0947],[70.4851,20.8402],[70.7193,20.7404],[71.0246,20.7389],[71.3965,20.8698],[71.5711,20.9706],[72.0152,21.1557],[72.254,21.531],[72.2566,21.6612],[72.1709,21.7743],[72.0372,21.823],[72.2443,22.0276],[72.3326,22.2702],[72.5901,22.2781],[72.5223,21.9762],[72.5925,21.8776],[72.5431,21.6966],[72.8397,21.6873],[72.6133,21.4618],[72.6924,21.1776],[72.8139,21.1172],[72.8789,20.8285],[72.8812,20.5632],[72.709,20.078],[72.6678,19.831],[72.8116,19.2989],[72.8347,18.9756],[73.0056,19.0211],[72.8709,18.6831],[72.9172,18.5761],[72.9939,18.0977],[73.1561,17.6219],[73.149,17.5274],[73.2392,17.1985],[73.3376,16.4599],[73.4761,16.0542],[73.6077,15.8711],[73.7718,15.573],[73.9319,15.397],[73.8843,15.3064],[73.9492,15.0748],[74.3822,14.4947],[74.4985,14.0463],[74.6709,13.6676],[74.6823,13.5069],[74.7705,13.0773],[74.8683,12.8446],[74.9455,12.5646],[75.1967,12.0575],[75.3146,11.9584],[75.5245,11.7031],[75.7238,11.3618],[75.8446,11.0576],[75.9226,10.7841],[76.2015,10.2006],[76.1956,10.0861],[76.3465,9.9221],[76.4588,9.5362],[76.3756,9.5399],[76.3431,9.8273],[76.2424,9.9271],[76.3246,9.4521],[76.4031,9.2368],[76.4718,9.1608],[76.5534,8.9028],[76.6173,8.8471],[76.9669,8.4073],[77.3015,8.1453],[77.5176,8.0783],[77.7703,8.1898],[78.0602,8.3846],[78.1264,8.5113],[78.1925,8.8909],[78.4215,9.105],[78.9796,9.2686],[79.0199,9.3334],[78.9191,9.4529],[78.9963,9.6831],[79.2578,10.0352],[79.2536,10.1748],[79.3905,10.306],[79.8382,10.3226],[79.8486,11.1969],[79.7541,11.5753],[79.8585,11.9888],[79.9817,12.2354],[80.1431,12.452],[80.2291,12.6903],[80.3424,13.3613],[80.1143,13.5287],[80.0621,13.6063],[80.2441,13.7735],[80.1117,14.2122],[80.1701,14.3494],[80.1654,14.5778],[80.0986,14.7982],[80.0534,15.074],[80.1011,15.3236],[80.2935,15.7107],[80.3849,15.7928],[80.6466,15.895],[80.7818,15.8673],[80.826,15.7659],[80.9787,15.7584],[81.1321,15.9618],[81.2386,16.264],[81.4019,16.3652],[81.7619,16.3295],[82.1415,16.4854],[82.2588,16.5599],[82.3598,16.7828],[82.2819,16.9361],[82.3596,17.0962],[82.5932,17.2739],[82.9769,17.4618],[83.1983,17.609],[83.6543,18.0699],[84.1041,18.2927],[84.4628,18.6897],[84.7498,19.0501],[84.771,19.1254],[85.2256,19.5084],[85.4416,19.6266],[85.2486,19.7577],[85.46,19.8959],[85.5551,19.8669],[85.575,19.6929],[86.2795,19.9194],[86.4987,20.1716],[86.7504,20.3132],[86.7625,20.4191],[86.9755,20.7001],[86.8423,21.1063],[86.8596,21.2367],[87.1007,21.5008],[87.2007,21.5449],[87.6782,21.6535],[87.9484,21.8254],[88.0508,22.0011],[88.1811,22.0329],[88.0568,21.6941],[88.2537,21.6223],[88.3055,21.7233],[88.446,21.6143],[88.5847,21.6597],[88.5668,21.8321],[88.6596,22.0669],[88.7402,22.0054],[88.6912,21.7335],[88.8344,21.6614],[89.0517,21.6541],[89.0279,21.9372],[89.2343,21.7224],[89.3537,21.7211],[89.452,21.8211],[89.5686,21.7674],[89.8119,21.9835],[90.0879,22.0175],[90.0712,21.8873],[90.1588,21.8168],[90.2882,21.8994],[90.3558,22.0482],[90.5895,22.2584],[90.5955,22.4358],[90.4874,22.5887],[90.4351,22.7519],[90.466,23.0539],[90.5951,23.1339],[90.5909,23.2664],[90.408,23.4319],[90.6156,23.4423],[90.6561,23.273],[90.6336,23.0942],[90.8268,22.7214],[90.9456,22.597],[91.1514,22.6141],[91.4096,22.797],[91.4821,22.7974],[91.693,22.5048],[91.85,22.1574],[91.9132,21.8831],[92.008,21.6848],[92.0561,21.1748],[92.3078,20.7904],[92.608,20.4699],[92.7356,20.5627],[92.8911,20.3403],[92.7912,20.2114],[92.8821,20.1521],[93.0668,20.3776],[93.002,20.0749],[93.1566,20.0408],[93.3623,20.0583],[93.5818,19.9096],[93.6117,19.7761],[93.7396,19.6973],[93.8396,19.5341],[93.9981,19.4409],[93.962,19.3293],[93.8249,19.2385],[93.5786,19.4012],[93.4931,19.3695],[93.7055,19.0269],[93.9292,18.8997],[94.0016,19.1818],[94.07,18.8934],[94.2521,18.6092],[94.2658,18.5072],[94.4308,18.2017],[94.4943,17.8246],[94.589,17.5693],[94.5645,17.3085],[94.4731,17.1354],[94.3534,16.6399],[94.2713,16.5173],[94.2143,16.1266],[94.299,16.0076],[94.4416,16.0944],[94.5875,16.2888],[94.6808,16.1333],[94.6615,15.9044],[94.8912,15.9791],[94.9426,15.8183],[95.177,15.8257],[95.333,16.0333],[95.3015,15.7562],[95.3896,15.7228],[95.5557,15.8378],[95.6795,15.9768],[95.7633,16.169],[96.0123,16.2537],[96.3243,16.4444],[96.3644,16.5205],[96.6225,16.5639],[96.8106,16.7784],[96.9086,17.031],[96.8509,17.2029],[96.9701,17.3173],[97.1783,17.062],[97.2675,16.7431],[97.3759,16.5229],[97.6196,16.5372],[97.6406,16.2539],[97.5843,16.0196],[97.7104,15.8755],[97.7742,15.431],[97.7438,15.3068],[97.7998,15.1849],[97.8123,14.8589],[97.9098,14.6527],[97.9984,14.3353],[98.1002,14.1615],[98.0727,13.9865],[98.1106,13.7129],[98.2454,13.7335],[98.4213,13.4838],[98.576,13.1619],[98.6371,12.8482],[98.6646,12.5399],[98.6244,12.4407],[98.6963,12.2252],[98.6895,11.9567],[98.6363,11.7384],[98.8048,11.7792],[98.876,11.7197],[98.7414,11.5917],[98.7447,11.2404],[98.6756,10.9869],[98.5356,10.7407],[98.4649,10.6758],[98.523,10.3531],[98.4969,10.1825],[98.5626,10.035],[98.5619,9.8375],[98.493,9.5614],[98.3714,9.2905],[98.326,8.9689],[98.2418,8.7679],[98.2382,8.4231],[98.3055,8.2262],[98.421,8.1782],[98.5792,8.3443],[98.7035,8.2567],[98.7887,8.0598],[99.0511,7.8878],[99.0427,7.7656],[99.1834,7.7181],[99.3004,7.5613],[99.3586,7.3722],[99.5291,7.3295],[99.6024,7.1553],[99.7203,7.1062],[99.696,6.8767],[99.8687,6.7499],[100.1191,6.442],[100.3433,5.9842],[100.374,5.778],[100.3526,5.5877],[100.4734,5.0443],[100.6146,4.6522],[100.6146,4.3734],[100.661,4.2257],[100.7955,4.0234],[100.7154,3.9662],[100.8513,3.7767],[101.0248,3.6247],[101.1154,3.472],[101.2999,3.2533],[101.3543,3.0111],[101.2955,2.8852],[101.5197,2.6836],[101.7813,2.5736],[101.8899,2.4494],[102.1456,2.2485],[102.5482,2.0424],[102.7271,1.8556],[102.8969,1.7923],[103.3568,1.5461],[103.4803,1.3295],[103.6945,1.4497],[103.9915,1.4548],[104.0762,1.5298],[104.1764,1.3649],[104.2885,1.4807],[104.2186,1.7229],[103.8122,2.5805],[103.5373,2.7748],[103.4395,2.9331],[103.4535,3.5206],[103.362,3.7691],[103.4205,3.9769],[103.4688,4.3933],[103.4158,4.8503],[103.197,5.2622],[102.9824,5.525],[102.7902,5.6449],[102.5344,5.8625],[102.3401,6.172],[102.1011,6.2422],[101.7992,6.4746],[101.6143,6.754],[101.4979,6.8653],[101.302,6.9083],[101.0179,6.8609],[100.7926,6.9947],[100.5862,7.176],[100.4235,7.1878],[100.2049,7.5005],[100.1582,7.7281],[100.3174,7.716],[100.2838,7.5515],[100.4535,7.4423],[100.2794,8.2685],[100.2287,8.4247],[100.1293,8.4281],[99.9606,8.6712],[99.9047,9.1129],[99.8355,9.2884],[99.7238,9.3142],[99.3938,9.2137],[99.2539,9.2652],[99.2883,9.4146],[99.1607,9.734],[99.1946,10.1754],[99.165,10.3198],[99.2373,10.3881],[99.2848,10.5691],[99.4869,10.8896],[99.5144,11.1006],[99.6273,11.4629],[99.7987,11.7488],[99.8371,11.9366],[99.9891,12.1708],[100.0057,12.3547],[99.964,12.69],[100.0899,13.0457],[99.9905,13.2435],[100.0175,13.3532],[100.2356,13.4845],[100.6561,13.5213],[100.9627,13.432],[100.9461,13.1873],[100.8633,12.7145],[100.9537,12.6212],[101.0902,12.6736],[101.4449,12.6189],[101.7236,12.6894],[102.0344,12.5319],[102.2296,12.3316],[102.5402,12.1092],[102.5941,12.203],[102.763,12.0125],[102.8837,11.7728],[103.0042,11.7106],[103.0105,11.5887],[103.1255,11.4606],[103.0911,11.2111],[103.1528,10.9137],[103.3536,10.9216],[103.5324,11.1467],[103.6543,11.0587],[103.7219,10.8901],[103.6809,10.7586],[103.5322,10.6046],[103.6619,10.5089],[103.9371,10.5866],[104.2624,10.5413],[104.5161,10.34],[104.6635,10.1699],[104.802,10.2027],[104.8732,10.1148],[105.0278,10.0674],[105.0926,9.901],[104.9032,9.8163],[104.8452,9.6062],[104.8146,9.1855],[104.8186,8.8019],[104.8963,8.7466],[104.8919,8.5833],[105.1144,8.6292],[105.3223,8.8011],[105.501,9.0932],[106.1684,9.3967],[106.204,9.6754],[106.378,9.5561],[106.5725,9.6411],[106.4491,9.9396],[106.5956,9.8599],[106.6592,9.9914],[106.7853,10.1165],[106.7574,10.2958],[106.8127,10.4333],[107.0878,10.4983],[107.2615,10.3984],[107.4703,10.4858],[107.8451,10.7001],[108.0014,10.7204],[108.0949,10.8973],[108.2717,10.9343],[108.5513,11.156],[108.7003,11.1993],[108.8208,11.3154],[108.9867,11.3364],[109.0396,11.5927],[109.1325,11.6011],[109.1986,11.7249],[109.1575,11.8371],[109.2157,12.0729],[109.2068,12.4154],[109.3047,12.3912],[109.2189,12.6458],[109.3355,12.7519],[109.42,12.719],[109.4239,12.956],[109.2719,13.2793],[109.2471,13.8547],[109.3033,13.8564],[109.1914,14.2705],[109.087,14.5526],[109.0849,14.7162],[108.9399,15.0015],[108.8213,15.3779],[108.6742,15.4836],[108.286,15.9891],[108.2674,16.0898],[108.0294,16.3311],[107.8338,16.3225],[107.7241,16.4878],[107.3551,16.7938],[107.1804,16.8979],[107.1199,17.0555],[106.7357,17.3672],[106.4789,17.7196],[106.499,17.9464],[106.2396,18.2207],[106.0656,18.3164],[105.8883,18.5025],[105.6218,18.9663],[105.7911,19.2942],[105.814,19.5875],[105.9841,19.9391],[106.1657,19.992],[106.518,20.2889],[106.5729,20.3922],[106.5508,20.5266],[106.7534,20.7351],[106.6755,20.9605],[106.8862,20.95],[107.0752,20.9993],[107.1647,20.9487],[107.3543,21.0552],[107.41,21.2848],[107.7072,21.4059],[107.8091,21.4971],[108.2463,21.5584],[108.3248,21.6935],[108.4443,21.6073],[108.5257,21.6714],[108.4799,21.9046],[108.5938,21.901],[108.6158,21.7705],[108.7717,21.6305],[109.0306,21.6265],[109.1335,21.5436],[109.1486,21.4255],[109.3467,21.454],[109.544,21.5379],[109.9308,21.4806],[109.9211,21.3765],[109.7796,21.3375],[109.6813,21.1316],[109.6626,20.9169],[109.8053,20.7115],[109.792,20.6219],[109.9464,20.4744],[109.9385,20.2951],[110.1231,20.2637],[110.3447,20.2948],[110.4495,20.3554],[110.5115,20.5183],[110.3131,20.6717],[110.3654,20.8376],[110.1804,20.8586],[110.1936,21.0376],[110.458,21.2306],[110.5672,21.2141],[110.7711,21.3865],[111.1006,21.4847],[111.3191,21.4861],[111.6027,21.5591],[111.776,21.7192],[111.8734,21.7171],[111.9439,21.8497],[112.305,21.7417],[112.4947,21.8183],[112.5863,21.7769],[112.8086,21.9446],[112.9838,21.9382],[113.0082,22.1193],[113.2664,22.0888],[113.5481,22.2226],[113.553,22.594],[113.3311,22.912],[113.5863,23.02],[113.6196,22.8614],[113.8283,22.6072],[114.0067,22.484],[113.8965,22.4282],[114.268,22.2956],[114.266,22.541],[114.3406,22.5932],[114.4962,22.5271],[114.6517,22.7553],[114.7504,22.6263],[114.8538,22.6168],[115.1958,22.8173],[115.3825,22.7188],[115.4983,22.7188],[115.6404,22.8534],[115.8521,22.8016],[116.1574,22.8875],[116.2519,22.9813],[116.4707,22.9459],[116.5383,23.1797],[116.6691,23.2282],[116.6823,23.3274],[116.8609,23.4531],[116.9106,23.6467],[117.0825,23.5788],[117.3308,23.7088],[117.4664,23.8406],[117.6282,23.8367],[117.7417,24.0148],[117.8395,24.0123],[118.0561,24.2461],[118.006,24.482],[118.0871,24.627],[118.2953,24.5728],[118.5604,24.5804],[118.7191,24.7461],[118.6369,24.8355],[118.9091,24.9289],[118.9145,25.1268],[119.0246,25.2234],[119.2355,25.206],[119.2631,25.468],[119.6191,25.4375],[119.5395,25.5913],[119.6482,25.9187],[119.6188,26.0036],[119.4631,26.0547],[119.6927,26.2364],[119.8811,26.3342],[119.7848,26.5466],[119.6382,26.6212],[119.8151,26.7976],[119.8822,26.6104],[120.0867,26.6716],[120.1386,26.8861],[120.2787,27.0971],[120.5398,27.3184],[120.6291,27.4821],[120.5875,27.5808],[120.6852,27.7446],[120.9586,28.037],[121.0984,28.2905],[121.2168,28.3462],[121.3546,28.2299],[121.6021,28.3666],[121.4752,28.6414],[121.6301,28.7679],[121.6649,29.0106],[121.5209,29.1185],[121.5337,29.2367],[121.7175,29.2563],[121.9178,29.135],[121.9684,29.4906],[121.9412,29.6059],[121.6766,29.5838],[121.9058,29.7797],[121.9443,29.8941],[121.6779,29.9791],[121.4327,30.2267],[121.1594,30.3018],[120.9045,30.1606],[120.6334,30.1332],[120.4498,30.3878],[120.8215,30.3546],[120.9977,30.5583],[121.31,30.6997],[121.5275,30.841],[121.8779,30.917],[121.7859,31.1629],[121.6606,31.3197],[121.351,31.4854],[121.0554,31.7194],[120.7878,31.8198],[120.7155,31.9837],[120.4972,32.0198],[120.5201,32.1059],[120.7917,32.0317],[120.9735,31.8694],[121.352,31.8588],[121.6809,31.7122],[121.8663,31.7036],[121.8324,31.8998],[121.6742,32.051],[121.4039,32.2063],[121.401,32.3719],[121.2934,32.4573],[120.9899,32.567],[120.8532,32.6614],[120.8974,32.8432],[120.8711,33.0165],[120.6156,33.4905],[120.5048,33.6382],[120.3227,34.169],[120.2015,34.3257],[119.9637,34.4478],[119.5829,34.5822],[119.3514,34.7494],[119.201,34.7484],[119.1653,34.8488],[119.2158,35.0118],[119.3528,35.1138],[119.4297,35.3014],[119.5265,35.3586],[119.7197,35.5887],[119.8662,35.6437],[120.0547,35.8611],[120.219,35.9349],[120.0941,36.1189],[120.3277,36.2282],[120.3931,36.0539],[120.681,36.1684],[120.6822,36.3407],[120.7762,36.4563],[120.8958,36.4441],[120.9899,36.5979],[121.6696,36.8364],[121.9327,36.9595],[122.1624,36.9586],[122.3409,36.8322],[122.5197,36.9468],[122.4467,37.0681],[122.5873,37.1811],[122.6023,37.4264],[122.3377,37.4053],[122.0566,37.5289],[121.9648,37.4453],[121.6402,37.4604],[121.3881,37.579],[121.2195,37.6001],[121.049,37.7252],[120.75,37.8339],[120.3701,37.701],[120.1559,37.495],[119.8829,37.3508],[119.8875,37.2534],[119.7605,37.1551],[119.4499,37.1248],[119.1118,37.2012],[118.9526,37.3312],[118.9908,37.6414],[119.0892,37.7007],[118.94,38.0428],[118.8,38.1267],[118.5433,38.0949],[118.0149,38.1834],[117.7667,38.3117],[117.6561,38.4242],[117.5578,38.6251],[117.6167,38.8529],[117.7847,39.1345],[118.0409,39.2268],[118.2979,39.0671],[118.6264,39.1769],[118.9123,39.1664],[119.0401,39.2224],[119.2246,39.4081],[119.2613,39.5609],[119.3911,39.7525],[119.5911,39.9026],[119.8504,39.9875],[120.4791,40.231],[120.7707,40.5891],[121.1745,40.9013],[121.8588,40.8421],[122.1404,40.6882],[122.275,40.5418],[122.1909,40.3583],[121.801,39.9505],[121.5174,39.8448],[121.5176,39.639],[121.2675,39.5447],[121.2755,39.3848],[121.7854,39.4008],[121.6276,39.2202],[121.6799,39.1087],[121.1067,38.9208],[121.1636,38.7316],[121.3201,38.8082],[121.6499,38.8651],[121.6772,39.0034],[121.8644,38.9965],[122.1209,39.1519],[122.3349,39.3661],[123.0322,39.6735],[123.2266,39.6866],[123.3481,39.7629],[123.7602,39.8224],[124.1058,39.841],[124.2675,39.9242],[124.5574,39.7906],[124.6383,39.6151],[124.7753,39.7581],[125.1001,39.5903],[125.3608,39.5266],[125.4097,39.2884],[125.1573,38.8715],[125.3097,38.6654],[125.0674,38.5567],[124.8806,38.3417],[124.8745,38.2334],[124.6909,38.1292],[125.1932,38.0378],[124.9888,37.9314],[125.3107,37.8435],[125.4493,37.7302],[125.7691,37.9854],[125.9417,37.8737],[126.2031,37.8285],[126.3699,37.8784],[126.5728,37.7968],[126.6503,37.4471],[126.7905,37.2949],[126.7464,37.1936],[126.8689,36.9757],[126.7845,36.9484],[126.5777,37.0196],[126.3516,36.9582],[126.2172,36.8709],[126.1809,36.6916],[126.3888,36.6512],[126.4877,36.6938],[126.5482,36.4776],[126.5404,36.1662],[126.6935,36.0142],[126.753,35.872],[126.7174,35.7688],[126.4885,35.6471],[126.4928,35.5013],[126.3605,35.2169],[126.2911,35.1542],[126.3979,34.9328],[126.4256,34.6946],[126.3326,34.5896],[126.4817,34.4939],[126.5083,34.3506],[126.7548,34.5119],[126.8975,34.4389],[127.0308,34.6069],[127.3246,34.4633],[127.4791,34.6252],[127.3896,34.743],[127.5236,34.8401],[127.6324,34.6902],[127.7422,34.7826],[127.7148,34.9547],[128.0362,35.022],[128.0945,34.9336],[128.4439,34.8704],[128.4188,35.0157],[128.5109,35.101],[128.9801,35.1015],[129.2142,35.1818],[129.4191,35.4979],[129.5617,35.9477],[129.4035,36.0521],[129.3926,36.3227],[129.4734,36.7419],[129.4183,37.059],[129.3352,37.2746],[129.0516,37.6776],[128.6188,38.1761],[128.3746,38.6234],[128.2494,38.7452],[127.9717,38.898],[127.7861,39.0841],[127.3945,39.2079],[127.3835,39.2961],[127.5489,39.4611],[127.5274,39.6957],[127.5682,39.782],[127.8671,39.8959],[127.9666,39.9956],[128.3045,40.0359],[128.6107,40.1979],[128.7014,40.3175],[129.1098,40.4911],[129.3411,40.7263],[129.7087,40.8573],[129.7121,41.1237],[129.7658,41.3039],[129.6824,41.4943],[129.7563,41.7123],[129.8764,41.8055],[130.0683,42.0458],[130.4575,42.3017],[130.7299,42.3258],[130.8342,42.5229],[130.7562,42.6733],[131.1583,42.626],[131.3933,42.8223],[131.7221,43.2026],[132.0287,43.1189],[132.2332,43.2451],[132.3344,43.2387],[132.3038,42.8833],[132.4813,42.9098],[132.709,42.8758],[132.8636,42.7938],[132.9966,42.808],[133.16,42.697],[133.5867,42.8282],[133.7094,42.8299],[134.0104,42.9475],[134.1564,43.0421],[134.6918,43.2906],[135.1311,43.5257],[135.2602,43.6846],[135.4834,43.835],[135.5332,43.9715],[135.8746,44.3735],[136.1423,44.4891],[136.2512,44.6668],[136.4604,44.8221],[136.8035,45.1711],[137.147,45.3935],[137.4252,45.64],[137.6854,45.8184],[138.1063,46.2507],[138.2102,46.4629],[138.3369,46.5434],[138.3918,46.7451],[138.5868,47.0572],[139.0014,47.3833],[139.3727,47.8874],[139.9984,48.3238],[140.1706,48.5237],[140.2242,48.7729],[140.3783,48.9641],[140.309,49.0539],[140.5172,49.5961],[140.4627,49.9115],[140.6245,50.0824],[140.5354,50.1308],[140.4764,50.546],[140.5209,50.8002],[140.6707,51.0513],[140.6877,51.2323],[140.8386,51.4142],[140.9326,51.6199],[141.3669,51.9207],[141.4853,52.1785],[141.1698,52.3684],[141.245,52.5501],[141.2559,52.8401],[141.0868,52.8976],[141.4021,53.184],[141.0057,53.4946],[140.6876,53.5964],[140.3471,53.8126],[140.1787,54.0516],[139.7074,54.2771],[139.3197,54.193],[138.6957,54.32],[138.7217,54.0438],[138.6607,53.7448],[138.4507,53.537],[138.2922,53.5924],[138.5691,53.8188],[138.3789,53.9093],[138.2529,53.7264],[137.7382,53.5603],[137.3283,53.539],[137.6448,53.8658],[137.6228,53.9705],[137.3393,54.1005],[137.5132,54.1564],[137.3777,54.2823],[137.0962,54.1286],[137.258,54.0252],[137.1554,53.8217],[136.8864,53.8394],[136.683,53.9313],[136.7973,54.621],[135.8516,54.5839],[135.2577,54.7315],[135.2625,54.9433],[135.5406,55.1138],[135.7508,55.1606],[136.1752,55.3522],[136.4603,55.5767],[136.7936,55.6942],[137.6915,56.1394],[138.0738,56.4331],[138.2178,56.629],[138.6621,56.9655],[138.9657,57.0881],[139.1816,57.2615],[139.4438,57.3297],[139.8615,57.5493],[140.0023,57.6875],[140.4469,57.8137],[140.685,58.2122],[140.9877,58.4168],[141.3471,58.5281],[141.7547,58.7453],[142.0254,58.9997],[142.5803,59.2401],[143.1922,59.3701],[143.5238,59.3437],[143.8688,59.4114],[144.4834,59.3763],[145.5546,59.4135],[145.7564,59.3737],[145.9316,59.1984],[146.2734,59.2215],[146.4443,59.4305],[147.04,59.3657],[147.5145,59.2686],[147.8746,59.388],[148.2574,59.4142],[148.4912,59.2623],[148.9141,59.2827],[148.7089,59.4485],[149.205,59.4882],[149.0652,59.6305],[149.2904,59.7285],[149.6426,59.7704],[150.4572,59.5907],[150.7295,59.4691],[150.9825,59.5713],[151.4857,59.5241],[151.798,59.3232],[152.1045,59.2906],[151.99,59.1601],[151.505,59.164],[151.1211,59.0825],[151.3268,58.8751],[151.7046,58.8667],[152.0879,58.9104],[152.4007,59.0264],[152.5756,58.9541],[152.8822,58.9391],[153.0777,59.0819],[153.2729,59.0913],[153.3611,59.2148],[153.6952,59.2248],[154.0109,59.0755],[154.2467,59.1086],[154.458,59.2166],[154.7035,59.1413],[155.1604,59.1901],[155.1667,59.3602],[154.9713,59.4496],[154.5825,59.5401],[154.3576,59.4814],[154.1498,59.5285],[154.2688,59.6584],[154.2931,59.8334],[154.4407,59.8838],[154.5782,60.095],[154.9708,60.3767],[155.4278,60.5499],[155.8533,60.7771],[156.056,60.9956],[156.6297,61.2725],[156.6803,61.4806],[157.0842,61.6757],[157.4693,61.7989],[158.0701,61.7536],[158.3337,61.8257],[158.5472,61.8109],[159.0767,61.9223],[159.295,61.9142],[159.5523,61.7195],[160.1825,61.9028],[160.3174,61.7934],[160.1627,61.5375],[159.8831,61.2918],[159.9492,61.1286],[160.3789,61.0255],[160.2258,60.8315],[160.1736,60.6384],[160.482,60.7398],[160.7666,60.7533],[161.0371,60.9629],[162.1884,61.5407],[162.3926,61.6621],[162.699,61.6526],[163.0853,61.5706],[163.2578,61.6995],[163.0093,61.7915],[163.1311,62.0499],[163.1635,62.2596],[163.3021,62.373],[163.3317,62.5509],[164.2557,62.6966],[164.567,62.6755],[165.044,62.517],[165.1241,62.4115],[164.5983,62.4706],[164.2072,62.2922],[164.0742,62.045],[164.0195,61.7107],[163.8827,61.6401],[163.8044,61.4614],[164.0055,61.3438],[163.6196,61.1113],[163.5535,61.0256],[163.71,60.9168],[163.3523,60.8004],[162.9731,60.7829],[162.7132,60.6595],[162.2663,60.5367],[162.0036,60.4202],[161.7535,60.1523],[161.4493,60.0273],[161.2189,59.8456],[160.8553,59.6269],[160.5475,59.5474],[160.3504,59.394],[159.8474,59.1271],[159.5915,58.8037],[159.0369,58.4239],[158.687,58.2813],[158.2104,58.0253],[157.9746,57.9859],[157.6664,58.0198],[157.4504,57.7993],[157.2168,57.7768],[156.9857,57.8302],[156.7916,57.7479],[156.9482,57.6158],[156.9768,57.4663],[156.7284,57.1522],[156.0675,56.7816],[155.9825,56.6952],[155.7166,56.0722],[155.5549,55.3485],[155.6203,54.8646],[155.7064,54.5215],[155.9049,53.9281],[156.0988,53.0065],[156.1104,52.8662],[156.2286,52.6263],[156.3647,52.5094],[156.4898,51.913],[156.5004,51.4751],[156.5435,51.3116],[156.6708,51.2269],[156.7478,50.9693],[157.2022,51.2127],[157.531,51.4799],[157.8232,51.6053],[158.1035,51.8096],[158.4635,52.305],[158.4808,52.6267],[158.6088,52.8736],[158.9521,53.0476],[159.5859,53.2377],[160.0021,53.2749],[159.8977,53.3808],[159.9559,53.5522],[159.8438,53.7836],[159.9218,54.0084],[160.0744,54.1892],[160.7727,54.5414],[161.1299,54.5982],[161.294,54.5206],[161.7257,54.533],[162.1056,54.7521],[162.0803,54.8861],[161.8242,55.1389],[161.7294,55.358],[161.7756,55.6548],[162.085,56.0896],[162.5282,56.2607],[162.4887,56.3991],[162.6715,56.4901],[162.9752,56.449],[162.7132,56.3309],[162.6281,56.2323],[162.8403,56.0656],[163.0474,56.0447],[163.3355,56.2325],[163.2433,56.5646],[163.2565,56.688],[162.9221,56.7227],[162.8026,56.8115],[162.7793,57.3576],[163.1088,57.5648],[163.2139,57.6868],[163.145,57.8373],[162.7184,57.9461],[162.522,57.9041],[162.467,57.7662],[162.0396,57.9183],[161.9601,58.0769],[162.1416,58.4474],[162.453,58.7086],[163.0043,59.0202],[163.2729,59.3026],[163.269,59.52],[163.41,59.835],[163.7801,60.0411],[164.1351,59.9844],[164.3769,60.0581],[164.6697,59.9975],[164.8543,59.841],[165.0189,59.8607],[165.0846,60.0986],[165.2853,60.1349],[165.942,60.3569],[166.1802,60.4804],[166.3521,60.4848],[166.136,59.9793],[166.3318,59.8724],[166.9641,60.307],[167.2268,60.4063],[168.1375,60.5739],[168.6703,60.5629],[169.2268,60.5959],[169.6184,60.438],[169.887,60.2179],[169.9826,60.0671],[170.351,59.9655],[170.6082,60.4349],[170.9493,60.5229],[171.7295,60.8431],[172.0673,60.9157],[172.3928,61.0618],[172.7307,61.3144],[172.8565,61.4692],[173.1318,61.4066],[173.6234,61.7161],[173.8224,61.6794],[174.1389,61.7952],[174.5144,61.8236],[174.7976,61.9389],[175.1924,62.0344],[175.2679,62.1024],[176.3284,62.346],[176.7025,62.5058],[177.1595,62.561],[176.9635,62.6933],[177.0235,62.7772],[177.3597,62.737],[177.3513,62.5875],[178.0192,62.547],[179.1207,62.3204],[179.177,62.4692],[179.5705,62.6875],[179.5109,62.8628],[179.2596,63.0083],[179.3323,63.1902],[179.0281,63.2824],[178.7064,63.5215],[178.7314,63.6671],[178.6503,63.9653],[178.4514,64.0114],[178.3814,64.2609],[177.9533,64.2223],[177.4329,64.4445],[177.4672,64.7368],[177.0498,64.7192],[176.731,64.6249],[176.351,64.7051],[176.247,64.843],[177.2229,64.8617],[177.7486,64.717],[178.2854,64.6723],[178.5195,64.603],[179.15,64.7816],[179.4482,64.822],[179.8273,65.0342],[180,65.0672],[180,65.3099],[180,68.9834],[178.8483,69.3872],[177.9337,69.4956],[177.3945,69.6116],[176.9244,69.646],[176.1075,69.8603],[175.7512,69.9042],[175.2956,69.8601],[173.948,69.8741],[173.4387,69.9468],[173.2774,69.8238],[172.5596,69.9684],[171.2467,70.0761],[170.4868,70.1076],[170.5031,69.8565],[170.1609,69.6266],[170.5822,69.5834],[170.9967,69.1347],[170.9954,69.0453],[170.5376,68.8254],[169.6099,68.786],[169.3106,69.0795],[168.303,69.2715],[168.15,69.5774],[167.9501,69.6992],[167.6281,69.7403],[166.8203,69.4996],[165.7607,69.5844],[164.5133,69.6091],[164.1596,69.7193],[163.2014,69.7147],[162.3757,69.6491],[161.9451,69.5451],[161.5369,69.3795],[161.4801,69.2017],[161.5656,68.9052],[161.3651,68.823],[161.2302,68.6539],[161.129,68.6539],[161.3406,68.9052],[161.3099,68.9823],[161.0355,69.0982],[160.9107,69.6063],[159.8325,69.785],[159.7294,69.8702],[160.0064,70.3097],[159.7279,70.6497],[159.3507,70.7907],[158.7021,70.935],[158.037,71.0393],[157.4474,71.0745],[155.8952,71.0955],[155.5959,71.0386],[155.0295,71.0342],[153.7941,70.88],[152.5088,70.8345],[151.762,70.9825],[152.0928,71.0233],[151.5824,71.287],[150.9678,71.3805],[150.5998,71.5201],[150.0608,71.5108],[149.8571,71.6015],[148.9233,71.7146],[149.0487,71.7958],[149.8811,71.843],[149.9631,71.9922],[149.5016,72.1643],[148.4021,72.312],[147.434,72.3409],[147.1271,72.292],[146.368,71.9221],[145.8048,71.7465],[145.1886,71.6958],[144.9896,71.7534],[145.1258,71.9271],[145.7567,71.9413],[145.7097,72.2063],[146.2303,72.1375],[146.4017,72.0355],[146.807,72.2366],[146.5941,72.3024],[145.0392,72.2599],[144.4707,72.1748],[144.3609,72.2653],[144.7764,72.3823],[146.2348,72.3497],[146.2529,72.4422],[145.4857,72.5421],[143.5158,72.6982],[142.0614,72.7208],[141.3098,72.8577],[140.8082,72.891],[141.0793,72.5869],[140.4506,72.4931],[139.6012,72.4961],[139.1408,72.3297],[139.1764,72.1635],[139.617,72.2257],[139.8471,72.1486],[139.6402,71.9983],[139.6951,71.7004],[139.9842,71.4915],[139.2094,71.4448],[139.0049,71.5561],[138.1185,71.5662],[137.9184,71.3841],[138.0906,71.3074],[137.6506,71.2082],[137.3154,71.3594],[136.4062,71.5708],[135.8848,71.6306],[135.0224,71.515],[134.7027,71.3868],[134.1028,71.379],[133.4262,71.491],[132.5623,71.8953],[132.2276,71.6428],[131.9064,71.2026],[131.562,70.901],[131.1574,70.7422],[130.6685,70.8883],[130.2813,70.9473],[129.7619,71.1195],[128.949,71.7076],[129.4608,71.7393],[129.2103,71.9169],[128.9114,71.7553],[128.3588,72.0883],[127.8414,72.3083],[128.4752,72.2456],[128.935,72.0795],[129.2835,72.092],[129.4117,72.3155],[129.1166,72.4857],[128.6334,72.5501],[129.2504,72.7052],[129.0173,72.8725],[128.599,72.8952],[129.0537,73.0454],[128.8887,73.1902],[127.7403,73.4815],[127.0313,73.5475],[126.5525,73.3349],[126.2574,73.4198],[126.2545,73.5482],[125.6171,73.5206],[124.7963,73.7118],[124.3881,73.7548],[123.3051,73.5329],[123.3839,73.3473],[123.6223,73.1933],[123.1604,72.9549],[122.6921,72.8908],[122.0298,72.8972],[121.886,72.9609],[120.9972,72.9367],[120.5979,72.9811],[119.7504,72.9791],[118.9604,73.1173],[118.4303,73.2465],[118.4502,73.5898],[117.3086,73.5992],[116.4955,73.6761],[115.3377,73.7026],[114.816,73.6072],[114.0605,73.5847],[113.1569,73.4596],[113.4162,73.6476],[113.0328,73.9139],[112.7954,73.7461],[112.1473,73.7089],[111.4004,73.8277],[111.0563,73.9394],[110.2614,74.0174],[109.8691,73.9306],[109.7527,73.7226],[110.3883,73.726],[110.4287,73.6289],[109.8553,73.4725],[109.3311,73.4875],[109.0899,73.3784],[108.0013,73.2356],[107.7504,73.1731],[106.4779,73.1394],[106.0667,72.9499],[105.6771,72.9593],[106.1887,73.308],[106.6794,73.3307],[107.2711,73.621],[107.7654,73.625],[108.1995,73.6941],[109.075,74.0323],[109.8103,74.1692],[109.8403,74.322],[111.299,74.6584],[111.8683,74.74],[112.9249,75.015],[113.6136,75.293],[113.7262,75.4506],[112.9557,75.5719],[112.6292,75.8354],[113.6199,75.5927],[113.871,75.856],[113.5639,75.8917],[113.4277,76.1121],[112.7984,76.1296],[112.6195,76.3835],[112.0939,76.4803],[111.7861,76.6036],[111.1148,76.723],[110.4715,76.7584],[109.9812,76.7119],[109.3693,76.7492],[108.0279,76.7185],[107.6242,76.5101],[106.6388,76.5734],[107.4298,76.9266],[106.9416,77.0344],[105.712,77.0015],[104.9119,77.1747],[106.0596,77.3905],[105.8945,77.4889],[104.0146,77.7304],[103.1314,77.6265],[101.5177,77.1981],[100.9899,76.9905],[100.9204,76.8225],[101.0993,76.704],[100.8438,76.5252],[100.3224,76.4792],[98.8057,76.4807],[99.6168,76.2402],[99.5627,76.1093],[98.662,76.2427],[97.2055,76.0187],[96.8792,75.9311],[96.5086,76.0056],[95.986,76.0097],[95.9199,76.1131],[95.0385,76.1135],[94.5756,76.1518],[93.6484,76.0542],[93.1781,75.959],[93.5498,75.8541],[91.8454,75.7237],[91.4795,75.6497],[90.185,75.5911],[89.5951,75.4583],[89.3103,75.4701],[87.6714,75.1296],[87.1407,75.0723],[87.4193,74.9409],[86.6515,74.6824],[86.2013,74.8162],[85.791,74.6451],[86.7001,74.5225],[86.6647,74.4143],[86.1829,74.423],[86.0014,74.316],[86.5711,74.2438],[87.2097,73.8787],[87.5712,73.8107],[87.1201,73.615],[86.3659,73.6198],[87.0295,73.8242],[86.5914,73.8943],[85.6114,73.8216],[85.4483,73.7346],[84.7379,73.7628],[83.5447,73.6665],[81.817,73.6588],[80.5832,73.5685],[80.398,73.3568],[80.5097,73.0861],[80.8416,72.9492],[80.6563,72.712],[80.8271,72.4883],[81.2827,72.3588],[81.7929,72.3266],[82.1836,72.2375],[82.3191,72.0718],[82.6454,71.9252],[83.2003,71.8747],[83.5713,71.5944],[83.1513,71.1036],[83.5789,70.7659],[83.7359,70.5465],[83.4971,70.3453],[82.6823,70.2177],[83.0302,70.5805],[83.0511,70.8152],[82.8691,70.9548],[82.3359,70.8074],[82.2392,70.9977],[82.3229,71.26],[82.918,71.4199],[83.2336,71.6682],[82.9861,71.7487],[82.5473,71.7586],[82.0799,71.7068],[81.5112,71.7461],[80.8561,71.9702],[80.7625,72.0892],[79.9539,72.223],[79.4221,72.3808],[78.4826,72.395],[77.9682,72.3287],[77.4716,72.1921],[77.4929,72.0717],[78.0164,72.092],[78.2324,71.9523],[77.5508,71.8421],[76.8714,72.033],[76.4217,72.006],[76.0324,71.9104],[76.3121,71.5955],[77.4811,71.3116],[77.9084,71.3241],[78.2126,71.2663],[78.5258,70.9118],[78.0683,70.9863],[77.5896,71.1679],[76.1104,71.2186],[75.332,71.3417],[75.2803,71.4301],[75.5032,71.6546],[75.2475,71.8134],[75.5502,72.1708],[75.7414,72.2962],[75.6035,72.5811],[75.3693,72.7966],[74.7868,72.8119],[75.0971,72.4207],[74.9922,72.1448],[74.3112,71.9578],[73.6718,71.8451],[73.0862,71.4449],[73.5072,71.2635],[74.3109,70.6536],[74.2067,70.4455],[73.8302,70.1757],[73.5602,69.7072],[73.8909,69.418],[73.7757,69.1982],[73.9774,69.1146],[74.3626,69.1446],[74.8148,69.0906],[75.42,69.2386],[76.001,69.2351],[77.6507,68.903],[77.9951,68.2595],[77.6648,68.1904],[77.5359,68.0077],[77.5883,67.7519],[78.9225,67.5891],[77.9855,67.5592],[77.6751,67.5896],[77.1744,67.7785],[77.2484,67.941],[77.2385,68.4696],[77.1117,68.5962],[76.7351,68.7769],[76.4592,68.9783],[76.1075,68.9757],[75.1246,68.8617],[74.5796,68.7512],[74.3914,68.4206],[74.7427,68.0735],[74.7695,67.7664],[74.0745,67.4141],[73.7921,66.9953],[73.3416,66.8068],[72.4174,66.5608],[72.3216,66.3321],[71.917,66.2467],[71.5656,66.3337],[71.1455,66.3667],[70.3395,66.3424],[69.1943,66.5787],[69.0135,66.7883],[69.2178,66.8286],[69.8771,66.8455],[70.3828,66.6025],[70.7249,66.5194],[70.9395,66.5481],[71.5512,66.7604],[71.3652,66.9615],[71.8475,67.0076],[72.5943,67.587],[72.9487,67.6962],[73.1521,67.865],[73.1395,68.1813],[73.4652,68.4308],[73.548,68.5745],[72.8119,68.8152],[72.5273,69.0805],[72.6156,69.484],[72.5297,70.1725],[72.4694,70.275],[72.7,70.4573],[72.7316,70.8229],[72.5813,71.1511],[72.0793,71.3067],[71.912,71.5479],[72.2795,71.6955],[72.6244,72.0794],[72.7529,72.3432],[72.8121,72.6914],[72.4464,72.7903],[71.9296,72.8197],[71.5002,72.9137],[70.6554,72.8904],[69.6451,72.8976],[69.3914,72.9555],[69.0391,72.6699],[68.6074,72.0127],[68.2692,71.6828],[67.5418,71.412],[66.9176,71.2824],[66.8471,71.0637],[66.6661,70.9006],[66.8225,70.7974],[67.2848,70.7387],[67.1465,70.2199],[67.2393,70.1081],[66.9264,70.0143],[66.804,69.6592],[67.0645,69.6937],[68.0059,69.48],[68.1174,69.2362],[68.5428,68.9671],[68.7629,68.9174],[69.1405,68.9506],[68.8295,68.5674],[68.5042,68.3484],[67.7308,68.5137],[67.1492,68.754],[67.0024,68.8736],[66.4161,68.9479],[65.7357,69.1323],[65.0315,69.2698],[64.1904,69.5347],[63.3614,69.6753],[62.6313,69.7431],[61.7705,69.763],[61.0159,69.8515],[60.1706,69.5909],[60.6646,69.1103],[60.9336,68.9868],[60.4892,68.729],[59.896,68.7063],[59.8974,68.4219],[59.6043,68.3511],[59.099,68.4443],[59.1123,68.6163],[59.3705,68.7384],[58.9189,69.0038],[58.173,68.8897],[57.1269,68.554],[56.0437,68.6489],[55.4181,68.5678],[54.923,68.3738],[54.8613,68.2019],[54.5612,68.273],[53.9679,68.2273],[53.2605,68.2675],[53.3426,68.3432],[53.9309,68.4355],[53.7589,68.634],[53.9706,68.8443],[53.802,68.9959],[52.6836,68.7312],[52.5501,68.5924],[52.6697,68.4268],[51.9947,68.5388],[51.3361,68.4024],[50.8389,68.35],[49.9313,68.0651],[49.1553,67.8704],[48.6957,67.8742],[48.8779,67.7313],[47.8747,67.5842],[47.9082,67.4547],[47.7681,67.2756],[47.7091,67.045],[47.4965,66.9298],[46.6908,66.8255],[45.986,66.8531],[45.5622,67.1856],[44.9395,67.3508],[44.9395,67.4774],[45.5287,67.7576],[46.6904,67.8488],[46.6836,67.9705],[45.892,68.4797],[45.0781,68.5782],[44.048,68.5488],[43.472,68.6798],[43.404,68.6085],[44.1691,68.3271],[44.2254,67.9956],[43.7824,67.2545],[44.2918,67.0997],[44.4039,67.0042],[44.4887,66.6718],[44.0972,66.2351],[44.1044,66.0086],[43.6531,66.251],[43.2332,66.4155],[42.6021,66.4225],[42.2105,66.5197],[41.7809,66.2593],[41.4758,66.1234],[40.6916,65.9634],[40.3278,65.7517],[39.8165,65.5979],[39.798,65.3499],[40.2813,64.9981],[40.4449,64.7787],[40.0578,64.7708],[39.758,64.5771],[39.5674,64.5706],[39.0535,64.7139],[38.5409,64.7913],[38.4121,64.8571],[38.0094,64.8788],[37.5281,65.1083],[37.1408,65.1943],[36.8828,65.1724],[36.7859,64.9872],[36.5282,64.8474],[37.1837,64.4085],[37.7406,64.397],[37.9537,64.3201],[38.0708,64.0258],[37.968,63.9491],[37.4422,63.8134],[36.3649,64.0028],[36.1465,64.189],[35.6471,64.3783],[35.432,64.3468],[35.0354,64.4402],[34.8695,64.56],[34.8035,64.986],[34.4064,65.3958],[34.6157,65.5099],[34.7863,65.8646],[34.3998,66.1284],[34.1127,66.2252],[33.5667,66.321],[33.656,66.4426],[33.2174,66.5316],[33.1806,66.6799],[32.9287,66.7041],[32.4637,66.9163],[32.3999,67.1527],[32.9305,67.0868],[32.8476,67.0215],[33.1502,66.8439],[33.482,66.7646],[34.8246,66.6111],[35.5135,66.3958],[36.3734,66.3023],[36.7699,66.2936],[37.2948,66.225],[37.6282,66.1296],[38.3976,66.0645],[39.2891,66.132],[40.1033,66.3],[40.5216,66.4466],[41.189,66.8262],[41.3588,67.2097],[41.1339,67.2669],[40.9664,67.7135],[40.3807,67.8319],[40.0357,68.0154],[39.5689,68.0717],[38.8315,68.3249],[38.4302,68.3556],[37.7306,68.6921],[35.8579,69.1917],[35.2898,69.2754],[34.864,69.2281],[34.2294,69.3131],[33.6844,69.3103],[33.4543,69.4282],[32.6368,69.4895],[32.3777,69.4791],[32.1768,69.674],[32.7543,69.6057],[32.9417,69.7519],[32.5654,69.8065],[31.9846,69.9537],[31.4527,69.6896],[31.0495,69.7692],[30.4844,69.7949],[29.7921,69.7279],[29.6359,69.7801],[29.6014,69.9768],[28.8043,70.0925],[28.7812,70.1454],[29.9259,70.0965],[30.9441,70.2744],[30.9264,70.4011],[30.5959,70.5237],[30.2132,70.5433],[30.0651,70.703],[29.7965,70.6425],[29.1023,70.8607],[28.6094,70.7597],[28.4373,70.5014],[28.2027,70.5769],[28.3923,70.9753],[27.5971,71.0913],[27.2353,70.9472],[27.5557,70.8274],[27.1837,70.744],[26.9894,70.5114],[26.584,70.4538],[26.734,70.8536],[26.5069,70.9128],[25.4705,70.3406],[25.2118,70.1365],[24.9942,70.2182],[25.2735,70.5524],[25.7682,70.8532],[24.658,71.001],[24.2635,70.8263],[24.42,70.702],[24.0385,70.4854],[23.6612,70.3998],[23.0465,70.1019],[22.9412,70.305],[22.6846,70.3748],[21.9955,70.2934],[21.4004,70.1745],[21.8027,70.0661],[21.9747,69.8346],[21.2537,70.0032],[21.1631,69.8895],[20.6221,69.9139],[20.0689,69.8834],[19.1973,69.7479],[18.9911,69.5611],[18.2932,69.4751],[18.0787,69.3252],[18.1015,69.1563],[17.7046,69.1],[17.3908,68.7994],[17.1312,68.6935],[16.6519,68.6258],[16.5849,68.4665],[16.1748,68.2813],[16.3722,68.0618],[16.1208,68.0273],[16.0646,68.1999],[15.6566,68.1644],[15.316,68.0688],[14.7989,67.8093],[14.7813,67.6749],[15.2187,67.6554],[14.755,67.499],[14.4483,67.2979],[15.4348,67.2467],[14.1088,67.1192],[13.6211,66.7948],[13.3118,66.7019],[13.1047,66.5394],[13.1188,66.2307],[12.7838,66.1004],[12.9761,66.0192],[12.2729,65.5682],[12.1222,65.3624],[12.1597,65.179],[11.3499,64.9059],[11.2254,64.6795],[10.834,64.4945],[10.5656,64.4183],[10.2362,64.1796],[10.01,64.0832],[9.708,63.8649],[9.924,63.5218],[10.3392,63.571],[10.9349,63.7702],[10.9143,63.9211],[11.1756,63.8989],[11.3707,63.8048],[10.7253,63.625],[10.7602,63.4613],[10.0806,63.4327],[9.6969,63.6246],[9.3236,63.5704],[8.8424,63.6459],[8.3981,63.5351],[8.5938,63.4261],[8.5802,63.3134],[8.2715,63.2866],[8.1006,63.091],[7.5719,63.0995],[7.0085,62.9577],[6.7815,62.7896],[6.78,62.7007],[7.2421,62.7523],[7.2838,62.6023],[6.7446,62.6379],[6.3529,62.6111],[6.1185,62.4472],[5.5333,62.3109],[5.3577,62.1517],[5.1432,62.1599],[5.1596,61.957],[5.473,61.9456],[6.1312,61.8524],[6.0158,61.7875],[5.4653,61.8969],[4.9851,61.9004],[4.9278,61.7107],[5.2583,61.4555],[5.0027,61.4336],[5.0217,61.2506],[5.3246,61.1083],[5.0086,61.0382],[5.0491,60.7075],[5.244,60.5696],[5.1371,60.4456],[5.1836,60.3084],[5.4945,60.0703],[5.2057,60.0879],[5.1192,59.8337],[5.2345,59.6918],[5.4945,59.8256],[6.1533,60.3462],[6.1118,60.1321],[5.7305,59.8631],[5.8673,59.734],[5.7722,59.6609],[5.4725,59.7131],[5.3049,59.6426],[5.1851,59.4537],[5.1316,59.2265],[5.3623,59.1664],[5.5641,59.2912],[5.8452,59.3535],[5.9686,59.1861],[5.8543,58.9595],[5.5556,58.9752],[5.5173,58.7265],[5.7068,58.5236],[6.3891,58.268],[6.6599,58.2627],[7.0049,58.0242],[7.4659,58.0209],[8.1661,58.1453],[8.5214,58.3006],[8.9284,58.57],[9.6185,58.946],[10.1794,59.0093],[10.4313,59.2796],[10.3981,59.5193],[10.6344,59.6025],[10.6449,59.3892],[10.8345,59.1839],[11.1958,59.0783],[11.2716,58.4756],[11.4315,58.34],[11.4493,58.1184],[11.7032,57.9732],[11.735,57.7177],[11.8787,57.6794],[11.9615,57.4261],[12.4215,56.9064],[12.7176,56.6628],[12.8837,56.6177],[12.8574,56.4524],[12.6564,56.4406],[12.8017,56.2639],[12.5926,56.1376],[12.978,55.6938],[12.8858,55.4114],[13.3214,55.3464],[13.8063,55.4286],[14.1737,55.3966],[14.3417,55.5277],[14.2029,55.7292],[14.215,55.8326],[14.5586,56.0486],[14.7548,56.0332],[14.782,56.1619],[15.3266,56.1508],[15.6266,56.1856],[15.8267,56.125],[15.9967,56.2226],[16.1507,56.5008],[16.3487,56.7093],[16.5279,57.0682],[16.476,57.2651],[16.6522,57.5007],[16.5554,57.8123],[16.6949,57.9175],[16.7001,58.1608],[16.7699,58.2143],[16.652,58.4343],[16.9238,58.4926],[16.6394,58.6512],[16.9781,58.6542],[17.4567,58.8584],[18.2854,59.1094],[18.5089,59.408],[18.1326,59.3162],[17.9798,59.3291]],[[50.6799,46.9387],[51.178,47.1102],[51.6501,47.0181],[51.7445,46.9337],[52.1888,46.8395],[52.4832,46.9907],[52.916,46.9544],[53.0694,46.8561],[53.1702,46.669],[53.0785,46.5475],[53.1353,46.1917],[53.0416,45.9679],[52.7738,45.5728],[52.8375,45.4967],[53.0857,45.4074],[53.0789,45.3075],[52.5311,45.3986],[51.7326,45.3995],[51.4157,45.3579],[51.2499,45.1217],[51.0403,44.9803],[51.0579,44.8116],[51.3767,44.5412],[51.1771,44.5014],[50.8604,44.6288],[50.4095,44.624],[50.2975,44.5815],[50.2525,44.4065],[50.3312,44.3255],[50.685,44.2651],[50.8308,44.1928],[50.9398,43.9585],[51.1396,43.6488],[51.3018,43.4824],[51.2954,43.1741],[51.616,43.1584],[51.8441,42.9104],[51.9607,42.8506],[52.1837,42.8688],[52.5966,42.7602],[52.6184,42.4282],[52.4621,42.1006],[52.4938,41.7804],[52.6094,41.5294],[52.8302,41.3419],[52.8835,41.6525],[52.8148,41.7118],[52.97,41.9762],[53.1642,42.0938],[53.6249,42.1364],[53.8465,42.0912],[54.0948,41.5194],[54.2846,41.3637],[54.5922,41.1936],[54.7037,41.0711],[54.7101,40.8911],[54.5471,40.8323],[54.3194,40.8346],[54.193,40.7204],[53.87,40.6487],[53.7638,40.6657],[53.6152,40.8185],[53.3329,40.7827],[53.1452,40.825],[52.9435,41.0381],[52.8499,40.6856],[52.7337,40.3987],[52.7444,40.2198],[52.8982,39.9125],[52.9875,39.9876],[53.4042,39.9604],[53.4873,39.9094],[53.4723,39.6688],[53.3896,39.5364],[53.2356,39.6085],[53.1248,39.4321],[53.2033,39.3168],[53.3363,39.3408],[53.6176,39.216],[53.8687,38.9493],[53.84,38.5149],[53.8541,38.2856],[53.8235,37.9279],[53.8479,37.6696],[54.0172,36.9525],[53.9701,36.8183],[53.7677,36.9303],[53.3741,36.8688],[52.1901,36.6217],[51.762,36.6145],[51.1186,36.7426],[50.9274,36.8102],[50.5332,37.0137],[50.3379,37.1492],[50.1305,37.4071],[49.727,37.4805],[49.4701,37.4967],[49.1712,37.6006],[49.081,37.6676],[48.96,37.8901],[48.8707,38.3925],[48.8509,38.8153],[49.0135,39.134],[49.1998,39.0727],[49.2693,39.2852],[49.3628,39.3496],[49.3244,39.6084],[49.4773,40.0873],[49.5512,40.1941],[49.9188,40.3164],[50.1432,40.3232],[50.3068,40.4122],[49.9906,40.5768],[49.776,40.584],[49.5562,40.7163],[49.2265,41.0262],[49.1066,41.3017],[48.6646,41.7866],[48.3838,41.9534],[48.2286,42.181],[47.8224,42.6135],[47.7091,42.8109],[47.4632,43.0351],[47.5129,43.2188],[47.509,43.5097],[47.6278,43.806],[47.4292,43.7799],[47.3615,43.9934],[47.2299,44.1924],[47.0236,44.3433],[46.753,44.4207],[46.7553,44.6565],[47.1147,44.906],[47.2215,45.0243],[47.4887,45.4551],[47.5242,45.6017],[47.7011,45.6862],[47.8302,45.663],[48.1592,45.737],[48.487,45.9349],[48.6896,45.8889],[48.6837,46.0862],[49.0796,46.1892],[49.3475,46.5191],[49.7605,46.5715],[49.9998,46.6343],[50.4193,46.8795],[50.6799,46.9387]]]},"properties":{"scalerank":0,"featurecla":"Land","min_zoom":0}},
{"type":"Feature","geometry":{"type":"Polygon","coordinates":[[[145.8815,43.4595],[145.8939,43.4198],[145.9436,43.4265],[145.9312,43.457],[145.8815,43.4595]]]},"properties":{"scalerank":0,"featurecla":"Land","min_zoom":4}},
{"type":"Feature","geometry":{"type":"Polygon","coordinates":[[[146.3588,43.6254],[146.3102,43.6519],[146.2882,43.6254],[146.3588,43.6254]]]},"properties":{"scalerank":0,"featurecla":"Land","min_zoom":4}},
{"type":"Feature","geometry":{"type":"Polygon","coordinates":[[[146.0456,43.4093],[146.0863,43.4292],[146.0886,43.449],[146.028,43.4204],[146.0456,43.4093]]]},"properties":{"scalerank":0,"featurecla":"Land","min_zoom":4}},
{"type":"Feature","geometry":{"type":"Polygon","coordinates":[[[-159.7405,-21.2492],[-159.7684,-21.1885],[-159.832,-21.2005],[-159.8396,-21.2381],[-159.7405,-21.2492]]]},"properties":{"scalerank":0,"featurecla":"Land","min_zoom":4}},
{"type":"Feature","geometry":{"type":"Polygon","coordinates":[[[-172.4791,-8.5808],[-172.4873,-8.5562],[-172.4987,-8.5479],[-172.4837,-8.5829],[-172.4791,-8.5808]]]},"properties":{"scalerank":0,"featurecla":"Land","min_zoom":4}},
{"type":"Feature","geometry":{"type":"Polygon","coordinates":[[[-171.1864,-9.3555],[-171.1944,-9.3388],[-171.2,-9.3447],[-171.1864,-9.3555]]]},"properties":{"scalerank":0,"featurecla":"Land","min_zoom":4}},
{"type":"Feature","geometry":{"type":"Polygon","coordinates":[[[-172.2146,-4.5111],[-172.2122,-4.4939],[-172.2283,-4.507],[-172.2146,-4.5111]]]},"properties":{"scalerank":0,"featurecla":"Land","min_zoom":4}},
{"type":"Feature","geometry":{"type":"Polygon","coordinates":[[[-171.6976,-2.7664],[-171.6602,-2.7985],[-171.6397,-2.8292],[-171.6385,-2.8467],[-171.6784,-2.8245],[-171.6706,-2.8444],[-171.6474,-2.8556],[-171.6276,-2.847],[-171.6396,-2.8112],[-171.665,-2.7855],[-171.6976,-2.7664]]]},"properties":{"scalerank":0,"featurecla":"Land","min_zoom":4}},
{"type":"Feature","geometry":{"type":"Polygon","coordinates":[[[-171.0852,-3.1354],[-171.081,-3.1204],[-171.0877,-3.115],[-171.0967,-3.1369],[-171.0852,-3.1354]]]},"properties":{"scalerank":0,"featurecla":"Land","min_zoom":4}},
{"type":"Feature","geometry":{"type":"Polygon","coordinates":[[[-171.2332,-4.4635],[-171.2394,-4.4441],[-171.2524,-4.4416],[-171.2618,-4.4598],[-171.2332,-4.4635]]]},"properties":{"scalerank":0,"featurecla":"Land","min_zoom":4}},
{"type":"Feature","geometry":{"type":"Polygon","coordinates":[[[-174.5129,-4.6751],[-174.5314,-4.6595],[-174.5331,-4.6653],[-174.501,-4.6947],[-174.5011,-4.6884],[-174.5129,-4.6751]]]},"properties":{"scalerank":0,"featurecla":"Land","min_zoom":4}},
{"type":"Feature","geometry":{"type":"Polygon","coordinates":[[[-154.9562,-4.088],[-154.9512,-4.0311],[-155.015,-4.048],[-154.9562,-4.088]]]},"properties":{"scalerank":0,"featurecla":"Land","min_zoom":4}},
{"type":"Feature","geometry":{"type":"Polygon","coordinates":[[[-151.7826,-11.441],[-151.8028,-11.3927],[-151.8191,-11.4093],[-151.8067,-11.4513],[-151.7826,-11.441]]]},"properties":{"scalerank":0,"featurecla":"Land","min_zoom":4}},
{"type":"Feature","geometry":{"type":"Polygon","coordinates":[[[-155.8638,-5.6267],[-155.8723,-5.6113],[-155.9286,-5.6076],[-155.9144,-5.6316],[-155.8638,-5.6267]]]},"properties":{"scalerank":0,"featurecla":"Land","min_zoom":4}},
{"type":"Feature","geometry":{"type":"Polygon","coordinates":[[[-178.5351,-19.166],[-178.5741,-19.1432],[-178.5959,-19.1514],[-178.5463,-19.175],[-178.5351,-19.166]]]},"properties":{"scalerank":0,"featurecla":"Land","min_zoom":4}},
{"type":"Feature","geometry":{"type":"Polygon","coordinates":[[[-179.7999,-18.9403],[-179.8311,-18.9242],[-179.8562,-18.9433],[-179.7976,-18.9698],[-179.7999,-18.9403]]]},"properties":{"scalerank":0,"featurecla":"Land","min_zoom":4}},
{"type":"Feature","geometry":{"type":"Polygon","coordinates":[[[-178.7116,-20.6678],[-178.7246,-20.6457],[-178.7306,-20.6528],[-178.7231,-20.6668],[-178.7116,-20.6678]]]},"properties":{"scalerank":0,"featurecla":"Land","min_zoom":4}},
{"type":"Feature","geometry":{"type":"Polygon","coordinates":[[[-78.8042,-33.6465],[-78.8883,-33.5764],[-78.9833,-33.6678],[-78.8042,-33.6465]]]},"properties":{"scalerank":0,"featurecla":"Land","min_zoom":3}},
{"type":"Feature","geometry":{"type":"Polygon","coordinates":[[[-14.3644,-7.9743],[-14.3025,-7.9354],[-14.3836,-7.8826],[-14.4149,-7.9437],[-14.3644,-7.9743]]]},"properties":{"scalerank":0,"featurecla":"Land","min_zoom":4}},
{"type":"Feature","geometry":{"type":"Polygon","coordinates":[[[72.7804,11.2025],[72.7879,11.2159],[72.7959,11.2604],[72.7818,11.2433],[72.7725,11.2143],[72.7804,11.2025]]]},"properties":{"scalerank":0,"featurecla":"Land","min_zoom":4}},
{"type":"Feature","geometry":{"type":"Polygon","coordinates":[[[73.0674,8.2691],[73.0798,8.2931],[73.0752,8.3063],[73.0559,8.2746],[73.0674,8.2691]]]},"properties":{"scalerank":0,"featurecla":"Land","min_zoom":4}},
{"type":"Feature","geometry":{"type":"Polygon","coordinates":[[[73.4166,3.2313],[73.4428,3.2743],[73.4016,3.2888],[73.382,3.2465],[73.4166,3.2313]]]},"properties":{"scalerank":0,"featurecla":"Land","min_zoom":4}},
{"type":"Feature","geometry":{"type":"Polygon","coordinates":[[[73.5122,4.1646],[73.5283,4.2433],[73.5041,4.2346],[73.473,4.1707],[73.5122,4.1646]]]},"properties":{"scalerank":0,"featurecla":"Land","min_zoom":4}},
{"type":"Feature","geometry":{"type":"Polygon","coordinates":[[[131.1724,3.0262],[131.1724,3.0606],[131.1367,3.0395],[131.1724,3.0262]]]},"properties":{"scalerank":0,"featurecla":"Land","min_zoom":4}},
{"type":"Feature","geometry":{"type":"Polygon","coordinates":[[[151.6478,7.3462],[151.6295,7.3904],[151.6043,7.3572],[151.6478,7.3462]]]},"properties":{"scalerank":0,"featurecla":"Land","min_zoom":4}},
{"type":"Feature","geometry":{"type":"Polygon","coordinates":[[[151.8814,7.432],[151.9126,7.4539],[151.8653,7.4662],[151.8814,7.432]]]},"properties":{"scalerank":0,"featurecla":"Land","min_zoom":4}},
{"type":"Feature","geometry":{"type":"Polygon","coordinates":[[[166.8903,11.1531],[166.8881,11.1687],[166.8589,11.1663],[166.8645,11.1462],[166.8903,11.1531]]]},"properties":{"scalerank":0,"featurecla":"Land","min_zoom":4}},
{"type":"Feature","geometry":{"type":"Polygon","coordinates":[[[177.1215,-12.5055],[177.1181,-12.4823],[177.0676,-12.477],[177.0824,-12.5156],[177.1215,-12.5055]]]},"properties":{"scalerank":0,"featurecla":"Land","min_zoom":4}},
{"type":"Feature","geometry":{"type":"Polygon","coordinates":[[[174.6297,-21.695],[174.6042,-21.6675],[174.593,-21.7023],[174.6297,-21.695]]]},"properties":{"scalerank":0,"featurecla":"Land","min_zoom":4}},
{"type":"Feature","geometry":{"type":"Polygon","coordinates":[[[179.2137,-8.5242],[179.2116,-8.4881],[179.1979,-8.4887],[179.2009,-8.5121],[179.2137,-8.5242]]]},"properties":{"scalerank":0,"featurecla":"Land","min_zoom":4}},
{"type":"Feature","geometry":{"type":"Polygon","coordinates":[[[178.6948,-7.4835],[178.6898,-7.4738],[178.6742,-7.4802],[178.6871,-7.494],[178.6948,-7.4835]]]},"properties":{"scalerank":0,"featurecla":"Land","min_zoom":4}},
{"type":"Feature","geometry":{"type":"Polygon","coordinates":[[[178.3897,-8.0458],[178.3707,-8.0606],[178.3771,-8.0685],[178.3897,-8.0458]]]},"properties":{"scalerank":0,"featurecla":"Land","min_zoom":4}},
{"type":"Feature","geometry":{"type":"Polygon","coordinates":[[[169.5511,-0.8737],[169.5387,-0.8469],[169.5229,-0.8656],[169.5511,-0.8737]]]},"properties":{"scalerank":0,"featurecla":"Land","min_zoom":4}},
{"type":"Feature","geometry":{"type":"Polygon","coordinates":[[[-128.2901,-24.3974],[-128.3036,-24.3336],[-128.3502,-24.3402],[-128.3207,-24.3997],[-128.2901,-24.3974]]]},"properties":{"scalerank":0,"featurecla":"Land","min_zoom":4}},
{"type":"Feature","geometry":{"type":"Polygon","coordinates":[[[-166.1099,66.2274],[-165.9423,66.2782],[-166.0325,66.2777],[-166.1465,66.2372],[-166.1099,66.2274]]]},"properties":{"scalerank":0,"featurecla":"Land","min_zoom":4}},
{"type":"Feature","geometry":{"type":"Polygon","coordinates":[[[-86.714,21.2393],[-86.7391,21.28],[-86.7529,21.2788],[-86.7364,21.2333],[-86.714,21.2393]]]},"properties":{"scalerank":0,"featurecla":"Land","min_zoom":4}},
{"type":"Feature","geometry":{"type":"Polygon","coordinates":[[[54.4654,24.4428],[54.3983,24.5063],[54.3577,24.4428],[54.4654,24.4428]]]},"properties":{"scalerank":0,"featurecla":"Land","min_zoom":4}},
{"type":"Feature","geometry":{"type":"Polygon","coordinates":[[[-81.7838,24.5446],[-81.7397,24.5545],[-81.7677,24.5767],[-81.7838,24.5446]]]},"properties":{"scalerank":0,"featurecla":"Land","min_zoom":4}},
{"type":"Feature","geometry":{"type":"Polygon","coordinates":[[[124.7445,37.9806],[124.6611,37.9734],[124.6967,37.9202],[124.7445,37.9806]]]},"properties":{"scalerank":0,"featurecla":"Land","min_zoom":4}}
]}
